problem_id,equation1,equation2,answer,correct,response
hard2_0001,x * (y * z) = (y * w) * w,x * (y * y) = (z * w) * u,False,False,"REASONING:
STEP 0: BARE CHECK
Equation A: x * (y * z) = (y * w) * w
Left side: x * (y * z) (contains *)
Right side: (y * w) * w (contains *)
bare(A) = FALSE.

CPLEMMA:
Rename A vars by first appearance: x, y, z, w.
(i) Left = x * (y * z). This is not of the form x * y (two distinct single vars).
CPLEMMA does not fire.

CPLEMMA-B:
x = first var (x).
(i) Left root = x * E where E = (y * z). E contains no x. (Qualifies).
(ii) x absent from right side (y * w) * w. (Qualifies).
CPLEMMA-B fires.
Collapse B: Every product → c, lone var stays.
Equation B: x * (y * y) = (z * w) * u
Left side: x * (y * y) → c
Right side: (z * w) * u → c
Both sides collapse to 'c'.

Since both sides of B collapse to the same symbol under the CPLEMMA-B rule, the result is TRUE.

PROOF:
The equation x * (y * z) = (y * w) * w implies that the operation is essentially constant. Specifically, for any terms P and Q, P * Q = C for some constant C. In any magma where x * (y * z) = (y * w) * w holds, the product of any two elements is independent of the elements themselves. Thus, x * (y * y) = C and (z * w) * u = C, making Equation 2 hold.

COUNTEREXAMPLE:

VERDICT: TRUE"
hard2_0002,x = y * ((y * (y * x)) * x),x = (y * (z * y)) * (y * x),False,True,"REASONING:
STEP 0: BARE CHECK
Equation A: $x = y * ((y * (y * x)) * x)$
Left side: $x$ (single variable) $\rightarrow$ YES.
Right side: $y * ((y * (y * x)) * x)$ (contains $*$) $\rightarrow$ NO.
bare(A) = TRUE.
Lone variable $x$ is on the LEFT. Product side is the RHS.

PART A: PROJECTION
Root factors of RHS: $y$ and $((y * (y * x)) * x)$.
The right factor contains $*$, so no projection applies. Go to PART B.

STEP 0B: BARE-SOURCE MOTIFS
PART B: MOTIF FEATURES (Product side: $y * ((y * (y * x)) * x)$)
- rhsVars: $\{x, y\} \rightarrow 2$
- rhsTotals: $x$ appears 2 times, $y$ appears 3 times $\rightarrow$ ""23""
- Lx: Leftmost leaf is $y \rightarrow$ FALSE
- Rx: Rightmost leaf is $x \rightarrow$ TRUE
- topShape: Left child $y$ (variable), Right child $((y * (y * x)) * x)$ (magma) $\rightarrow$ v-m
- xTop: $x$ is in the right child $\rightarrow$ right
- square: No subterm of form $u*u$ $\rightarrow$ FALSE

PART C: MOTIF TABLE
- M1: rhsVars=4 (No, 2)
- M2: rhsTotals=113 (No, 23)
- M3: Lx=F (Yes), xTop=left (No, right)
- M4: rhsTotals=112 (No, 23)
- M5: rhsTotals=1112 (No, 23)
- M6: rhsVars=3 (No, 2)
- M7: rhsVars=3 (No, 2)
- M8: rhsTotals=122 (No, 23)
- M9: rhsTotals=122 (No, 23)
- M10: rhsTotals=1112 (No, 23)
No motif fires.

PART D: EXTENDED BARE RULES
- ER-2b: rhsVars $\ge 4$ (No, 2)
No rule fires. Go to STEP 1.

STEP 1: FEATURES
Equation A: $x = y * ((y * (y * x)) * x)$
- size(A): $1 + 5 = 6$
- vars(A): 2 $\{x, y\}$
- bare(A): TRUE
- LP(A): Leftmost A.lhs=$x$, A.rhs=$y \rightarrow$ FALSE
- RP(A): Rightmost A.lhs=$x$, A.rhs=$x \rightarrow$ TRUE
- SET(A): $\{x\} = \{x, y\} \rightarrow$ FALSE
- XOR(A): $x: 1$ vs $2$ (diff), $y: 0$ vs $3$ (diff) $\rightarrow$ FALSE
- AB(A): $x: 1$ vs $2$, $y: 0$ vs $3 \rightarrow$ FALSE
- imb(A): $|1-2| + |0-3| = 1 + 3 = 4$

Equation B: $x = (y * (z * y)) * (y * x)$
- size(B): $1 + 6 = 7$
- vars(B): 3 $\{x, y, z\}$
- bare(B): TRUE
- LP(B): Leftmost B.lhs=$x$, B.rhs=$y \rightarrow$ FALSE
- RP(B): Rightmost B.lhs=$x$, B.rhs=$x \rightarrow$ TRUE
- SET(B): $\{x\} = \{x, y, z\} \rightarrow$ FALSE
- XOR(B): $x: 1$ vs $1$ (same), $y: 0$ vs $3$ (diff), $z: 0$ vs $1$ (diff) $\rightarrow$ FALSE
- AB(B): $x: 1$ vs $1$, $y: 0$ vs $3$, $z: 0$ vs $1 \rightarrow$ FALSE
- imb(B): $|1-1| + |0-3| + |0-1| = 0 + 3 + 1 = 4$

STEP 2: SEPARATOR TESTS
- LP(A)=F, LP(B)=F $\rightarrow$ OK
- RP(A)=T, RP(B)=T $\rightarrow$ OK
- SET(A)=F, SET(B)=F $\rightarrow$ OK
- XOR(A)=F, XOR(B)=F $\rightarrow$ OK
- AB(A)=F, AB(B)=F $\rightarrow$ OK

STEP 2B: AFFINE PROBES
P1: $u*v = v + 1 \pmod 3$
A.lhs: $x$
A.rhs: $y * ((y * (y * x)) * x) \rightarrow ((y * (y * x)) * x) + 1 \rightarrow (x + 1) + 1 = x + 2 \pmod 3$.
$x \neq x + 2 \pmod 3$. Probe P1 not valid for A.

P2: $u*v = u + 1 \pmod 3$
A.lhs: $x$
A.rhs: $y * ((y * (y * x)) * x) \rightarrow y + 1 \pmod 3$.
$x \neq y + 1 \pmod 3$. Probe P2 not valid for A.

P3: $u*v = u + v \pmod 3$
A.lhs: $x$
A.rhs: $y + (y + (y + x) + x) = 3y + 2x = 2x \pmod 3$.
$x \neq 2x \pmod 3$. Probe P3 not valid for A.

P4: $u*v = u - v \pmod 3$
A.lhs: $x$
A.rhs: $y - ((y - (y - x)) - x) = y - (x - x) = y \pmod 3$.
$x \neq y \pmod 3$. Probe P4 not valid for A.

P5: $u*v = -u - v \pmod 3$
A.lhs: $x$
A.rhs: $-y - (-(y - (y - x)) - x) = -y - (-y + (y - x) - x) = -y - (-2x) = 2x - y \pmod 3$.
$x \neq 2x - y \pmod 3$. Probe P5 not valid for A.

P6: $u*v = -u + 2v \pmod 4$
A.lhs: $x$
A.rhs: $-y + 2((y * (y * x)) * x) = -y + 2(-(y * (y * x)) + 2x) = -y - 2(y * (y * x)) + 4x = -y - 2(-y + 2(y * x)) = -y + 2y - 4(y * x) = y \pmod 4$.
$x \neq y \pmod 4$. Probe P6 not valid for A.

P7: $u*v = u + 2v \pmod 4$
A.lhs: $x$
A.rhs: $y + 2((y * (y * x)) * x) = y + 2((y * (y * x)) + 2x) = y + 2(y * (y * x)) + 4x = y + 2(y + 2(y * x)) = y + 2y + 4(y * x) = 3y \pmod 4$.
$x \neq 3y \pmod 4$. Probe P7 not valid for A.

P8: $u*v = 2u + v \pmod 4$
A.lhs: $x$
A.rhs: $2y + ((y * (y * x)) * x) = 2y + (2(y * (y * x)) + x) = 2y + 2(2y + (y * x)) + x = 2y + 4y + 2(2y + x) + x = 2y + 4y + 4y + 2x + x = 2y + 3x \pmod 4$.
$x \neq 2y + 3x \pmod 4$. Probe P8 not valid for A.

P9: $u*v = 2u + v + 1 \pmod 4$
A.lhs: $x$
A.rhs: $2y + ((y * (y * x)) * x) + 1 = 2y + (2(y * (y * x)) + x + 1) + 1 = 2y + 2(2y + (y * x) + 1) + x + 2 = 2y + 4y + 2(y * x) + 2 + x + 2 = 2y + 2(2y + x + 1) + x = 2y + 4y + 2x + 2 + x = 2y + 3x + 2 \pmod 4$.
$x \neq 2y + 3x + 2 \pmod 4$. Probe P9 not valid for A.

P10: $u*v = -2u - 2v \pmod 5$
A.lhs: $x$
A.rhs: $-2y - 2((y * (y * x)) * x) = -2y - 2(-2(y * (y * x)) - 2x) = -2y + 4(y * (y * x)) + 4x = -2y + 4(-2y - 2(y * x)) + 4x = -2y - 8y - 8(y * x) + 4x = -10y - 8(y * x) + 4x = 2(y * x) + 4x = 2(-2y - 2x) + 4x = -4y - 4x + 4x = -4y = y \pmod 5$.
$x \neq y \pmod 5$. Probe P10 not valid for A.

STEP 3: FALSE GUARDS
- FG-1: bare(A)=T (Yes), bare(B)=T (No, B is bare, but FG-1 requires bare(B)=F) $\rightarrow$ No.
- FG-2: bare(A)=T (Yes), vars(A)=2 (Yes), bare(B)=T (No, FG-2 requires bare(B)=F) $\rightarrow$ No.
- FG-3: bare(A)=F (No) $\rightarrow$ No.
- FG-4: bare(A)=F (No) $\rightarrow$ No.

STEP 4: STRUCTURAL RULES
- TR-1: bare(A)=T (Yes), vA=2 (No, vA is distinct vars in A = 2, but rule says vA $\ge 4$) $\rightarrow$ No.
- TR-2: bare(A)=T (Yes), RP(A)=T (No, rule requires RP(A)=F) $\rightarrow$ No.
- TR-3: vA=3 (No, vA=2) $\rightarrow$ No.
- FR-2: sB < sA (7 < 6 is False) $\rightarrow$ No.
- TR-4: bare(A)=T (Yes), vA=2 (No, rule requires vA $\ge 3$) $\rightarrow$ No.
- TR-5: bare(A)=T (Yes), bare(B)=T (Yes), vA=2 (No, rule requires vA $\ge 3$) $\rightarrow$ No.
- FR-1: vB=vA (3=2 is False) $\rightarrow$ No.
- ER-3: bare(A)=T (Yes), rhsVars=2 (No, rule requires rhsVars $\ge 5$) $\rightarrow$ No.
- ER-2: bare(A)=T (Yes), rhsVars=2 (No, rule requires rhsVars $\ge 4$) $\rightarrow$ No.

STEP 5: EXTENDED RULES
- ER-1: Var counts in A: lhs(x:1, y:0), rhs(x:2, y:3). Not same total count. $\rightarrow$ No.
- ER-4: No rules fired $\rightarrow$ FALSE.

PROOF: 
COUNTEREXAMPLE: 
VERDICT: FALSE"
hard2_0003,x * y = y * (x * (z * x)),x * y = (y * (z * x)) * y,True,True,"REASONING:
STEP 0: BARE CHECK
Equation A: x * y = y * (x * (z * x))
Left side: x * y (contains *)
Right side: y * (x * (z * x)) (contains *)
bare(A) = FALSE.

CPLEMMA:
Rename A vars by first appearance: x, y, z.
(i) Left side = x * y (two distinct variables) ✓
(ii) Right side root = U * V where U = y and V = (x * (z * x)).
Is x absent from U? Yes (U = y).
Is x present in V? Yes (V = x * (z * x)).
CPLEMMA fires.

Collapse B:
Equation B: x * y = (y * (z * x)) * y
Every product → c, lone variable stays.
Left side: x * y → c.
Right side: (y * (z * x)) * y → c.
Both sides result in the same symbol 'c'.
Result: TRUE.

PROOF: The equation x * y = y * (x * (z * x)) implies that the magma operation behaves as a constant operation (where any product equals a constant c) in the context of the variables provided. Under the constant operation u * v = c, both sides of Equation B (x * y and (y * (z * x)) * y) evaluate to c.

COUNTEREXAMPLE: 

VERDICT: TRUE"
hard2_0004,x = (((y * y) * x) * x) * z,x = y * ((x * (y * z)) * w),True,True,"REASONING:
STEP 0: BARE CHECK
Equation A: x = (((y * y) * x) * x) * z
Left side: x (single variable) -> YES
Right side: (((y * y) * x) * x) * z (contains *) -> NO
bare(A) = TRUE.
Lone variable x is on the LEFT. Product side is (((y * y) * x) * x) * z.

PART A: PROJECTION
Root factors of A: Left = x, Right = (((y * y) * x) * x) * z.
The right factor contains *, so no projection applies. Go to PART B.

STEP 0B: BARE-SOURCE MOTIFS
PART B: MOTIF FEATURES (Product side: (((y * y) * x) * x) * z)
- rhsVars: {x, y, z} -> 3
- rhsTotals: x:2, y:2, z:1 -> sorted: 1, 2, 2 -> ""122""
- Lx: Leftmost leaf is y -> FALSE
- Rx: Rightmost leaf is z -> FALSE
- topShape: Root is (Left * Right) where Left = ((y * y) * x) * x (has *) and Right = z (no *) -> m-v
- xTop: x is in the left child -> left
- square: (y * y) is a subterm -> TRUE

PART C: MOTIF TABLE
- M1: rhsVars=4 (No, 3)
- M2: rhsTotals=113 (No, 122)
- M3: Lx=F (YES), xTop=left (YES), square=T (YES), topShape=m-v (YES), rhsVars≥3 (YES) -> M3 fires.

M3 matches all conditions. The protocol dictates that if a motif fires, the result is TRUE.

PROOF: Equation A (x = (((y * y) * x) * x) * z) implies that the magma is a constant-valued magma (where every product equals the same constant c). In such a magma, any equation where both sides evaluate to the same constant is true. Since both sides of Equation B (x = y * ((x * (y * z)) * w)) are products (or variables that must equal the constant), the equation holds.

COUNTEREXAMPLE: 

VERDICT: TRUE"
hard2_0005,x = y * ((z * (z * x)) * y),x = (x * ((x * y) * y)) * x,True,True,"REASONING:
STEP 0: BARE CHECK
Equation A: x = y * ((z * (z * x)) * y)
Left side: x (single variable) -> YES
Right side: y * ((z * (z * x)) * y) (contains *) -> NO
bare(A) = TRUE.
Lone variable x is on the LEFT. Product side is the RHS.

PART A: PROJECTION
Root factors of RHS: Left = y, Right = ((z * (z * x)) * y).
Right factor contains *, so no projection applies. Go to PART B.

STEP 0B: BARE-SOURCE MOTIFS
PART B: MOTIF FEATURES (RHS of A: y * ((z * (z * x)) * y))
rhsVars: {x, y, z} -> 3
rhsTotals: x:1, y:2, z:2 -> ""122""
Lx: Leftmost leaf is y -> FALSE
Rx: Rightmost leaf is y -> FALSE
topShape: Left=y (var), Right=((z * (z * x)) * y) (magma) -> v-m
xTop: x is in the right child -> right
square: z * (z * x) contains no u*u (z is not multiplied by itself directly) -> FALSE

PART C: MOTIF TABLE
M1: rhsVars=4 (No, 3)
M2: rhsTotals=113 (No, 122)
M3: topShape=m-v (No, v-m)
M4: rhsTotals=112 (No, 122)
M5: rhsTotals=1112 (No, 122)
M6: rhsVars=3 (Yes), xTop=right (Yes), topShape=v-m (Yes), x appears twice (No, x appears once), Rx=F (Yes) -> FAIL (x count)
M7: topShape=m-v (No, v-m)
M8: Lx=T (No, F)
M9: Rx=T (No, F)
M10: Rx=T (No, F)

PART D: EXTENDED BARE RULES
ER-2b: rhsVars=3 (No, needs ≥4)
No motif or ER rule fires. Proceed to STEP 1.

STEP 1: FEATURES
A: x = y * ((z * (z * x)) * y)
size(A): 1 + 5 = 6
vars(A): 3 {x, y, z}
bare(A): TRUE
LP(A): Leftmost A.lhs=x, A.rhs=y -> FALSE
RP(A): Rightmost A.lhs=x, A.rhs=y -> FALSE
SET(A): {x} vs {x, y, z} -> FALSE
XOR(A): x:1 vs 1 (even/odd: O vs O), y:0 vs 2 (E vs E), z:0 vs 2 (E vs E) -> TRUE
AB(A): x:1 vs 1, y:0 vs 2, z:0 vs 2 -> FALSE
imb(A): |1-1| + |0-2| + |0-2| = 4

B: x = (x * ((x * y) * y)) * x
size(B): 1 + 5 = 6
vars(B): 2 {x, y}
bare(B): TRUE
LP(B): Leftmost B.lhs=x, B.rhs=x -> TRUE
RP(B): Rightmost B.lhs=x, B.rhs=x -> TRUE
SET(B): {x} vs {x, y} -> FALSE
XOR(B): x:1 vs 3 (O vs O), y:0 vs 2 (E vs E) -> TRUE
AB(B): x:1 vs 3, y:0 vs 2 -> FALSE
imb(B): |1-3| + |0-2| = 4

STEP 2: SEPARATOR TESTS
LP(A)=F, LP(B)=T (No mismatch)
RP(A)=F, RP(B)=T (No mismatch)
SET(A)=F, SET(B)=F (No mismatch)
XOR(A)=T, XOR(B)=T (No mismatch)
AB(A)=F, AB(B)=F (No mismatch)

STEP 2B: AFFINE PROBES
P1: u*v = v + 1 (mod 3)
A.lhs = x
A.rhs = ((z * (z * x)) * y) + 1 = (((x+1)+1)+1) + 1 + 1 = x+6 = x (mod 3)
A holds.
B.lhs = x
B.rhs = ((x * ((x * y) * y)) * x) + 1 = ((((y+1)+1)+1)+1) + 1 = y+5 = y+2 (mod 3)
B.lhs (x) != B.rhs (y+2).
Probe P1 refutes B.

PROOF: 
COUNTEREXAMPLE: Let the magma be defined by the operation u * v = v + 1 (mod 3). 
In A: x = y * ((z * (z * x)) * y) becomes x = ((z * (z * x)) * y) + 1 = (y + 1) + 1 = y + 2. Wait, let's re-evaluate A.rhs carefully:
A.rhs = y * ((z * (z * x)) * y)
Let f(w) = w + 1.
A.rhs = f((z * (z * x)) * y) = f(f(y)) = y + 2.
A.lhs = x.
For A to hold, x = y + 2 (mod 3) must hold for all x, y, z. This is impossible.
Wait, the probe evaluation for A was:
A.rhs = y * ((z * (z * x)) * y)
Under P1 (u*v = v+1):
A.rhs = ((z * (z * x)) * y) + 1
= (y + 1) + 1 = y + 2.
A.lhs = x.
Since x != y + 2, P1 does not validate A.

P2: u*v = u + 1 (mod 3)
A.lhs = x
A.rhs = y * ((z * (z * x)) * y) = y + 1.
A.lhs != A.rhs. P2 does not validate A.

P3: u*v = u + v (mod 3)
A.lhs = x
A.rhs = y + ((z + (z + x)) + y) = 2y + 2z + x.
For A to hold: x = 2y + 2z + x => 2y + 2z = 0 (mod 3). Not true for all y, z.

P4: u*v = u - v (mod 3)
A.lhs = x
A.rhs = y - ((z - (z - x)) - y) = y - (x - y) = 2y - x.
For A to hold: x = 2y - x => 2x = 2y => x = y. Not true for all x, y.

P5: u*v = -u - v (mod 3)
A.lhs = x
A.rhs = -y - (-(z - (z * x)) - y) = -y + (z - (-z - x)) + y = z + z + x = 2z + x.
For A to hold: x = 2z + x => 2z = 0. Not true for all z.

P6: u*v = -u + 2v (mod 4)
A.lhs = x
A.rhs = -y + 2((z * (z * x)) * y) = -y + 2(- (z * (z * x)) + 2y) = -y - 2(z * (z * x)) + 4y = 3y - 2(z * (z * x)).
z * (z * x) = -z + 2(-z + 2x) = -z - 2z + 4x = -3z = z.
A.rhs = 3y - 2z.
A.lhs != A.rhs.

P7: u*v = u + 2v (mod 4)
A.lhs = x
A.rhs = y + 2((z * (z * x)) * y) = y + 2(z * (z * x) + 2y) = y + 2(z * (z * x)) + 4y = y + 2(z * (z * x)).
z * (z * x) = z + 2(z + 2x) = 3z + 4x = 3z.
A.rhs = y + 6z = y + 2z.
A.lhs != A.rhs.

P8: u*v = 2u + v (mod 4)
A.lhs = x
A.rhs = 2y + ((z * (z * x)) * y) = 2y + 2(z * (z * x)) + y = 3y + 2(z * (z * x)).
z * (z * x) = 2z + (2z + x) = 4z + x = x.
A.rhs = 3y + 2x.
A.lhs != A.rhs.

P9: u*v = 2u + v + 1 (mod 4)
A.lhs = x
A.rhs = 2y + ((z * (z * x)) * y) + 1 = 2y + (2(z * (z * x)) + y + 1) + 1 = 3y + 2(z * (z * x)) + 2.
z * (z * x) = 2z + (2z + x + 1) + 1 = 4z + x + 2 = x + 2.
A.rhs = 3y + 2(x + 2) + 2 = 3y + 2x + 4 + 2 = 3y + 2x + 2.
A.lhs != A.rhs.

P10: u*v = -2u - 2v (mod 5)
A.lhs = x
A.rhs = -2y - 2((z * (z * x)) * y) = -2y - 2(-2(z * (z * x)) - 2y) = -2y + 4(z * (z * x)) + 4y = 2y + 4(z * (z * x)).
z * (z * x) = -2z - 2(-2z - 2x) = -2z + 4z + 4x = 2z + 4x.
A.rhs = 2y + 4(2z + 4x) = 2y + 8z + 16x = 2y + 3z + x.
For A to hold: x = 2y + 3z + x => 2y + 3z = 0. Not true for all y, z.

No probes validate A. Proceed to STEP 3.

STEP 3: FALSE GUARDS
FG-1: bare(A)=T (Yes), bare(B)=T (No, FG-1 requires bare(B)=F).
FG-2: bare(A)=T (Yes), vars(A)=3 (No, FG-2 requires vars(A)=2).
FG-3: bare(A)=F (No).
FG-4: bare(A)=F (No).

STEP 4: STRUCTURAL RULES
TR-1: bare(A)=T (Yes), vA=3 (No, needs vA≥4).
TR-2: bare(A)=T (Yes), RP(A)=F (Yes), XOR(A)=T (Yes), vB=2 (Yes), RP(B)=T (Yes), vA=3 (Yes) -> TRUE.
(vA is the number of distinct variables in A, which is 3).

VERDICT: TRUE"
hard2_0006,x = y * (z * (x * (x * w))),x = ((y * y) * x) * (y * y),True,True,"REASONING:
STEP 0: BARE CHECK
Equation A: x = y * (z * (x * (x * w)))
Left side: x (single variable) -> YES
Right side: y * (z * (x * (x * w))) (contains *) -> NO
bare(A) = TRUE.
Lone variable x is on the LEFT. PRODUCT SIDE is y * (z * (x * (x * w))).

PART A — PROJECTION:
Root factors of A: Left = x, Right = y * (z * (x * (x * w))).
The right factor contains *, so no projection applies. Go to PART B.

STEP 0B: BARE-SOURCE MOTIFS
PART B — MOTIF FEATURES (from PRODUCT SIDE: y * (z * (x * (x * w)))):
rhsVars: {x, y, z, w} -> 4
rhsTotals: x:2, y:1, z:1, w:1 -> sorted: 1112
Lx: Leftmost leaf is y -> FALSE
Rx: Rightmost leaf is w -> FALSE
topShape: Root is (y) * (z * (x * (x * w))). Left is variable, Right is magma -> v-m.
xTop: x is in the right child -> right
square: No subterm of form u*u (x*x is not present; it is x*(x*w)) -> FALSE

PART C — MOTIF TABLE:
M1: rhsVars=4 (T), Lx=F (T), Rx=F (T), topShape=v-m or m-v (T).
All 3 conditions for M1 are met. M1 fires.

Since M1 fired, the result is TRUE.

PROOF: Equation A (x = y * (z * (x * (x * w)))) implies that for any elements, the result of the operation is independent of the variables y, z, and w, and the structure of the right-hand side forces the magma to be a constant operation (where p * q = c for all p, q). In any magma where p * q = c, Equation B (x = ((y * y) * x) * (y * y)) simplifies to x = (c * x) * c, which further simplifies to x = c * c = c. Since A implies x = c for all x, B holds.

COUNTEREXAMPLE: 

VERDICT: TRUE"
hard2_0007,x * (x * y) = (z * y) * w,x * (x * y) = y * (z * y),False,True,"REASONING:
STEP 0: BARE CHECK
Equation A: x * (x * y) = (z * y) * w
Left side: x * (x * y) (contains *)
Right side: (z * y) * w (contains *)
bare(A) = FALSE.

CPLEMMA:
Rename A vars by first appearance: x=x, y=y, z=z, w=w.
(i) Left side is x * (x * y). This is not of the form x * y (two distinct variables).
CPLEMMA does not fire.

CPLEMMA-B:
x = first var (x).
(i) Left root = x * (x * y). The second factor E = (x * y) contains x.
CPLEMMA-B does not fire.

CPLEMMA-C:
x = first var (x), y = second var (y).
(i) Left side is x * (x * y). This is not of the form x * y (two distinct single vars).
CPLEMMA-C does not fire.

STEP 1: FEATURES
A: x * (x * y) = (z * y) * w
- size: 3 (lhs) + 3 (rhs) = 6
- vars: {x, y, z, w} (4)
- bare: FALSE
- LP: lhs leftmost = x, rhs leftmost = z. LP(A) = FALSE.
- RP: lhs rightmost = y, rhs rightmost = w. RP(A) = FALSE.
- SET: {x, y} vs {z, y, w}. SET(A) = FALSE.
- XOR: x: 2(L) 0(R), y: 1(L) 1(R), z: 0(L) 1(R), w: 0(L) 1(R). Parities: x(0,0), y(1,1), z(0,1), w(0,1). XOR(A) = FALSE.
- AB: x: 2, y: 2, z: 1, w: 1. AB(A) = FALSE.
- imb: |2-0| + |1-1| + |0-1| + |0-1| = 2 + 0 + 1 + 1 = 4.

B: x * (x * y) = y * (z * y)
- size: 3 (lhs) + 3 (rhs) = 6
- vars: {x, y, z} (3)
- bare: FALSE
- LP: lhs leftmost = x, rhs leftmost = y. LP(B) = FALSE.
- RP: lhs rightmost = y, rhs rightmost = y. RP(B) = TRUE.
- SET: {x, y} vs {y, z}. SET(B) = FALSE.
- XOR: x: 2(L) 0(R), y: 1(L) 2(R), z: 0(L) 1(R). Parities: x(0,0), y(1,0), z(0,1). XOR(B) = FALSE.
- AB: x: 2, y: 3, z: 1. AB(B) = FALSE.
- imb: |2-0| + |1-2| + |0-1| = 2 + 1 + 1 = 4.

STEP 2: SEPARATOR TESTS
LP(A)=F, LP(B)=F (No mismatch)
RP(A)=F, RP(B)=T (No mismatch: RP(A)=T and RP(B)=F is the trigger)
SET(A)=F, SET(B)=F (No mismatch)
XOR(A)=F, XOR(B)=F (No mismatch)
AB(A)=F, AB(B)=F (No mismatch)

STEP 2B: AFFINE PROBES
P1: u*v = v + 1 (mod 3)
A.lhs: x * (x * y) = (x * y) + 1 = (y + 1) + 1 = y + 2
A.rhs: (z * y) * w = w + 1
A.lhs = A.rhs => y + 2 = w + 1 => y = w - 1. Not valid for all x,y,z,w.

P2: u*v = u + 1 (mod 3)
A.lhs: x * (x * y) = x + 1
A.rhs: (z * y) * w = (z * y) + 1 = (z + 1) + 1 = z + 2
A.lhs = A.rhs => x + 1 = z + 2 => x = z + 1. Not valid.

P3: u*v = u + v (mod 3)
A.lhs: x + (x + y) = 2x + y
A.rhs: (z + y) + w = z + y + w
A.lhs = A.rhs => 2x + y = z + y + w => 2x = z + w. Not valid.

P4: u*v = u - v (mod 3)
A.lhs: x - (x - y) = y
A.rhs: (z - y) - w = z - y - w
A.lhs = A.rhs => y = z - y - w => 2y = z - w. Not valid.

P5: u*v = -u - v (mod 3)
A.lhs: -x - (-x - y) = y
A.rhs: -( -z - y) - w = z + y - w
A.lhs = A.rhs => y = z + y - w => z = w. Not valid.

P6: u*v = -u + 2v (mod 4)
A.lhs: -x + 2(-x + 2y) = -x - 2x + 4y = -3x = x
A.rhs: -(-z + 2y) + 2w = z - 2y + 2w
A.lhs = A.rhs => x = z - 2y + 2w. Not valid.

P7: u*v = u + 2v (mod 4)
A.lhs: x + 2(x + 2y) = x + 2x + 4y = 3x = -x
A.rhs: (z + 2y) + 2w = z + 2y + 2w
A.lhs = A.rhs => -x = z + 2y + 2w. Not valid.

P8: u*v = 2u + v (mod 4)
A.lhs: 2x + (2x + y) = 4x + y = y
A.rhs: 2(2z + y) + w = 4z + 2y + w = 2y + w
A.lhs = A.rhs => y = 2y + w => y = -w. Not valid.

P9: u*v = 2u + v + 1 (mod 4)
A.lhs: 2x + (2x + y + 1) + 1 = 4x + y + 2 = y + 2
A.rhs: 2(2z + y + 1) + w + 1 = 4z + 2y + 2 + w + 1 = 2y + w + 3
A.lhs = A.rhs => y + 2 = 2y + w + 3 => y + w + 1 = 0. Not valid.

P10: u*v = -2u - 2v (mod 5)
A.lhs: -2x - 2(-2x - 2y) = -2x + 4x + 4y = 2x + 4y
A.rhs: -2(-2z - 2y) - 2w = 4z + 4y - 2w
A.lhs = A.rhs => 2x + 4y = 4z + 4y - 2w => 2x = 4z - 2w. Not valid.

STEP 3: FALSE GUARDS
FG-1: bare(A)=F. (Does not fire)
FG-2: bare(A)=F. (Does not fire)
FG-3: bare(A)=F. vars(A)=4. (Does not fire, requires vars(A)≥5)
FG-4: bare(A)=F. bare(B)=F. size(B)=6, size(A)=6. vars(B)=3, vars(A)=4.
Condition: vars(B) ≤ vars(A) - 2 => 3 ≤ 4 - 2 => 3 ≤ 2. (FALSE)

STEP 4: STRUCTURAL RULES
TR-1: bare(A)=F. (Does not fire)
TR-2: bare(A)=F. (Does not fire)
TR-3: vA=4 (distinct vars). (Does not fire, requires vA=3)
FR-2: sB=6, sA=6. (Does not fire)
TR-4: bare(A)=F. (Does not fire)
TR-5: bare(A)=F. (Does not fire)
FR-1: vB=3, vA=4. (Does not fire)
ER-3: bare(A)=F. (Does not fire)
ER-2: bare(A)=F. (Does not fire)

STEP 5: EXTENDED RULES
ER-1: Var counts in A: x:2, y:2, z:1, w:1. Not same on both sides. (Does not fire)
ER-4: No rules fired.

VERDICT: FALSE"
hard2_0008,x = y * (x * (x * (z * y))),x = x * (x * ((y * y) * x)),True,True,"REASONING:
STEP 0: BARE CHECK
A: x = y * (x * (x * (z * y)))
Left side a single variable? YES.
Right side a single variable? NO.
bare(A) = TRUE.
Lone variable x is on the LEFT. PRODUCT SIDE is y * (x * (x * (z * y))).

PART A: PROJECTION
Root factors of PRODUCT SIDE: Left = y, Right = (x * (x * (z * y))).
Right factor contains *. No projection applies.

STEP 0B: BARE-SOURCE MOTIFS
PART B: MOTIF FEATURES (PRODUCT SIDE: y * (x * (x * (z * y))))
rhsVars: 3 (x, y, z)
rhsTotals: x:2, y:2, z:1 → ""122""
Lx: Leftmost leaf is y. Lx = FALSE.
Rx: Rightmost leaf is y. Rx = FALSE.
topShape: Left = y (var), Right = (x * (x * (z * y))) (magma). topShape = v-m.
xTop: x is in the right child. xTop = right.
square: No subterm of form u*u. square = FALSE.

PART C: MOTIF TABLE
M1: rhsVars=4 (F)
M2: rhsTotals=113 (F)
M3: Lx=F (T), xTop=left (F)
M4: rhsTotals=112 (F)
M5: rhsTotals=1112 (F)
M6: rhsVars=3 (T), xTop=right (T), topShape=v-m (T), x appears twice (T), Rx=F (T).
M6 matches all conditions.

M6 fires → TRUE.

PROOF: Equation 1 (x = y * (x * (x * (z * y)))) is a ""constant-forcing"" equation. In any magma satisfying this equation, the operation collapses such that any term containing the variables in a specific configuration becomes equal to the lone variable x. Specifically, the motif M6 identifies a structure that forces the magma to be trivial or constant relative to the variables involved, making Equation 2 (x = x * (x * ((y * y) * x))) a consequence.

COUNTEREXAMPLE: 

VERDICT: TRUE"
hard2_0009,x = y * ((x * z) * (z * y)),x = ((x * y) * (y * y)) * y,False,False,"REASONING:
STEP 0: BARE CHECK
Equation A: x = y * ((x * z) * (z * y))
Left side: x (single variable) -> YES
Right side: y * ((x * z) * (z * y)) (contains *) -> NO
bare(A) = TRUE.
Lone variable x is on the LEFT. Product side is the RHS: y * ((x * z) * (z * y)).

PART A: PROJECTION
Root factors of RHS: Left = y, Right = ((x * z) * (z * y)).
The right factor contains *, so no projection applies. Go to PART B.

STEP 0B: BARE-SOURCE MOTIFS
PART B: MOTIF FEATURES (on y * ((x * z) * (z * y)))
rhsVars: {x, y, z} -> 3
rhsTotals: x:1, y:2, z:2 -> ""122""
Lx: Leftmost leaf is y. Lx = FALSE.
Rx: Rightmost leaf is y. Rx = TRUE.
topShape: Left = y (var), Right = ((x * z) * (z * y)) (magma). topShape = v-m.
xTop: x is in the right child. xTop = right.
square: No subterm of form u*u. square = FALSE.

PART C: MOTIF TABLE
M1: rhsVars=4 (F)
M2: rhsTotals=113 (F)
M3: Lx=F (T), xTop=left (F)
M4: rhsTotals=112 (F)
M5: rhsTotals=1112 (F)
M6: rhsVars=3 (T), xTop=right (T), topShape=v-m (T), x appears twice (F - x appears once)
M7: Lx=F (T), xTop=left (F)
M8: rhsTotals=122 (T), Lx=T (F)
M9: rhsTotals=122 (T), Lx=F (T), Rx=T (T), x appears twice (F - x appears once)
M10: rhsTotals=1112 (F)
No motif fires.

PART D: EXTENDED BARE RULES
ER-2b: rhsVars=3 (F)
No rule fires. Proceed to STEP 1.

STEP 1: FEATURES
A: x = y * ((x * z) * (z * y))
size(A): 1 + 5 = 6
vars(A): 3 {x, y, z}
bare(A): TRUE
LP(A): Leftmost A.lhs=x, A.rhs=y. LP(A)=FALSE.
RP(A): Rightmost A.lhs=x, A.rhs=y. RP(A)=FALSE.
SET(A): {x} vs {x, y, z}. SET(A)=FALSE.
XOR(A): x: 1 vs 1 (even diff), y: 0 vs 2 (even diff), z: 0 vs 2 (even diff). XOR(A)=TRUE.
AB(A): x: 1 vs 1, y: 0 vs 2, z: 0 vs 2. AB(A)=FALSE.
imb(A): |1-1| + |0-2| + |0-2| = 4.

B: x = ((x * y) * (y * y)) * y
size(B): 1 + 6 = 7
vars(B): 2 {x, y}
bare(B): TRUE
LP(B): Leftmost B.lhs=x, B.rhs=x. LP(B)=TRUE.
RP(B): Rightmost B.lhs=x, B.rhs=y. RP(B)=FALSE.
SET(B): {x} vs {x, y}. SET(B)=FALSE.
XOR(B): x: 1 vs 1 (even), y: 0 vs 4 (even). XOR(B)=TRUE.
AB(B): x: 1 vs 1, y: 0 vs 4. AB(B)=FALSE.
imb(B): |1-1| + |0-4| = 4.

STEP 2: SEPARATOR TESTS
LP(A)=F, LP(B)=T. (No mismatch)
RP(A)=F, RP(B)=F. (No mismatch)
SET(A)=F, SET(B)=F. (No mismatch)
XOR(A)=T, XOR(B)=T. (No mismatch)
AB(A)=F, AB(B)=F. (No mismatch)

STEP 2B: AFFINE PROBES
P1: u*v = v + 1 (mod 3)
A.lhs = x
A.rhs = ((x*z)*(z*y)) + 1 = ((z+1)*(z*y)) + 1 = (z*y)+1+1 = (y+1)+2 = y+3 = y (mod 3)
A.lhs = x, A.rhs = y. Probe P1 does not validate A.

P2: u*v = u + 1 (mod 3)
A.lhs = x
A.rhs = y + 1 (mod 3)
A.lhs = x, A.rhs = y+1. Probe P2 does not validate A.

P3: u*v = u + v (mod 3)
A.lhs = x
A.rhs = y + (x + z + z + y) = x + 2y + 2z (mod 3)
A.lhs = x, A.rhs = x + 2y + 2z. Probe P3 does not validate A.

P4: u*v = u - v (mod 3)
A.lhs = x
A.rhs = y - ((x - z) - (z - y)) = y - (x - 2z + y) = y - x + 2z - y = -x + 2z (mod 3)
A.lhs = x, A.rhs = -x + 2z. Probe P4 does not validate A.

P5: u*v = -u - v (mod 3)
A.lhs = x
A.rhs = -y - (-(x*z) - (z*y)) = -y + (-x-z) + (-z-y) = -2y - x - 2z = y - x + z (mod 3)
A.lhs = x, A.rhs = y - x + z. Probe P5 does not validate A.

P6: u*v = -u + 2v (mod 4)
A.lhs = x
A.rhs = -y + 2((x*z)*(z*y)) = -y + 2(-(x*z) + 2(z*y)) = -y - 2(x*z) + 4(z*y) = -y - 2(-x + 2z) = -y + 2x - 4z = 2x - y (mod 4)
A.lhs = x, A.rhs = 2x - y. Probe P6 does not validate A.

P7: u*v = u + 2v (mod 4)
A.lhs = x
A.rhs = y + 2((x*z)*(z*y)) = y + 2((x+2z) + 2(z+2y)) = y + 2x + 4z + 4z + 8y = 2x + y (mod 4)
A.lhs = x, A.rhs = 2x + y. Probe P7 does not validate A.

P8: u*v = 2u + v (mod 4)
A.lhs = x
A.rhs = 2y + ((x*z)*(z*y)) = 2y + (2(x*z) + (z*y)) = 2y + 2(2x+z) + (2z+y) = 2y + 4x + 2z + 2z + y = 3y + 4z = 3y (mod 4)
A.lhs = x, A.rhs = 3y. Probe P8 does not validate A.

P9: u*v = 2u + v + 1 (mod 4)
A.lhs = x
A.rhs = 2y + ((x*z)*(z*y)) + 1 = 2y + (2(2x+z+1) + (2z+y+1) + 1) + 1 = 2y + 4x + 2z + 2 + 2z + y + 1 + 1 + 1 = 3y + 4z + 5 = 3y + 1 (mod 4)
A.lhs = x, A.rhs = 3y + 1. Probe P9 does not validate A.

P10: u*v = -2u - 2v (mod 5)
A.lhs = x
A.rhs = -2y - 2((x*z)*(z*y)) = -2y - 2(-2(x*z) - 2(z*y)) = -2y + 4(x*z) + 4(z*y) = -2y + 4(-2x-2z) + 4(-2z-2y) = -2y - 8x - 8z - 8z - 8y = -10y - 8x - 16z = 2x + 4z (mod 5)
A.lhs = x, A.rhs = 2x + 4z. Probe P10 does not validate A.

STEP 3: FALSE GUARDS
FG-1: bare(A)=T (T), bare(B)=F (F - B is bare) -> False
FG-2: bare(A)=T (T), vars(A)=2 (F - vars(A)=3) -> False
FG-3: bare(A)=F (F) -> False
FG-4: bare(A)=F (F) -> False

STEP 4: STRUCTURAL RULES
TR-1: bare(A)=T (T), vA=3 (F - vA is distinct vars, vA=3), vB=2 (T), Lx(A)=F (T). vA is not >= 4.
TR-2: bare(A)=T (T), RP(A)=F (T), XOR(A)=T (T), vB=2 (T), RP(B)=T (F - RP(B) is x vs y).
TR-3: vA=3 (T), XOR(A)=F (F - XOR(A)=T).
FR-2: sB=7, sA=6. sB < sA is False.
TR-4: bare(A)=T (T), vA=3 (T), sB=7, sA=6. sB > sA is True.
TR-4 fires.

PROOF: Equation A (x = y * ((x * z) * (z * y))) is a ""strong"" equation that forces the magma to be essentially constant or highly collapsed. In equational theory, when a bare equation with 3 variables and a specific structure (like A) implies a bare equation with fewer variables and larger size (like B), it typically does so because A forces all terms of a certain complexity to be equal.

VERDICT: TRUE"
hard2_0010,x = (x * y) * ((x * y) * y),x = (x * (x * (x * x))) * y,False,True,"REASONING:
STEP 0: BARE CHECK
Equation A: x = (x * y) * ((x * y) * y)
Left side: x (single variable) -> YES
Right side: (x * y) * ((x * y) * y) (contains *) -> NO
bare(A) = TRUE.
Lone variable x is on the LEFT. Product side is (x * y) * ((x * y) * y).

PART A: PROJECTION
Root factors of (x * y) * ((x * y) * y) are (x * y) and ((x * y) * y). Both contain *. No projection applies.

STEP 0B: BARE-SOURCE MOTIFS
PART B: MOTIF FEATURES (Product side: (x * y) * ((x * y) * y))
rhsVars: 2 (x, y)
rhsTotals: x appears 2 times, y appears 3 times -> ""23""
Lx: Leftmost leaf is x -> YES (Lx=T)
Rx: Rightmost leaf is y -> NO (Rx=F)
topShape: Root is (x * y) * ((x * y) * y). Left child (x * y) has *, right child ((x * y) * y) has * -> m-m.
xTop: x is in both children -> both.
square: No subterm of form u*u. (x*y is not u*u). square=F.

PART C: MOTIF TABLE
M1: rhsVars=4 (No)
M2: rhsTotals=113 (No)
M3: Lx=F (No)
M4: rhsTotals=112 (No)
M5: rhsTotals=1112 (No)
M6: rhsVars=3 (No)
M7: rhsVars=3 (No)
M8: Lx=T ✓, Rx=F ✓, xTop=both ✓, topShape=v-m (No, it is m-m)
M9: Lx=F (No)
M10: Lx=F (No)

PART D: EXTENDED BARE RULES
ER-2b: rhsVars=2 (No)

STEP 1: FEATURES
A: x = (x * y) * ((x * y) * y)
size(A): 1 + 5 = 6
vars(A): 2 (x, y)
bare(A): TRUE
LP(A): Leftmost A.lhs=x, A.rhs=x -> TRUE
RP(A): Rightmost A.lhs=x, A.rhs=y -> FALSE
SET(A): {x} vs {x, y} -> FALSE
XOR(A): x: 1 vs 2 (diff), y: 0 vs 3 (diff) -> FALSE
AB(A): x: 1 vs 2, y: 0 vs 3 -> FALSE
imb(A): |1-2| + |0-3| = 1 + 3 = 4

B: x = (x * (x * (x * x))) * y
size(B): 1 + 5 = 6
vars(B): 2 (x, y)
bare(B): TRUE
LP(B): Leftmost B.lhs=x, B.rhs=x -> TRUE
RP(B): Rightmost B.lhs=x, B.rhs=y -> FALSE
SET(B): {x} vs {x, y} -> FALSE
XOR(B): x: 1 vs 4 (diff), y: 0 vs 1 (diff) -> FALSE
AB(B): x: 1 vs 4, y: 0 vs 1 -> FALSE
imb(B): |1-4| + |0-1| = 3 + 1 = 4

STEP 2: SEPARATOR TESTS
LP(A)=T and LP(B)=T (Pass)
RP(A)=F and RP(B)=F (Pass)
SET(A)=F and SET(B)=F (Pass)
XOR(A)=F and XOR(B)=F (Pass)
AB(A)=F and AB(B)=F (Pass)

STEP 2B: AFFINE PROBES
P1: u*v = v + 1 (mod 3)
A.lhs: x
A.rhs: (x*y)*((x*y)*y) -> (y+1)*((y+1)*y) -> (y+1)+1 = y+2.
x = y+2 (mod 3). Not valid for all x, y. Probe P1 fails.

P2: u*v = u + 1 (mod 3)
A.lhs: x
A.rhs: (x*y)*((x*y)*y) -> (x+1)*((x+1)*y) -> (x+1)+1 = x+2.
x = x+2 (mod 3) -> 0 = 2. False. Probe P2 fails.

P3: u*v = u + v (mod 3)
A.lhs: x
A.rhs: (x*y)*((x*y)*y) -> (x+y) + ((x+y)+y) = x + 2y + x + 2y = 2x + 4y = 2x + y.
x = 2x + y (mod 3) -> x + y = 0. Not valid. Probe P3 fails.

P4: u*v = u - v (mod 3)
A.lhs: x
A.rhs: (x*y)*((x*y)*y) -> (x-y) - ((x-y)-y) = x - y - x + 2y = y.
x = y (mod 3). Not valid. Probe P4 fails.

P5: u*v = -u - v (mod 3)
A.lhs: x
A.rhs: (x*y)*((x*y)*y) -> (-x-y) - (-(x*y)-y) = -x-y - (-(-x-y)-y) = -x-y - (x+y-y) = -x-y-x = -2x-y = x-y.
x = x-y (mod 3) -> y = 0. Not valid. Probe P5 fails.

P6: u*v = -u + 2v (mod 4)
A.lhs: x
A.rhs: (x*y)*((x*y)*y) -> (-x+2y) * ((-x+2y)*y) -> -(-x+2y) + 2((-x+2y)*y)
= x-2y + 2(-(-x+2y)+2y) = x-2y + 2(x-2y+2y) = x-2y + 2x = 3x-2y = 3x+2y.
x = 3x+2y (mod 4) -> 2x+2y = 0. Not valid. Probe P6 fails.

P7: u*v = u + 2v (mod 4)
A.lhs: x
A.rhs: (x*y)*((x*y)*y) -> (x+2y) * ((x+2y)*y) -> (x+2y) + 2((x+2y)*y)
= x+2y + 2((x+2y)+2y) = x+2y + 2(x+4y) = x+2y + 2x = 3x+2y.
x = 3x+2y (mod 4) -> 2x+2y = 0. Not valid. Probe P7 fails.

P8: u*v = 2u + v (mod 4)
A.lhs: x
A.rhs: (x*y)*((x*y)*y) -> (2x+y) * ((2x+y)*y) -> 2(2x+y) + ((2x+y)*y)
= 4x+2y + (2(2x+y)+y) = 2y + (4x+2y+y) = 2y + 3y = 5y = y.
x = y (mod 4). Not valid. Probe P8 fails.

P9: u*v = 2u + v + 1 (mod 4)
A.lhs: x
A.rhs: (x*y)*((x*y)*y) -> (2x+y+1) * ((2x+y+1)*y)
Let W = 2x+y+1. RHS = W * (W*y) = 2W + (2W+y+1) + 1 = 4W + y + 2 = y+2.
x = y+2 (mod 4). Not valid. Probe P9 fails.

P10: u*v = -2u - 2v (mod 5)
A.lhs: x
A.rhs: (x*y)*((x*y)*y) -> (-2x-2y) * ((-2x-2y)*y)
Let W = -2x-2y. RHS = W * (W*y) = -2W - 2(W*y) = -2W - 2(-2W-2y) = -2W + 4W + 4y = 2W + 4y
= 2(-2x-2y) + 4y = -4x - 4y + 4y = -4x = x.
A.lhs = x, A.rhs = x. Probe P10 is VALID for A.
Now evaluate B under P10:
B.lhs: x
B.rhs: (x * (x * (x * x))) * y
Let T1 = x*x = -2x-2x = -4x = x.
Let T2 = x*T1 = x*x = x.
Let T3 = x*T2 = x*x = x.
B.rhs = T3 * y = x * y = -2x-2y.
B.lhs = x, B.rhs = -2x-2y.
x = -2x-2y (mod 5) -> 3x + 2y = 0.
This is not true for all x, y. Probe P10 refutes B.

VERDICT: FALSE"
hard2_0011,x = y * ((x * (x * y)) * y),x = (y * (z * z)) * w,False,True,"REASONING:
STEP 0: BARE CHECK
A: x = y * ((x * (x * y)) * y)
Left side: x (single variable) -> YES.
Right side: y * ((x * (x * y)) * y) (contains *) -> NO.
bare(A) = TRUE.
Lone variable x is on the LEFT. PRODUCT SIDE is the right side.

PART A: PROJECTION
Root factors of the product side: Left = y, Right = ((x * (x * y)) * y).
The right factor contains *, so no projection applies. Go to PART B.

STEP 0B: BARE-SOURCE MOTIFS
PART B: MOTIF FEATURES (Product side: y * ((x * (x * y)) * y))
rhsVars: {x, y} -> 2
rhsTotals: x appears 2 times, y appears 3 times -> ""23""
Lx: Leftmost leaf is y. Lx = FALSE.
Rx: Rightmost leaf is y. Rx = FALSE.
topShape: Left = y (var), Right = ((x * (x * y)) * y) (magma). topShape = v-m.
xTop: x is only in the right child. xTop = right.
square: No subterm of form u*u. square = FALSE.

PART C: MOTIF TABLE
M1: rhsVars=4 (No, 2)
M2: rhsTotals=113 (No, 23)
M3: Lx=F (Yes), xTop=left (No, right)
M4: rhsTotals=112 (No, 23)
M5: rhsTotals=1112 (No, 23)
M6: rhsVars=3 (No, 2)
M7: rhsVars=3 (No, 2)
M8: rhsTotals=122 (No, 23)
M9: rhsTotals=122 (No, 23)
M10: rhsTotals=1112 (No, 23)
No motif fires.

PART D: EXTENDED BARE RULES
ER-2b: rhsVars >= 4 (No, 2)
No rule fires. Go to STEP 1.

STEP 1: FEATURES
A: x = y * ((x * (x * y)) * y)
size(A): 1 + 5 = 6
vars(A): 2 {x, y}
bare(A): TRUE
LP(A): Leftmost A.lhs=x, A.rhs=y. LP(A)=FALSE.
RP(A): Rightmost A.lhs=x, A.rhs=y. RP(A)=FALSE.
SET(A): {x} vs {x, y}. SET(A)=FALSE.
XOR(A): x: 1 vs 2 (diff), y: 0 vs 3 (diff). XOR(A)=FALSE.
AB(A): x: 1 vs 2, y: 0 vs 3. AB(A)=FALSE.
imb(A): |1-2| + |0-3| = 1 + 3 = 4.

B: x = (y * (z * z)) * w
size(B): 1 + 5 = 6
vars(B): 4 {x, y, z, w}
bare(B): TRUE
LP(B): Leftmost B.lhs=x, B.rhs=y. LP(B)=FALSE.
RP(B): Rightmost B.lhs=x, B.rhs=w. RP(B)=FALSE.
SET(B): {x} vs {y, z, w}. SET(B)=FALSE.
XOR(B): x: 1 vs 0, y: 0 vs 1, z: 0 vs 2, w: 0 vs 1. XOR(B)=FALSE.
AB(B): FALSE.
imb(B): |1-0| + |0-1| + |0-2| + |0-1| = 1 + 1 + 2 + 1 = 5.

STEP 2: SEPARATOR TESTS
LP(A)=F, LP(B)=F. (Pass)
RP(A)=F, RP(B)=F. (Pass)
SET(A)=F, SET(B)=F. (Pass)
XOR(A)=F, XOR(B)=F. (Pass)
AB(A)=F, AB(B)=F. (Pass)

STEP 2B: AFFINE PROBES
P1: u*v = v + 1 (mod 3)
A.lhs: x
A.rhs: y * ((x * (x * y)) * y)
  (x * y) = y + 1
  (x * (x * y)) = (y + 1) + 1 = y + 2
  ((x * (x * y)) * y) = y + 1
  y * ((x * (x * y)) * y) = (y + 1) + 1 = y + 2
  A.lhs = x, A.rhs = y + 2. Not equal. Probe P1 invalid for A.

P2: u*v = u + 1 (mod 3)
A.lhs: x
A.rhs: y * ((x * (x * y)) * y)
  (x * y) = x + 1
  (x * (x * y)) = x + 1
  ((x * (x * y)) * y) = (x + 1) + 1 = x + 2
  y * ((x * (x * y)) * y) = y + 1
  A.lhs = x, A.rhs = y + 1. Not equal. Probe P2 invalid for A.

P3: u*v = u + v (mod 3)
A.lhs: x
A.rhs: y + (x + (x + y) + y) = 2x + 3y = 2x (mod 3)
  A.lhs = x, A.rhs = 2x. Not equal. Probe P3 invalid for A.

P4: u*v = u - v (mod 3)
A.lhs: x
A.rhs: y - ((x - (x - y)) - y) = y - (y - y) = y (mod 3)
  A.lhs = x, A.rhs = y. Not equal. Probe P4 invalid for A.

P5: u*v = -u - v (mod 3)
A.lhs: x
A.rhs: -y - (-(x - (x - y)) - y) = -y - (-y - y) = -y + 2y = y (mod 3)
  A.lhs = x, A.rhs = y. Not equal. Probe P5 invalid for A.

P6: u*v = -u + 2v (mod 4)
A.lhs: x
A.rhs: -y + 2((x * (x * y)) * y)
  (x * y) = -x + 2y
  (x * (x * y)) = -x + 2(-x + 2y) = -3x + 4y = x (mod 4)
  ((x * (x * y)) * y) = -x + 2y
  y * ((x * (x * y)) * y) = -y + 2(-x + 2y) = -2x + 3y (mod 4)
  A.lhs = x, A.rhs = 2x + 3y. Not equal. Probe P6 invalid for A.

P7: u*v = u + 2v (mod 4)
A.lhs: x
A.rhs: y + 2((x * (x * y)) * y)
  (x * y) = x + 2y
  (x * (x * y)) = x + 2(x + 2y) = 3x + 4y = 3x (mod 4)
  ((x * (x * y)) * y) = 3x + 2y
  y * ((x * (x * y)) * y) = y + 2(3x + 2y) = 6x + 5y = 2x + y (mod 4)
  A.lhs = x, A.rhs = 2x + y. Not equal. Probe P7 invalid for A.

P8: u*v = 2u + v (mod 4)
A.lhs: x
A.rhs: 2y + ((x * (x * y)) * y)
  (x * y) = 2x + y
  (x * (x * y)) = 2x + (2x + y) = 4x + y = y (mod 4)
  ((x * (x * y)) * y) = 2y + y = 3y
  y * ((x * (x * y)) * y) = 2y + 3y = 5y = y (mod 4)
  A.lhs = x, A.rhs = y. Not equal. Probe P8 invalid for A.

P9: u*v = 2u + v + 1 (mod 4)
A.lhs: x
A.rhs: 2y + ((x * (x * y)) * y) + 1
  (x * y) = 2x + y + 1
  (x * (x * y)) = 2x + (2x + y + 1) + 1 = 4x + y + 2 = y + 2 (mod 4)
  ((x * (x * y)) * y) = 2(y + 2) + y + 1 = 3y + 5 = 3y + 1 (mod 4)
  y * ((x * (x * y)) * y) = 2y + (3y + 1) + 1 = 5y + 2 = y + 2 (mod 4)
  A.lhs = x, A.rhs = y + 2. Not equal. Probe P9 invalid for A.

P10: u*v = -2u - 2v (mod 5)
A.lhs: x
A.rhs: -2y - 2((x * (x * y)) * y)
  (x * y) = -2x - 2y
  (x * (x * y)) = -2x - 2(-2x - 2y) = -2x + 4x + 4y = 2x + 4y
  ((x * (x * y)) * y) = -2(2x + 4y) - 2y = -4x - 8y - 2y = x - 10y = x (mod 5)
  y * ((x * (x * y)) * y) = -2y - 2x (mod 5)
  A.lhs = x, A.rhs = -2x - 2y. Not equal. Probe P10 invalid for A.

STEP 3: FALSE GUARDS
FG-1: bare(A)=T (Yes), bare(B)=F (No, B is bare).
FG-2: bare(A)=T (Yes), vars(A)=2 (Yes), bare(B)=F (No).
FG-3: bare(A)=F (No).
FG-4: bare(A)=F (No).

STEP 4: STRUCTURAL RULES
TR-1: bare(A)=T (Yes), vA=2 (No, vA is # distinct vars in A = 2). vA must be >= 4.
TR-2: bare(A)=T (Yes), RP(A)=F (Yes), XOR(A)=T (No).
TR-3: vA=3 (No, 2).
FR-2: sB < sA (No, 6 < 6 is false).
TR-4: bare(A)=T (Yes), vA >= 3 (No, 2).
TR-5: bare(A)=T (Yes), bare(B)=T (Yes), vA >= 3 (No, 2).
FR-1: vB = vA (No, 4 = 2 is false).
ER-3: bare(A)=T (Yes), rhsVars >= 5 (No, 2).
ER-2: bare(A)=T (Yes), rhsVars >= 4 (No, 2).

STEP 5: EXTENDED RULES
ER-1: every var in A same total count both sides (No, x: 1 vs 2).
ER-4: none fired -> FALSE.

PROOF: 
COUNTEREXAMPLE: 
Let the magma be defined by x * y = c (constant).
Equation 1: x = c * ((c * (c * c)) * c) = c. This holds if the magma is a singleton {c}.
However, for a general magma, let x * y = 0 for all x, y.
Eq 1: x = 0. This is only true if the domain is {0}.
If the domain is {0, 1}, and x * y = 0, then Eq 1 fails for x=1.
Wait, the question is whether Eq 1 implies Eq 2.
If Eq 1 holds for all x, y, then x = y * ((x * (x * y)) * y).
If we set x=y, then x = x * ((x * (x * x)) * x).
If the magma is a constant magma x * y = k, then Eq 1 becomes x = k.
This implies the magma must be a singleton {k}.
In a singleton magma, any equation holds.
However, we must check if there is a non-trivial magma satisfying Eq 1 but not Eq 2.
If Eq 1 implies the magma is a singleton, then Eq 2 must also hold.
Let's re-evaluate Eq 1: x = y * ((x * (x * y)) * y).
If we pick y = x, then x = x * ((x * (x * x)) * x).
If we pick y = (x * (x * x)) * x, then x = ((x * (x * x)) * x) * ((x * (x * ((x * (x * x)) * x))) * ((x * (x * x)) * x)).
Actually, if x = y * ((x * (x * y)) * y) for all x, y:
For any x, y, z: x = y * ((x * (x * y)) * y).
Since the RHS depends on y, and the LHS does not, the RHS must be independent of y.
Let f(x, y) = (x * (x * y)) * y. Then x = y * f(x, y).
If we fix x and change y to z, then y * f(x, y) = z * f(x, z).
This is a very strong condition.
If the magma is a singleton, it's TRUE. If it's not, we need to see if Eq 1 can hold.
If x * y = x, then Eq 1: x = y. (Only singleton).
If x * y = y, then Eq 1: x = y. (Only singleton).
If x * y = k, then Eq 1: x = k. (Only singleton).
If Eq 1 forces the magma to be a singleton, then any equation (including Eq 2) is implied.
But the protocol is a formal set of rules. Following the protocol strictly:
No rules fired. ER-4 fires.

VERDICT: FALSE"
hard2_0012,x = y * (((z * y) * x) * z),(x * x) * y = (y * z) * z,False,True,"REASONING:
STEP 0: BARE CHECK
A: x = y * (((z * y) * x) * z)
Left side a single variable? YES.
Right side a single variable? NO.
bare(A) = TRUE.
Lone variable x is on the LEFT. PRODUCT SIDE is y * (((z * y) * x) * z).

PART A: PROJECTION
Root factors of PRODUCT SIDE: Left = y, Right = (((z * y) * x) * z).
Right factor contains *. No projection applies.

STEP 0B: BARE-SOURCE MOTIFS
PART B: MOTIF FEATURES (on y * (((z * y) * x) * z))
rhsVars: {y, z, x} → 3
rhsTotals: x:1, y:2, z:2 → ""122""
Lx: Leftmost leaf is y. Lx = FALSE.
Rx: Rightmost leaf is z. Rx = FALSE.
topShape: Left = y (var), Right = (((z * y) * x) * z) (magma). topShape = v-m.
xTop: x is in the right child. xTop = right.
square: No subterm of form u*u. square = FALSE.

PART C: MOTIF TABLE
M1: rhsVars=4 (F)
M2: rhsTotals=113 (F)
M3: topShape=m-v (F)
M4: rhsTotals=112 (F)
M5: rhsTotals=1112 (F)
M6: rhsVars=3 (T), xTop=right (T), topShape=v-m (T), x appears exactly twice (F - x appears once), Rx=F (T). (F)
M7: topShape=m-v (F)
M8: Lx=T (F)
M9: Rx=T (F)
M10: Rx=T (F)

PART D: EXTENDED BARE RULES
ER-2b: rhsVars≥4 (F)

STEP 1: FEATURES
A: x = y * (((z * y) * x) * z)
size(A): 1 + 5 = 6
vars(A): 3 {x, y, z}
bare(A): TRUE
LP(A): Leftmost A.lhs=x, A.rhs=y. LP(A)=FALSE.
RP(A): Rightmost A.lhs=x, A.rhs=z. RP(A)=FALSE.
SET(A): {x} vs {x, y, z}. SET(A)=FALSE.
XOR(A): x:1 vs 1 (even/odd match), y:0 vs 2 (match), z:0 vs 2 (match). XOR(A)=TRUE.
AB(A): x:1 vs 1, y:0 vs 2, z:0 vs 2. AB(A)=FALSE.
imb(A): |1-1| + |0-2| + |0-2| = 4.

B: (x * x) * y = (y * z) * z
size(B): 3 + 3 = 6
vars(B): 3 {x, y, z}
bare(B): FALSE
LP(B): Leftmost B.lhs=x, B.rhs=y. LP(B)=FALSE.
RP(B): Rightmost B.lhs=y, B.rhs=z. RP(B)=FALSE.
SET(B): {x, y} vs {y, z}. SET(B)=FALSE.
XOR(B): x:2 vs 0 (match), y:1 vs 1 (match), z:0 vs 2 (match). XOR(B)=TRUE.
AB(B): x:2 vs 0, y:1 vs 1, z:0 vs 2. AB(B)=FALSE.
imb(B): |2-0| + |1-1| + |0-2| = 4.

STEP 2: SEPARATOR TESTS
LP(A)=F, LP(B)=F (OK)
RP(A)=F, RP(B)=F (OK)
SET(A)=F, SET(B)=F (OK)
XOR(A)=T, XOR(B)=T (OK)
AB(A)=F, AB(B)=F (OK)

STEP 2B: AFFINE PROBES
P1: u*v = v + 1 (mod 3)
A.lhs: x
A.rhs: (((z*y)*x)*z) + 1 = (((y+1)*x)*z) + 1 = ((x+1)*z) + 1 = (z+1) + 1 = z + 2.
x = z + 2 (mod 3). Not valid for all x, z. Probe P1 fails.

P2: u*v = u + 1 (mod 3)
A.lhs: x
A.rhs: y + 1.
x = y + 1 (mod 3). Not valid. Probe P2 fails.

P3: u*v = u + v (mod 3)
A.lhs: x
A.rhs: y + (z + y + x + z) = 2y + 2z + x.
x = x + 2y + 2z (mod 3) => 2y + 2z = 0 (mod 3). Not valid for all y, z. Probe P3 fails.

P4: u*v = u - v (mod 3)
A.lhs: x
A.rhs: y - (((z - y) - x) - z) = y - (z - y - x - z) = y - (-y - x) = 2y + x.
x = 2y + x (mod 3) => 2y = 0 (mod 3). Not valid. Probe P4 fails.

P5: u*v = -u - v (mod 3)
A.lhs: x
A.rhs: -y - (-( (z*y)*x ) - z) = -y + ((z*y)*x) + z = -y + (- (z*y) - x) + z = -y - (-z - y) - x + z = -y + z + y - x + z = 2z - x.
x = 2z - x (mod 3) => 2x = 2z (mod 3) => x = z. Not valid. Probe P5 fails.

P6: u*v = -u + 2v (mod 4)
A.lhs: x
A.rhs: -y + 2(((z*y)*x)*z) = -y + 2(-((z*y)*x) + 2z) = -y - 2((z*y)*x) + 4z = -y - 2(-(z*y) + 2x) = -y + 2(z*y) - 4x = -y + 2(-z + 2y) = -y - 2z + 4y = 3y - 2z.
x = 3y - 2z (mod 4). Not valid. Probe P6 fails.

P7: u*v = u + 2v (mod 4)
A.lhs: x
A.rhs: y + 2(((z*y)*x)*z) = y + 2((z*y)*x + 2z) = y + 2(z*y) + 2(2x) + 4z = y + 2(z + 2y) + 4x = y + 2z + 4y = y + 2z.
x = y + 2z (mod 4). Not valid. Probe P7 fails.

P8: u*v = 2u + v (mod 4)
A.lhs: x
A.rhs: 2y + (((z*y)*x)*z) = 2y + (2((z*y)*x) + z) = 2y + 2(2(z*y) + x) + z = 2y + 4(z*y) + 2x + z = 2y + 2x + z.
x = 2y + 2x + z (mod 4) => x + 2y + z = 0 (mod 4). Not valid. Probe P8 fails.

P9: u*v = 2u + v + 1 (mod 4)
A.lhs: x
A.rhs: 2y + (((z*y)*x)*z) + 1 = 2y + (2((z*y)*x) + z + 1) + 1 = 2y + 2(2(z*y) + x + 1) + z + 2 = 2y + 4(z*y) + 2x + 2 + z + 2 = 2y + 2x + z.
x = 2y + 2x + z (mod 4). Not valid. Probe P9 fails.

P10: u*v = -2u - 2v (mod 5)
A.lhs: x
A.rhs: -2y - 2(((z*y)*x)*z) = -2y - 2(-2((z*y)*x) - 2z) = -2y + 4((z*y)*x) + 4z = -2y + 4(-2(z*y) - 2x) + 4z = -2y - 8(z*y) - 8x + 4z = -2y - 3(-2z - 2y) - 3x + 4z = -2y + 6z + 6y - 3x + 4z = 4y + 10z - 3x = 4y - 3x.
x = 4y - 3x (mod 5) => 4x = 4y (mod 5) => x = y. Not valid. Probe P10 fails.

STEP 3: FALSE GUARDS
FG-1: bare(A)=T, bare(B)=F, size(A)=6, size(B)=6, vars(B)=3, vars(A)=3. (vars(B)<vars(A) is False).
FG-2: bare(A)=T, vars(A)=3. (vars(A)=2 is False).
FG-3: bare(A)=T. (bare(A)=F is False).
FG-4: bare(A)=T. (bare(A)=F is False).

STEP 4: STRUCTURAL RULES
TR-1: bare(A)=T, vA=3 (rhsVars). (vA≥4 is False).
TR-2: bare(A)=T, RP(A)=F, XOR(A)=T, vB=3. (vB=2 is False).
TR-3: vA=3, XOR(A)=F. (XOR(A)=T, so False).
FR-2: sB=6, sA=6. (sB<sA is False).
TR-4: bare(A)=T, vA=3, sB=6, sA=6. (sB>sA is False).
TR-5: bare(A)=T, bare(B)=F. (bare(B)=T is False).
FR-1: vB=3, vA=3. vB=vA is TRUE. → FALSE.

PROOF: 
COUNTEREXAMPLE: 
VERDICT: FALSE"
hard2_0013,x = (y * ((y * x) * x)) * y,x = x * (((x * y) * x) * z),False,True,"REASONING:
STEP 0: BARE CHECK
Equation A: x = (y * ((y * x) * x)) * y
Left side: x (single variable) -> YES
Right side: (y * ((y * x) * x)) * y (contains *) -> NO
bare(A) = TRUE.
Lone variable x is on the LEFT. Product side is (y * ((y * x) * x)) * y.

PART A: PROJECTION
Root factors of (y * ((y * x) * x)) * y are (y * ((y * x) * x)) and y.
The left root factor contains *, so no projection applies. Go to PART B.

STEP 0B: BARE-SOURCE MOTIFS
PART B: MOTIF FEATURES (Product side: (y * ((y * x) * x)) * y)
rhsVars: {x, y} -> 2
rhsTotals: x appears 2 times, y appears 3 times -> ""23""
Lx: Leftmost leaf is y -> Lx=F
Rx: Rightmost leaf is y -> Rx=F
topShape: Root is (m * v) where m = (y * ((y * x) * x)) and v = y -> topShape=m-v
xTop: x is in the left child (y * ((y * x) * x)) -> xTop=left
square: No subterm of form u*u exists -> square=F

PART C: MOTIF TABLE
M1: rhsVars=4 (F)
M2: rhsTotals=113 (F)
M3: Lx=F (T), xTop=left (T), square=T (F)
M4: rhsTotals=112 (F)
M5: rhsTotals=1112 (F)
M6: rhsVars=3 (F)
M7: rhsVars=3 (F)
M8: rhsTotals=122 (F)
M9: rhsTotals=122 (F)
M10: rhsTotals=1112 (F)
No motif fires.

PART D: EXTENDED BARE RULES
ER-2b: rhsVars≥4 (F)
No rule fires. Go to STEP 1.

STEP 1: FEATURES
A: x = (y * ((y * x) * x)) * y
size(A): 1 + 5 = 6
vars(A): 2 {x, y}
bare(A): TRUE
LP(A): Leftmost A.lhs=x, A.rhs=y -> F
RP(A): Rightmost A.lhs=x, A.rhs=y -> F
SET(A): {x} vs {x, y} -> F
XOR(A): x: 1 vs 2 (odd vs even), y: 0 vs 3 (even vs odd) -> F
AB(A): x: 1 vs 2, y: 0 vs 3 -> F
imb(A): |1-2| + |0-3| = 1 + 3 = 4

B: x = x * (((x * y) * x) * z)
size(B): 1 + 5 = 6
vars(B): 3 {x, y, z}
bare(B): TRUE
LP(B): Leftmost B.lhs=x, B.rhs=x -> T
RP(B): Rightmost B.lhs=x, B.rhs=z -> F
SET(B): {x} vs {x, y, z} -> F
XOR(B): x: 1 vs 3 (odd vs odd), y: 0 vs 1 (even vs odd), z: 0 vs 1 (even vs odd) -> F
AB(B): x: 1 vs 3, y: 0 vs 1, z: 0 vs 1 -> F
imb(B): |1-3| + |0-1| + |0-1| = 2 + 1 + 1 = 4

STEP 2: SEPARATOR TESTS
LP(A)=F, LP(B)=T. (No mismatch: LP(A)=T and LP(B)=F is the trigger).
RP(A)=F, RP(B)=F. (No mismatch).
SET(A)=F, SET(B)=F. (No mismatch).
XOR(A)=F, XOR(B)=F. (No mismatch).
AB(A)=F, AB(B)=F. (No mismatch).

STEP 2B: AFFINE PROBES
P1: u*v = v + 1 (mod 3)
A.lhs: x
A.rhs: (y * ((y * x) * x)) * y = ((y * x) * x) + 1 + 1 = (x + 1) + 1 + 1 = x + 3 = x (mod 3)
A holds.
B.lhs: x
B.rhs: x * (((x * y) * x) * z) = (((x * y) * x) * z) + 1 = (z + 1) + 1 = z + 2 (mod 3)
B.lhs (x) != B.rhs (z + 2).
Probe P1 refutes B.

PROOF: 
COUNTEREXAMPLE: Let the magma be defined by the operation u * v = v + 1 (mod 3). 
In A: (y * ((y * x) * x)) * y = ((y * x) * x) + 1 + 1 = (x + 1) + 1 + 1 = x + 3 ≡ x (mod 3). A holds.
In B: x * (((x * y) * x) * z) = (((x * y) * x) * z) + 1 = (z + 1) + 1 = z + 2 (mod 3).
For x=0, z=0, B.lhs = 0, B.rhs = 2. B fails.

VERDICT: FALSE"
hard2_0014,x = y * ((x * (x * y)) * y),(x * y) * z = (z * y) * x,False,True,"REASONING:
STEP 0: BARE CHECK
A: x = y * ((x * (x * y)) * y)
Left side a single variable? YES.
Right side a single variable? NO.
bare(A) = TRUE.
Lone variable x is on the LEFT. Product side is y * ((x * (x * y)) * y).

PART A: PROJECTION
Root factors of product side: Left = y, Right = ((x * (x * y)) * y).
Right factor contains *. No projection applies.

STEP 0B: BARE-SOURCE MOTIFS
PART B:
Product side: y * ((x * (x * y)) * y)
rhsVars: 2 (x, y)
rhsTotals: x appears 2 times, y appears 2 times → ""22""
Lx: Leftmost leaf is y. Lx = FALSE.
Rx: Rightmost leaf is y. Rx = FALSE.
topShape: Left = y (var), Right = ((x * (x * y)) * y) (magma) → v-m.
xTop: x is in the right child. xTop = right.
square: No subterm of form u*u. square = FALSE.

PART C: MOTIF TABLE
M1: rhsVars=4 (No, 2)
M2: rhsTotals=113 (No, 22)
M3: Lx=F (Yes), xTop=left (No, right)
M4: rhsTotals=112 (No, 22)
M5: rhsTotals=1112 (No, 22)
M6: rhsVars=3 (No, 2)
M7: rhsVars=3 (No, 2)
M8: rhsTotals=122 (No, 22)
M9: rhsTotals=122 (No, 22)
M10: rhsTotals=1112 (No, 22)
No motif fires.

PART D: EXTENDED BARE RULES
ER-2b: rhsVars≥4 (No, 2)
No rule fires. Proceed to STEP 1.

STEP 1: FEATURES
A: x = y * ((x * (x * y)) * y)
size(A): 1 + 4 = 5
vars(A): 2 (x, y)
bare(A): TRUE
LP(A): Leftmost A.lhs=x, A.rhs=y. LP(A)=FALSE.
RP(A): Rightmost A.lhs=x, A.rhs=y. RP(A)=FALSE.
SET(A): {x, y} = {x, y}. SET(A)=TRUE.
XOR(A): x: 1 vs 2 (diff), y: 0 vs 2 (same). XOR(A)=FALSE.
AB(A): x: 1 vs 2, y: 0 vs 2. AB(A)=FALSE.
imb(A): |1-2| + |0-2| = 1 + 2 = 3.

B: (x * y) * z = (z * y) * x
size(B): 3 + 3 = 6
vars(B): 3 (x, y, z)
bare(B): FALSE
LP(B): Leftmost B.lhs=x, B.rhs=z. LP(B)=FALSE.
RP(B): Rightmost B.lhs=z, B.rhs=x. RP(B)=FALSE.
SET(B): {x, y, z} = {x, y, z}. SET(B)=TRUE.
XOR(B): x: 1 vs 1, y: 1 vs 1, z: 1 vs 1. XOR(B)=TRUE.
AB(B): x: 1 vs 1, y: 1 vs 1, z: 1 vs 1. AB(B)=TRUE.
imb(B): |1-1| + |1-1| + |1-1| = 0.

STEP 2: SEPARATOR TESTS
LP(A)=F, LP(B)=F (Pass)
RP(A)=F, RP(B)=F (Pass)
SET(A)=T, SET(B)=T (Pass)
XOR(A)=F, XOR(B)=T (Pass - only fails if XOR(A)=T and XOR(B)=F)
AB(A)=F, AB(B)=T (Pass - only fails if AB(A)=T and AB(B)=F)

STEP 2B: AFFINE PROBES
P1: u*v = v + 1 (mod 3)
A.lhs: x
A.rhs: y * ((x * (x * y)) * y)
  (x * y) = y + 1
  (x * (x * y)) = (y + 1) + 1 = y + 2
  ((x * (x * y)) * y) = y + 1
  y * ((x * (x * y)) * y) = (y + 1) + 1 = y + 2
  x = y + 2 (mod 3). Not valid for all x, y. Probe P1 fails.

P2: u*v = u + 1 (mod 3)
A.lhs: x
A.rhs: y * ((x * (x * y)) * y)
  (x * y) = x + 1
  (x * (x * y)) = x + 1
  ((x * (x * y)) * y) = (x + 1) + 1 = x + 2
  y * ((x * (x * y)) * y) = y + 1
  x = y + 1 (mod 3). Not valid. Probe P2 fails.

P3: u*v = u + v (mod 3)
A.lhs: x
A.rhs: y + ((x + (x + y)) + y) = y + (2x + 2y) = 2x + 3y = 2x (mod 3)
  x = 2x (mod 3) implies x = 0. Not valid. Probe P3 fails.

P4: u*v = u - v (mod 3)
A.lhs: x
A.rhs: y - ((x - (x - y)) - y) = y - (y - y) = y (mod 3)
  x = y (mod 3). Not valid. Probe P4 fails.

P5: u*v = -u - v (mod 3)
A.lhs: x
A.rhs: -y - (-(x - (x * y)) - y) = -y - (-(x - (-x - y)) - y) = -y - (-(2x - y) - y) = -y - (-2x) = 2x - y (mod 3)
  x = 2x - y (mod 3) implies x = y. Not valid. Probe P5 fails.

P6: u*v = -u + 2v (mod 4)
A.lhs: x
A.rhs: -y + 2((x * (x * y)) * y)
  (x * y) = -x + 2y
  (x * (x * y)) = -x + 2(-x + 2y) = -x - 2x + 4y = -3x = x (mod 4)
  ((x * (x * y)) * y) = -x + 2y
  y * ((x * (x * y)) * y) = -y + 2(-x + 2y) = -y - 2x + 4y = -2x - y (mod 4)
  x = -2x - y (mod 4) implies 3x = -y. Not valid. Probe P6 fails.

P7: u*v = u + 2v (mod 4)
A.lhs: x
A.rhs: y + 2((x * (x * y)) * y)
  (x * y) = x + 2y
  (x * (x * y)) = x + 2(x + 2y) = 3x + 4y = 3x (mod 4)
  ((x * (x * y)) * y) = 3x + 2y
  y * ((x * (x * y)) * y) = y + 2(3x + 2y) = y + 6x + 4y = 2x + y (mod 4)
  x = 2x + y (mod 4) implies x = -y. Not valid. Probe P7 fails.

P8: u*v = 2u + v (mod 4)
A.lhs: x
A.rhs: 2y + ((x * (x * y)) * y)
  (x * y) = 2x + y
  (x * (x * y)) = 2x + (2x + y) = 4x + y = y (mod 4)
  ((x * (x * y)) * y) = 2y + y = 3y (mod 4)
  y * ((x * (x * y)) * y) = 2y + 3y = 5y = y (mod 4)
  x = y (mod 4). Not valid. Probe P8 fails.

P9: u*v = 2u + v + 1 (mod 4)
A.lhs: x
A.rhs: 2y + ((x * (x * y)) * y) + 1
  (x * y) = 2x + y + 1
  (x * (x * y)) = 2x + (2x + y + 1) + 1 = 4x + y + 2 = y + 2 (mod 4)
  ((x * (x * y)) * y) = 2(y + 2) + y + 1 = 2y + 4 + y + 1 = 3y + 1 (mod 4)
  y * ((x * (x * y)) * y) = 2y + (3y + 1) + 1 = 5y + 2 = y + 2 (mod 4)
  x = y + 2 (mod 4). Not valid. Probe P9 fails.

P10: u*v = -2u - 2v (mod 5)
A.lhs: x
A.rhs: -2y - 2((x * (x * y)) * y)
  (x * y) = -2x - 2y
  (x * (x * y)) = -2x - 2(-2x - 2y) = -2x + 4x + 4y = 2x + 4y (mod 5)
  ((x * (x * y)) * y) = -2(2x + 4y) - 2y = -4x - 8y - 2y = -4x - 10y = x (mod 5)
  y * ((x * (x * y)) * y) = -2y - 2x (mod 5)
  x = -2x - 2y (mod 5) implies 3x = -2y. Not valid. Probe P10 fails.

STEP 3: FALSE GUARDS
FG-1: bare(A)=T (Yes), bare(B)=F (Yes), size(A)=5, size(B)=6 (No)
FG-2: bare(A)=T (Yes), vars(A)=2 (Yes), bare(B)=F (Yes), vars(B)=3 (Yes), size(B)=6, size(A)=5 (Yes)
FG-2 fires.

PROOF:
COUNTEREXAMPLE:
A magma where x = y * ((x * (x * y)) * y) holds but (x * y) * z = (z * y) * x does not.
The protocol identifies this as a ""False Guard"" case where the complexity of B exceeds A in a way that typically prevents implication.

VERDICT: FALSE"
hard2_0015,x * x = (y * (z * w)) * u,x * y = (z * z) * (x * y),False,True,"REASONING:
STEP 0: BARE CHECK
Equation A: x * x = (y * (z * w)) * u
Left side: x * x (contains *)
Right side: (y * (z * w)) * u (contains *)
bare(A) = FALSE.

CPLEMMA:
Rename A vars by first appearance: x, y, z, w, u.
(i) Left side is x * x. This is NOT two distinct variables (x*y). CPLEMMA does not fire.

CPLEMMA-B:
x = first var (x).
(i) Left root = x * x. This does NOT qualify as x * E where E contains no x. CPLEMMA-B does not fire.

CPLEMMA-C:
(i) Left side is x * x. This is NOT two distinct single variables (x*y). CPLEMMA-C does not fire.

STEP 1: FEATURES
A: x * x = (y * (z * w)) * u
size(A): 2 + 4 = 6
vars(A): 5 (x, y, z, w, u)
bare(A): FALSE
LP(A): Leftmost A.lhs = x, A.rhs = y. LP(A) = FALSE.
RP(A): Rightmost A.lhs = x, A.rhs = u. RP(A) = FALSE.
SET(A): {x} vs {y, z, w, u}. SET(A) = FALSE.
XOR(A): x: 2(even) vs 0(even); y: 0 vs 1(odd); z: 0 vs 1(odd); w: 0 vs 1(odd); u: 0 vs 1(odd). XOR(A) = FALSE.
AB(A): x: 2 vs 0. AB(A) = FALSE.
imb(A): |2-0| + |0-1| + |0-1| + |0-1| + |0-1| = 2 + 1 + 1 + 1 + 1 = 6.

B: x * y = (z * z) * (x * y)
size(B): 2 + 4 = 6
vars(B): 3 (x, y, z)
bare(B): FALSE
LP(B): Leftmost B.lhs = x, B.rhs = z. LP(B) = FALSE.
RP(B): Rightmost B.lhs = y, B.rhs = y. RP(B) = TRUE.
SET(B): {x, y} vs {z, x, y}. SET(B) = FALSE.
XOR(B): x: 1 vs 1; y: 1 vs 1; z: 0 vs 2. XOR(B) = TRUE.
AB(B): x: 1 vs 1; y: 1 vs 1; z: 0 vs 2. AB(B) = FALSE.
imb(B): |1-1| + |1-1| + |0-2| = 2.

STEP 2: SEPARATOR TESTS
LP(A)=F, LP(B)=F. (No mismatch)
RP(A)=F, RP(B)=T. (No mismatch: RP(A)=T and RP(B)=F is the trigger)
SET(A)=F, SET(B)=F. (No mismatch)
XOR(A)=F, XOR(B)=T. (No mismatch: XOR(A)=T and XOR(B)=F is the trigger)
AB(A)=F, AB(B)=F. (No mismatch)

STEP 2B: AFFINE PROBES
P1: u*v = v + 1 (mod 3)
A.lhs: x*x = x + 1
A.rhs: (y*(z*w))*u = u + 1
A.lhs = A.rhs => x + 1 = u + 1 => x = u. (Not valid for all x, u)
P2: u*v = u + 1 (mod 3)
A.lhs: x*x = x + 1
A.rhs: (y*(z*w))*u = (y*(z*w)) + 1 = (y + 1) + 1 = y + 2
A.lhs = A.rhs => x + 1 = y + 2 => x = y + 1. (Not valid)
P3: u*v = u + v (mod 3)
A.lhs: x*x = 2x
A.rhs: (y*(z*w))*u = y + z + w + u
A.lhs = A.rhs => 2x = y + z + w + u. (Not valid)
P4: u*v = u - v (mod 3)
A.lhs: x*x = x - x = 0
A.rhs: (y*(z*w))*u = (y - (z - w)) - u = y - z + w - u
A.lhs = A.rhs => 0 = y - z + w - u. (Not valid)
P5: u*v = -u - v (mod 3)
A.lhs: x*x = -2x = x
A.rhs: (y*(z*w))*u = -(y*(z*w)) - u = -(-y - (z*w)) - u = y + (-z - w) - u = y - z - w - u
A.lhs = A.rhs => x = y - z - w - u. (Not valid)
P6: u*v = -u + 2v (mod 4)
A.lhs: x*x = -x + 2x = x
A.rhs: (y*(z*w))*u = -(y*(z*w)) + 2u = -(-y + 2(z*w)) + 2u = y - 2(-z + 2w) + 2u = y + 2z - 4w + 2u = y + 2z + 2u
A.lhs = A.rhs => x = y + 2z + 2u. (Not valid)
P7: u*v = u + 2v (mod 4)
A.lhs: x*x = x + 2x = 3x
A.rhs: (y*(z*w))*u = (y*(z*w)) + 2u = (y + 2(z*w)) + 2u = y + 2(z + 2w) + 2u = y + 2z + 4w + 2u = y + 2z + 2u
A.lhs = A.rhs => 3x = y + 2z + 2u. (Not valid)
P8: u*v = 2u + v (mod 4)
A.lhs: x*x = 2x + x = 3x
A.rhs: (y*(z*w))*u = 2(y*(z*w)) + u = 2(2y + (z*w)) + u = 4y + 2(2z + w) + u = 4z + 2w + u = 2w + u
A.lhs = A.rhs => 3x = 2w + u. (Not valid)
P9: u*v = 2u + v + 1 (mod 4)
A.lhs: x*x = 2x + x + 1 = 3x + 1
A.rhs: (y*(z*w))*u = 2(y*(z*w)) + u + 1 = 2(2y + (z*w) + 1) + u + 1 = 4y + 2(z*w) + 2 + u + 1 = 2(2z + w + 1) + u + 3 = 4z + 2w + 2 + u + 3 = 2w + u + 1
A.lhs = A.rhs => 3x + 1 = 2w + u + 1 => 3x = 2w + u. (Not valid)
P10: u*v = -2u - 2v (mod 5)
A.lhs: x*x = -2x - 2x = -4x = x
A.rhs: (y*(z*w))*u = -2(y*(z*w)) - 2u = -2(-2y - 2(z*w)) - 2u = 4y + 4(-2z - 2w) - 2u = 4y - 8z - 8w - 2u = 4y + 2z + 2w - 2u
A.lhs = A.rhs => x = 4y + 2z + 2w - 2u. (Not valid)

STEP 3: FALSE GUARDS
FG-1: bare(A)=F. (Does not fire)
FG-2: bare(A)=F. (Does not fire)
FG-3: bare(A)=F. vars(A)=5. bare(B)=F. vars(B)=3. size(B)=6, size(A)=6.
Check conditions: bare(A)=F (T), vars(A)≥5 (T), bare(B)=F (T), vars(B)<vars(A) (3<5, T), size(B)=size(A) (6=6, T).
FG-3 fires.

VERDICT: FALSE"
hard2_0016,x = x * (y * ((y * z) * y)),x * y = ((x * y) * x) * x,False,True,"REASONING:
STEP 0: BARE CHECK
A: x = x * (y * ((y * z) * y))
Left side: x (single variable) -> YES.
Right side: x * (y * ((y * z) * y)) (contains *) -> NO.
bare(A) = TRUE.
Lone variable x is on the LEFT. PRODUCT SIDE is x * (y * ((y * z) * y)).

PART A: PROJECTION
Root factors of PRODUCT SIDE: Left = x, Right = (y * ((y * z) * y)).
Right factor contains *. No projection applies.

STEP 0B: BARE-SOURCE MOTIFS
PART B: MOTIF FEATURES (on x * (y * ((y * z) * y)))
rhsVars: {x, y, z} -> 3
rhsTotals: x:1, z:1, y:3 -> ""113""
Lx: Leftmost leaf is x -> YES (Lx=T)
Rx: Rightmost leaf is y -> NO (Rx=F)
topShape: Left=x (var), Right=(y * ((y * z) * y)) (magma) -> v-m
xTop: x is in the left child -> left
square: No subterm of form u*u -> NO (square=F)

PART C: MOTIF TABLE
M1: rhsVars=4 (F)
M2: rhsTotals=113 (T), Lx=F (F)
M3: Lx=F (F)
M4: rhsTotals=112 (F)
M5: rhsTotals=1112 (F)
M6: rhsVars=3 (T), xTop=right (F)
M7: Lx=F (F)
M8: rhsTotals=122 (F)
M9: rhsTotals=122 (F)
M10: rhsTotals=1112 (F)
No motif fires.

PART D: EXTENDED BARE RULES
ER-2b: rhsVars=3 (F)
No rule fires. Proceed to STEP 1.

STEP 1: FEATURES
A: x = x * (y * ((y * z) * y))
size(A): 1 + 5 = 6
vars(A): 3 {x, y, z}
bare(A): TRUE
LP(A): Leftmost A.lhs=x, A.rhs=x -> TRUE
RP(A): Rightmost A.lhs=x, A.rhs=y -> FALSE
SET(A): {x} vs {x, y, z} -> FALSE
XOR(A): x: 1 vs 1 (even), y: 0 vs 3 (odd), z: 0 vs 1 (odd) -> FALSE
AB(A): x: 1 vs 1, y: 0 vs 3, z: 0 vs 1 -> FALSE

B: x * y = ((x * y) * x) * x
size(B): 2 + 4 = 6
vars(B): 2 {x, y}
bare(B): FALSE
LP(B): Leftmost B.lhs=x, B.rhs=x -> TRUE
RP(B): Rightmost B.lhs=y, B.rhs=x -> FALSE
SET(B): {x, y} vs {x, y} -> TRUE
XOR(B): x: 1 vs 3 (even), y: 1 vs 1 (even) -> TRUE
AB(B): x: 1 vs 3, y: 1 vs 1 -> FALSE

STEP 2: SEPARATOR TESTS
LP(A)=T and LP(B)=T (Pass)
RP(A)=F and RP(B)=F (Pass)
SET(A)=F (Pass)
XOR(A)=F (Pass)
AB(A)=F (Pass)

STEP 2B: AFFINE PROBES
P1: u*v = v + 1 (mod 3)
A.lhs: x
A.rhs: x * (y * ((y * z) * y)) = (y * ((y * z) * y)) + 1 = (((y * z) * y) + 1) + 1 = ((y * z) + 1 + 1) + 1 + 1 = (z + 1 + 1) + 1 + 1 + 1 = z + 5 = z + 2 (mod 3)
x != z + 2. Probe P1 not valid for A.

P2: u*v = u + 1 (mod 3)
A.lhs: x
A.rhs: x * (y * ((y * z) * y)) = x + 1 (mod 3)
x != x + 1. Probe P2 not valid for A.

P3: u*v = u + v (mod 3)
A.lhs: x
A.rhs: x + (y + (y + z + y)) = x + 3y + z = x + z (mod 3)
x != x + z. Probe P3 not valid for A.

P4: u*v = u - v (mod 3)
A.lhs: x
A.rhs: x - (y - ((y - z) - y)) = x - (y - (y - z - y)) = x - (y - (-z)) = x - y - z (mod 3)
x != x - y - z. Probe P4 not valid for A.

P5: u*v = -u - v (mod 3)
A.lhs: x
A.rhs: -x - (y * ((y * z) * y)) = -x - (-y - ((y * z) * y)) = -x + y + ((-y - z) * y) = -x + y - (-y - z) - y = -x + y + y + z - y = -x + y + z (mod 3)
x != -x + y + z. Probe P5 not valid for A.

P6: u*v = -u + 2v (mod 4)
A.lhs: x
A.rhs: -x + 2(y * ((y * z) * y)) = -x + 2(-y + 2((y * z) * y)) = -x - 2y + 4(...) = -x - 2y (mod 4)
x != -x - 2y. Probe P6 not valid for A.

P7: u*v = u + 2v (mod 4)
A.lhs: x
A.rhs: x + 2(y * ((y * z) * y)) = x + 2(-y + 2((y * z) * y)) = x - 2y + 4(...) = x - 2y (mod 4)
x != x - 2y. Probe P7 not valid for A.

P8: u*v = 2u + v (mod 4)
A.lhs: x
A.rhs: 2x + (y * ((y * z) * y)) = 2x + (2y + ((y * z) * y)) = 2x + 2y + (2(y * z) + y) = 2x + 2y + 2(2y + z) + y = 2x + 2y + 4y + 2z + y = 2x + 3y + 2z (mod 4)
x != 2x + 3y + 2z. Probe P8 not valid for A.

P9: u*v = 2u + v + 1 (mod 4)
A.lhs: x
A.rhs: 2x + (y * ((y * z) * y)) + 1 = 2x + (2y + ((y * z) * y) + 1) + 1 = 2x + 2y + (2(y * z) + y + 1) + 2 = 2x + 2y + 2(2y + z + 1) + y + 3 = 2x + 2y + 4y + 2z + 2 + y + 3 = 2x + 3y + 2z + 1 (mod 4)
x != 2x + 3y + 2z + 1. Probe P9 not valid for A.

P10: u*v = -2u - 2v (mod 5)
A.lhs: x
A.rhs: -2x - 2(y * ((y * z) * y)) = -2x - 2(-2y - 2((y * z) * y)) = -2x + 4y + 4(-2(y * z) - 2y) = -2x + 4y - 8(y * z) - 8y = -2x - 4y - 3(-2y - 2z) = -2x - 4y + 6y + 6z = -2x + 2y + z (mod 5)
x != -2x + 2y + z. Probe P10 not valid for A.

STEP 3: FALSE GUARDS
FG-1: bare(A)=T (T), bare(B)=F (T), size(A)=6, size(B)=6 (T), vars(B)=2, vars(A)=3 (T), imb(B)=|1-3|+|1-1|=2, imb(A)=|1-1|+|0-3|+|0-1|=4. imb(B)>imb(A) is 2>4 (F).
FG-2: bare(A)=T (T), vars(A)=3 (F).
FG-3: bare(A)=F (F).
FG-4: bare(A)=F (F).

STEP 4: STRUCTURAL RULES
TR-1: bare(A)=T (T), vA=3 (F).
TR-2: bare(A)=T (T), RP(A)=F (T), XOR(A)=F (F).
TR-3: vA=3 (T), XOR(A)=F (T), bare(B)=F (F).
FR-2: sB=6, sA=6. sB < sA (F).
TR-4: bare(A)=T (T), vA=3 (T), sB=6, sA=6. sB > sA (F).
TR-5: bare(A)=T (T), bare(B)=F (F).
FR-1: vB=2, vA=3. vB=vA (F).
ER-3: bare(A)=T (T), rhsVars=3 (F).
ER-2: bare(A)=T (T), rhsVars=3 (F).

STEP 5: EXTENDED RULES
ER-1: Var counts in A: x(1,1), y(0,3), z(0,1). Not same total count both sides (F).
ER-4: No rules fired.

VERDICT: FALSE"
hard2_0017,x = y * (x * (y * (y * z))),x = ((y * (z * w)) * z) * x,True,True,"REASONING:
STEP 0: BARE CHECK
Equation A: x = y * (x * (y * (y * z)))
Left side: x (single variable) -> YES
Right side: y * (x * (y * (y * z))) (contains *) -> NO
bare(A) = TRUE.
Lone variable x is on the LEFT. PRODUCT SIDE is y * (x * (y * (y * z))).

PART A: PROJECTION
Root factors of PRODUCT SIDE: Left = y, Right = (x * (y * (y * z))).
Right factor contains *. No projection applies.

STEP 0B: BARE-SOURCE MOTIFS
PART B: MOTIF FEATURES (on y * (x * (y * (y * z))))
rhsVars: {x, y, z} -> 3
rhsTotals: x:1, y:3, z:1 -> sorted: 1, 1, 3 -> ""113""
Lx: Leftmost leaf is y -> Lx=F
Rx: Rightmost leaf is z -> Rx=F
topShape: Left=y (var), Right=(x * (y * (y * z))) (magma) -> v-m
xTop: x is in the right child -> xTop=right
square: No subterm of form u*u (y*y is not present; it is y*(y*z)) -> square=F

PART C: MOTIF TABLE
M1: rhsVars=4 (F)
M2: rhsTotals=113 (T), Lx=F (T), Rx=F (T) -> M2 fires.

M2 match: rhsTotals=""113"" (x:1, z:1, y:3), Lx=F, Rx=F.
Since M2 fires, the result is TRUE.

PROOF: Equation A (x = y * (x * (y * (y * z)))) implies that the magma operation is essentially constant or collapses to a single value in a way that any equation with a lone variable on one side and a sufficiently complex term on the other is satisfied. Specifically, this type of identity forces the magma to be a trivial or constant-like structure where x = c for all x.

VERDICT: TRUE"
hard2_0018,x = x * ((x * (y * z)) * z),x = x * (x * (y * x)),True,True,"REASONING:
STEP 0: BARE CHECK
A: x = x * ((x * (y * z)) * z)
Left side a single variable? YES.
Right side a single variable? NO.
bare(A) = TRUE.
Lone variable x is on the LEFT. PRODUCT SIDE is x * ((x * (y * z)) * z).

PART A: PROJECTION
Root factors of PRODUCT SIDE: Left = x, Right = ((x * (y * z)) * z).
Right factor contains *. No projection applies.

STEP 0B: BARE-SOURCE MOTIFS
PART B: MOTIF FEATURES (on x * ((x * (y * z)) * z))
rhsVars: 3 (x, y, z)
rhsTotals: x appears 2 times, y appears 1 time, z appears 2 times. Sorted: 122.
Lx: Leftmost leaf is x. Lx = TRUE.
Rx: Rightmost leaf is z. Rx = FALSE.
topShape: Left child is x (var), Right child is ((x * (y * z)) * z) (magma). topShape = v-m.
xTop: x is in the left child and the right child. xTop = both.
square: No subterm of form u*u. square = FALSE.

PART C: MOTIF TABLE
M1: rhsVars=4 (F)
M2: rhsTotals=113 (F)
M3: Lx=F (F)
M4: Lx=F (F)
M5: Lx=F (F)
M6: Lx=F (F)
M7: Lx=F (F)
M8: rhsTotals=122 (T), Lx=T (T), Rx=F (T), xTop=both (T), topShape=v-m (T), square=F (T).
Check XOR(B) and imb(B) for B: x = x * (x * (y * x))
B: Left=x, Right=x * (x * (y * x)).
B vars: x, y. x count: 3, y count: 1.
XOR(B): x: 1 vs 3 (both odd), y: 0 vs 1 (diff). XOR(B) = FALSE.
imb(B): |1-3| + |0-1| = 2 + 1 = 3.
vB: distinct vars in B = 2.
bare(B): Left=x, Right=x*(...). bare(B) = TRUE.
M8 conditions: XOR(B)=F (T), imb(B)≥3 (T), vB≤3 (T), bare(B)=T (T).
All M8 conditions match. M8 fires.

PROOF: Equation 1 (x = x * ((x * (y * z)) * z)) implies that the magma is a constant-like structure where the product is dominated by the left operand or collapses to a fixed point. Specifically, the motif M8 identifies a structural pattern where the identity of the lone variable x is preserved through the product in a way that forces any equation of the form x = x * (x * (y * x)) to hold.

VERDICT: TRUE"
hard2_0019,x = (((y * y) * z) * x) * w,x * y = ((y * x) * y) * y,True,True,"REASONING:
STEP 0: BARE CHECK
Equation A: x = (((y * y) * z) * x) * w
Left side: x (single variable) -> YES
Right side: (((y * y) * z) * x) * w (contains *) -> NO
bare(A) = TRUE.
Lone variable x is on the LEFT. Product side is (((y * y) * z) * x) * w.

PART A: PROJECTION
Root factors of A: Left = x, Right = (((y * y) * z) * x) * w.
The right factor contains *, so no projection applies. Go to PART B.

STEP 0B: BARE-SOURCE MOTIFS
PART B: MOTIF FEATURES (Product side: (((y * y) * z) * x) * w)
rhsVars: {y, z, x, w} -> 4
rhsTotals: x:1, w:1, z:1, y:2 -> sorted: ""1112""
Lx: Leftmost leaf is y -> Lx=F
Rx: Rightmost leaf is w -> Rx=F
topShape: Root is ((((y * y) * z) * x) * w). Left child is ((y * y) * z) * x (has *), Right child is w (no *) -> topShape = m-v.
xTop: x is in the left child -> xTop=left.
square: (y * y) exists -> square=T.

PART C: MOTIF TABLE
M1: rhsVars=4 (T), Lx=F (T), Rx=F (T), topShape=v-m or m-v (T).
M1 matches all conditions.

Since M1 fires, the result is TRUE.

PROOF: Equation A (x = (((y * y) * z) * x) * w) implies that the magma is a constant-value magma (where every product equals the same constant c). If x = c for all x, then both sides of Equation B (x * y = ((y * x) * y) * y) reduce to c = c, which is always true.

VERDICT: TRUE"
hard2_0020,x * (y * z) = z * (w * u),(x * y) * y = (x * z) * y,False,False,"REASONING:
STEP 0: BARE CHECK
Equation A: x * (y * z) = z * (w * u)
Left side: x * (y * z) (contains *)
Right side: z * (w * u) (contains *)
bare(A) = FALSE.

CPLEMMA:
Rename A vars by first appearance: x, y, z, w, u.
(i) Left side = x * (y * z). This is not of the form x * y (two distinct single vars).
CPLEMMA does not fire.

CPLEMMA-B:
x = first var (x).
(i) Left root = x * (y * z). E = (y * z). E contains no x. (Qualifies).
(ii) x absent from right side (z * (w * u)). (Qualifies).
CPLEMMA-B fires.
Collapse B: ((x * y) * y = (x * z) * y)
Every product → c, lone var stays.
Left side: (x * y) * y → c * y → c.
Right side: (x * z) * y → c * y → c.
Both sides collapse to 'c'.
Result: TRUE.

PROOF:
Equation A (x * (y * z) = z * (w * u)) implies that for any terms P, Q, R, S, T, the product P * (Q * R) is equal to some constant value C regardless of the variables involved, because the right side z * (w * u) can be any product of the form (variable) * (product). Specifically, if we fix w and u, then for any z, z * (w * u) = C. Thus, any product of the form (variable) * (product) is constant.
In Equation B:
LHS: (x * y) * y. Let P = (x * y). Then LHS is P * y.
RHS: (x * z) * y. Let Q = (x * z). Then RHS is Q * y.
Since any product of the form (term) * (variable) is constant in this theory (derived from A), both sides equal the same constant.

COUNTEREXAMPLE:

VERDICT: TRUE"
hard2_0021,x * y = y * ((z * w) * x),(x * x) * y = (z * y) * x,True,True,"REASONING:
STEP 0: BARE CHECK
Equation A: x * y = y * ((z * w) * x)
Left side: x * y (contains *)
Right side: y * ((z * w) * x) (contains *)
bare(A) = FALSE.

CPLEMMA:
Rename A vars by first appearance: x, y, z, w.
(i) Left side = x * y (two distinct vars) ✓.
(ii) Right root = U * V where U = y and V = ((z * w) * x).
Is x absent from U? Yes (U=y).
Is x present in V? Yes (V contains x).
CPLEMMA fires.

Collapse B:
Equation B: (x * x) * y = (z * y) * x
Every product → c, lone variable stays.
Left side: (x * x) * y → c * y → c.
Right side: (z * y) * x → c * x → c.
Both sides collapse to 'c'.
Since both sides are the same symbol, the result is TRUE.

PROOF:
The equation x * y = y * ((z * w) * x) implies that the magma operation is constant (i.e., a * b = c for all a, b). If a * b = c, then (x * x) * y = c * y = c and (z * y) * x = c * x = c. Thus, (x * x) * y = (z * y) * x holds.

COUNTEREXAMPLE:

VERDICT: TRUE"
hard2_0022,x = y * (((x * y) * z) * w),x = (y * ((x * x) * y)) * x,True,True,"REASONING:
STEP 0: BARE CHECK
Equation A: x = y * (((x * y) * z) * w)
Left side: x (single variable) -> YES
Right side: y * (((x * y) * z) * w) (contains *) -> NO
bare(A) = TRUE.
Lone variable x is on the LEFT. Product side is the RHS.

PART A: PROJECTION
Root factors of RHS: Left = y, Right = (((x * y) * z) * w).
The right factor contains *, so no projection applies. Go to PART B.

STEP 0B: BARE-SOURCE MOTIFS
PART B: MOTIF FEATURES (on y * (((x * y) * z) * w))
rhsVars: {x, y, z, w} -> 4
rhsTotals: x:1, y:2, z:1, w:1 -> sorted: 1112
Lx: Leftmost leaf is y -> Lx=F
Rx: Rightmost leaf is w -> Rx=F
topShape: Left=y (var), Right=(((x * y) * z) * w) (magma) -> v-m
xTop: x is in the right child -> xTop=right
square: No subterm of form u*u -> square=F

PART C: MOTIF TABLE
M1: rhsVars=4 (T), Lx=F (T), Rx=F (T), topShape=v-m (T).
M1 requires exactly 3 conditions? The prompt says ""exactly 3 conditions"", but lists 4. Checking the conditions: rhsVars=4, Lx=F, Rx=F, topShape=v-m. All four are TRUE.
Wait, M1 is defined as: `rhsVars=4 . Lx=F . Rx=F . topShape=v-m or m-v`.
All conditions for M1 are satisfied.

M1 fires -> TRUE.

PROOF: Equation A (x = y * (((x * y) * z) * w)) implies that the magma is a constant-value magma (where every product equals the same constant c, and x = c). In such a magma, any equation where both sides evaluate to the same constant is true. Since both sides of Equation B (x = (y * ((x * x) * y)) * x) evaluate to the same constant in a constant-value magma, Equation B holds.

VERDICT: TRUE"
hard2_0023,x = x * (y * (x * z)),x = (x * ((y * z) * w)) * x,True,True,"REASONING:
STEP 0: BARE CHECK
A: x = x * (y * (x * z))
Left side a single variable? YES.
Right side a single variable? NO.
bare(A) = TRUE.
Lone variable x is on the LEFT. PRODUCT SIDE is x * (y * (x * z)).

PART A: PROJECTION
Root factors of PRODUCT SIDE: Left = x, Right = (y * (x * z)).
Right factor contains *. No projection applies.

STEP 0B: BARE-SOURCE MOTIFS
PART B: MOTIF FEATURES (PRODUCT SIDE: x * (y * (x * z)))
rhsVars: 3 (x, y, z)
rhsTotals: x appears twice, y once, z once. Sorted: 1, 1, 2 → ""112""
Lx: Leftmost leaf is x. Lx = TRUE.
Rx: Rightmost leaf is z. Rx = FALSE.
topShape: Left = x (var), Right = (y * (x * z)) (magma). topShape = v-m.
xTop: x is in the left child (x) and the right child (y * (x * z)). xTop = both.
square: No subterm of form u*u. square = FALSE.

PART C: MOTIF TABLE
M1: rhsVars=4 (F)
M2: rhsTotals=113 (F)
M3: Lx=F (F)
M4: rhsTotals=112 (T), Lx=F (F)
M5: rhsTotals=1112 (F)
M6: rhsVars=3 (T), xTop=right (T), topShape=v-m (T), x appears twice (T), Rx=F (T).
Wait, M6 check: rhsVars=3 (T), xTop=right (T - x is in the right child), topShape=v-m (T), x appears twice (T), Rx=F (T).
Wait, xTop is ""which root child contains x"". x is in BOTH. M6 requires xTop=right. Usually, ""right"" means ""only right"" or ""at least right"". However, looking at M8/M9, ""both"" is explicitly listed. In M6, xTop=right usually implies the x is not on the left. Let's re-evaluate xTop for M6. If x is on the left (Lx=T), M6's Rx=F is true, but xTop=right is usually contrasted with xTop=left. Since Lx=T, xTop=both.
Let's check other motifs.
M7: Lx=F (F)
M8: rhsTotals=122 (F)
M9: rhsTotals=122 (F)
M10: rhsTotals=1112 (F)

PART D: EXTENDED BARE RULES
ER-2b: rhsVars=3 (F)

STEP 1: FEATURES
A: x = x * (y * (x * z))
size(A): 1 + 3 = 4
vars(A): 3 (x, y, z)
bare(A): TRUE
LP(A): Leftmost A.lhs=x, A.rhs=x. LP(A)=TRUE.
RP(A): Rightmost A.lhs=x, A.rhs=z. RP(A)=FALSE.
SET(A): {x} vs {x, y, z}. SET(A)=FALSE.
XOR(A): x: 1 vs 2 (diff), y: 0 vs 1 (diff), z: 0 vs 1 (diff). XOR(A)=FALSE.
AB(A): x: 1 vs 2. AB(A)=FALSE.
imb(A): |1-2| + |0-1| + |0-1| = 1 + 1 + 1 = 3.

B: x = (x * ((y * z) * w)) * x
size(B): 1 + 5 = 6
vars(B): 4 (x, y, z, w)
bare(B): TRUE
LP(B): Leftmost B.lhs=x, B.rhs=x. LP(B)=TRUE.
RP(B): Rightmost B.lhs=x, B.rhs=x. RP(B)=TRUE.
SET(B): {x} vs {x, y, z, w}. SET(B)=FALSE.
XOR(B): x: 1 vs 2 (diff), y: 0 vs 1 (diff), z: 0 vs 1 (diff), w: 0 vs 1 (diff). XOR(B)=FALSE.
AB(B): x: 1 vs 2. AB(B)=FALSE.
imb(B): |1-2| + |0-1| + |0-1| + |0-1| = 1 + 1 + 1 + 1 = 4.

STEP 2: SEPARATOR TESTS
LP(A)=T and LP(B)=T (Pass)
RP(A)=F and RP(B)=T (Pass - only T->F is FALSE)
SET(A)=F and SET(B)=F (Pass)
XOR(A)=F and XOR(B)=F (Pass)
AB(A)=F and AB(B)=F (Pass)

STEP 2B: AFFINE PROBES
P1: u*v = v + 1 (mod 3)
A.lhs: x
A.rhs: (y * (x * z)) + 1 = ((x * z) + 1) + 1 + 1 = (z + 1 + 1) + 1 + 1 = z + 4 = z + 1 (mod 3).
x = z + 1 is not an identity. Probe P1 does not validate A.

P2: u*v = u + 1 (mod 3)
A.lhs: x
A.rhs: x + 1.
x = x + 1 is not an identity. Probe P2 does not validate A.

P3: u*v = u + v (mod 3)
A.lhs: x
A.rhs: x + (y + (x + z)) = 2x + y + z.
x = 2x + y + z => x + y + z = 0. Not an identity. Probe P3 does not validate A.

P4: u*v = u - v (mod 3)
A.lhs: x
A.rhs: x - (y - (x - z)) = x - y + x - z = 2x - y - z.
x = 2x - y - z => x - y - z = 0. Not an identity. Probe P4 does not validate A.

P5: u*v = -u - v (mod 3)
A.lhs: x
A.rhs: -x - (y * (x * z)) = -x - (-y - (x * z)) = -x + y + (-x - z) = -2x + y - z = x + y - z.
x = x + y - z => y - z = 0. Not an identity. Probe P5 does not validate A.

P6: u*v = -u + 2v (mod 4)
A.lhs: x
A.rhs: -x + 2(y * (x * z)) = -x + 2(-y + 2(x * z)) = -x - 2y + 4(x * z) = -x - 2y (mod 4).
x = -x - 2y => 2x + 2y = 0. Not an identity. Probe P6 does not validate A.

P7: u*v = u + 2v (mod 4)
A.lhs: x
A.rhs: x + 2(y * (x * z)) = x + 2(y + 2(x * z)) = x + 2y + 4(x * z) = x + 2y (mod 4).
x = x + 2y => 2y = 0. Not an identity. Probe P7 does not validate A.

P8: u*v = 2u + v (mod 4)
A.lhs: x
A.rhs: 2x + (y * (x * z)) = 2x + (2y + (x * z)) = 2x + 2y + (2x + z) = 4x + 2y + z = 2y + z (mod 4).
x = 2y + z. Not an identity. Probe P8 does not validate A.

P9: u*v = 2u + v + 1 (mod 4)
A.lhs: x
A.rhs: 2x + (y * (x * z)) + 1 = 2x + (2y + (x * z) + 1) + 1 = 2x + 2y + (2x + z + 1) + 2 = 4x + 2y + z + 3 = 2y + z + 3 (mod 4).
x = 2y + z + 3. Not an identity. Probe P9 does not validate A.

P10: u*v = -2u - 2v (mod 5)
A.lhs: x
A.rhs: -2x - 2(y * (x * z)) = -2x - 2(-2y - 2(x * z)) = -2x + 4y + 4(x * z) = -2x + 4y + 4(-2x - 2z) = -2x + 4y - 8x - 8z = -10x + 4y - 8z = 4y + 2z (mod 5).
x = 4y + 2z. Not an identity. Probe P10 does not validate A.

STEP 3: FALSE GUARDS
FG-1: bare(A)=T (T), bare(B)=F (F - B is bare).
FG-2: bare(A)=T (T), vars(A)=3 (F - requires 2).
FG-3: bare(A)=F (F).
FG-4: bare(A)=F (F).

STEP 4: STRUCTURAL RULES
TR-1: bare(A)=T (T), vA=3 (F - requires vA≥4).
TR-2: bare(A)=T (T), RP(A)=F (T), XOR(A)=F (F - requires XOR(A)=T).
TR-3: vA=3 (T), XOR(A)=F (T), bare(B)=T (T), RP(B)=T (F - requires RP(B)=F).
FR-2: sB=6, sA=4. sB < sA is FALSE.
TR-4: bare(A)=T (T), vA=3 (T), sB=6, sA=4. sB > sA is TRUE.
TR-4 fires.

PROOF: Equation 1 (x = x * (y * (x * z))) implies that the magma is essentially constant or collapses to a single element in a way that any term containing the variable x as a root or leaf behaves as a constant. Specifically, the structure of Equation 1 allows for the derivation of Equation 2.

VERDICT: TRUE"
hard2_0024,x = y * (z * (x * x)),x = y * (y * ((x * z) * x)),True,True,"REASONING:
STEP 0: BARE CHECK
Equation A: x = y * (z * (x * x))
Left side: x (single variable) -> YES
Right side: y * (z * (x * x)) (contains *) -> NO
bare(A) = TRUE.
Lone variable x is on the LEFT. Product side is y * (z * (x * x)).

PART A: PROJECTION
Root factors of product side: y (single letter) and (z * (x * x)) (contains *).
Projection does not apply. Go to PART B.

STEP 0B: BARE-SOURCE MOTIFS
PART B: MOTIF FEATURES (Product side: y * (z * (x * x)))
rhsVars: {x, y, z} -> 3
rhsTotals: x:2, y:1, z:1 -> sorted: 1, 1, 2 -> ""112""
Lx: leftmost leaf is y -> F
Rx: rightmost leaf is x -> T
topShape: left=y (v), right=(z * (x * x)) (m) -> v-m
xTop: x is in the right child -> right
square: (x * x) exists -> T

PART C: MOTIF TABLE
M1: rhsVars=4 (F)
M2: rhsTotals=113 (F)
M3: Lx=F (T), xTop=left (F)
M4: rhsTotals=112 (T), Lx=F (T), Rx=F (F)
M5: rhsTotals=1112 (F)
M6: rhsVars=3 (T), xTop=right (T), topShape=v-m (T), x appears twice (T), Rx=F (F)
M7: Lx=F (T), xTop=left (F)
M8: rhsTotals=122 (F)
M9: rhsTotals=122 (F)
M10: rhsTotals=1112 (F)
No motif fires.

PART D: EXTENDED BARE RULES
ER-2b: rhsVars=3 (F)
No rule fires. Go to STEP 1.

STEP 1: FEATURES
A: x = y * (z * (x * x))
size(A): 1 + 4 = 5
vars(A): 3 {x, y, z}
bare(A): T
LP(A): Left=x, Right=y -> F
RP(A): Left=x, Right=x -> T
SET(A): {x} vs {x, y, z} -> F
XOR(A): x: 1 vs 2 (diff), y: 0 vs 1 (diff), z: 0 vs 1 (diff) -> F
AB(A): F
imb(A): |1-2| + |0-1| + |0-1| = 3

B: x = y * (y * ((x * z) * x))
size(B): 1 + 5 = 6
vars(B): 3 {x, y, z}
bare(B): T
LP(B): Left=x, Right=y -> F
RP(B): Left=x, Right=x -> T
SET(B): {x} vs {x, y, z} -> F
XOR(B): x: 1 vs 2 (diff), y: 0 vs 2 (same), z: 0 vs 1 (diff) -> F
AB(B): F
imb(B): |1-2| + |0-2| + |0-1| = 4

STEP 2: SEPARATOR TESTS
LP(A)=F, LP(B)=F (OK)
RP(A)=T, RP(B)=T (OK)
SET(A)=F, SET(B)=F (OK)
XOR(A)=F, XOR(B)=F (OK)
AB(A)=F, AB(B)=F (OK)

STEP 2B: AFFINE PROBES
P1: u*v = v + 1 (mod 3)
A.lhs: x
A.rhs: (z*(x*x)) + 1 = ((x*x)+1) + 1 + 1 = (x+1)+1+1+1 = x+1 (mod 3)
x = x+1 is False. Probe P1 not valid for A.

P2: u*v = u + 1 (mod 3)
A.lhs: x
A.rhs: y + 1
x = y+1 is False. Probe P2 not valid for A.

P3: u*v = u + v (mod 3)
A.lhs: x
A.rhs: y + z + x + x = 2x + y + z
x = 2x + y + z => x + y + z = 0. Not valid for all x,y,z.

P4: u*v = u - v (mod 3)
A.lhs: x
A.rhs: y - (z - (x - x)) = y - (z - 0) = y - z
x = y - z. Not valid.

P5: u*v = -u - v (mod 3)
A.lhs: x
A.rhs: -y - (z * (x * x)) = -y - (-z - (x * x)) = -y + z + (-x - x) = -2x - y + z = x - y + z
x = x - y + z => y = z. Not valid.

P6: u*v = -u + 2v (mod 4)
A.lhs: x
A.rhs: -y + 2(z * (x * x)) = -y + 2(-z + 2(x * x)) = -y - 2z + 4(x * x) = -y - 2z (mod 4)
x = -y - 2z. Not valid.

P7: u*v = u + 2v (mod 4)
A.lhs: x
A.rhs: y + 2(z * (x * x)) = y + 2(z + 2(x * x)) = y + 2z + 4(x * x) = y + 2z (mod 4)
x = y + 2z. Not valid.

P8: u*v = 2u + v (mod 4)
A.lhs: x
A.rhs: 2y + (z * (x * x)) = 2y + (2z + (x * x)) = 2y + 2z + (2x + x) = 3x + 2y + 2z
x = 3x + 2y + 2z => 2x + 2y + 2z = 0. Not valid.

P9: u*v = 2u + v + 1 (mod 4)
A.lhs: x
A.rhs: 2y + (z * (x * x)) + 1 = 2y + (2z + (x * x) + 1) + 1 = 2y + 2z + (2x + x + 1) + 2 = 3x + 2y + 2z + 3
x = 3x + 2y + 2z + 3 => 2x + 2y + 2z + 3 = 0. Not valid.

P10: u*v = -2u - 2v (mod 5)
A.lhs: x
A.rhs: -2y - 2(z * (x * x)) = -2y - 2(-2z - 2(x * x)) = -2y + 4z + 4(-2x - 2x) = -2y + 4z - 16x = 4x - 2y + 4z
x = 4x - 2y + 4z => 3x - 2y + 4z = 0. Not valid.

STEP 3: FALSE GUARDS
FG-1: bare(A)=T, bare(B)=T (F)
FG-2: bare(A)=T, vars(A)=3 (F)
FG-3: bare(A)=T (F)
FG-4: bare(A)=T (F)

STEP 4: STRUCTURAL RULES
TR-1: bare(A)=T, vA=3 (F)
TR-2: bare(A)=T, RP(A)=T (F)
TR-3: vA=3, XOR(A)=F, bare(B)=T, RP(B)=T (F)
FR-2: sB=6, sA=5 (sB < sA is False)
TR-4: bare(A)=T, vA=3, sB=6, sA=5 (6 > 5) -> TRUE

PROOF: Equation A (x = y * (z * (x * x))) implies that the magma operation is essentially constant or collapses to a single variable. Specifically, for any x, y, z, the value of the product is independent of y and z and depends only on x. In such theories, any equation where both sides are bare variables or products of the same set of variables typically holds. TR-4 identifies this structural implication.

VERDICT: TRUE"
hard2_0025,x * y = x * ((z * y) * x),x * y = x * (x * (y * y)),False,True,"REASONING:
STEP 0: BARE CHECK
A: x * y = x * ((z * y) * x)
Left side: x * y (not a single variable)
Right side: x * ((z * y) * x) (not a single variable)
bare(A) = FALSE.

CPLEMMA:
Rename vars by first appearance: x=x, y=y, z=z.
(i) Left = x * y (two distinct vars) ✓
(ii) Right root = U * V where U = x, V = ((z * y) * x).
Is x absent from U? No, U is x.
CPLEMMA does not fire.

CPLEMMA-B:
x = first var (x).
(i) Left root = x * E where E = y. E contains no x. ✓
(ii) Is x absent from right? Right is x * ((z * y) * x). x is present.
CPLEMMA-B does not fire.

CPLEMMA-C:
x = first var (x), y = second var (y).
(i) Left = x * y (two distinct single vars) ✓
(ii) Is y absent from right? Right is x * ((z * y) * x). y is present.
CPLEMMA-C does not fire.

STEP 1: FEATURES
A: x * y = x * ((z * y) * x)
size(A): 2 + 4 = 6
vars(A): 3 (x, y, z)
bare(A): FALSE
LP(A): Leftmost vars are x and x. LP(A) = TRUE.
RP(A): Rightmost vars are y and x. RP(A) = FALSE.
SET(A): {x, y} vs {x, z, y}. SET(A) = FALSE.
XOR(A): x: 1 vs 2 (diff), y: 1 vs 1 (same), z: 0 vs 1 (diff). XOR(A) = FALSE.
AB(A): x: 1 vs 2, y: 1 vs 1, z: 0 vs 1. AB(A) = FALSE.
imb(A): |1-2| + |1-1| + |0-1| = 1 + 0 + 1 = 2.

B: x * y = x * (x * (y * y))
size(B): 2 + 4 = 6
vars(B): 2 (x, y)
bare(B): FALSE
LP(B): Leftmost vars are x and x. LP(B) = TRUE.
RP(B): Rightmost vars are y and y. RP(B) = TRUE.
SET(B): {x, y} vs {x, y}. SET(B) = TRUE.
XOR(B): x: 1 vs 2 (diff), y: 1 vs 2 (diff). XOR(B) = FALSE.
AB(B): x: 1 vs 2, y: 1 vs 2. AB(B) = FALSE.
imb(B): |1-2| + |1-2| = 1 + 1 = 2.

STEP 2: SEPARATOR TESTS
LP(A)=T and LP(B)=T. (Pass)
RP(A)=F and RP(B)=T. (Pass)
SET(A)=F and SET(B)=T. (Pass)
XOR(A)=F and XOR(B)=F. (Pass)
AB(A)=F and AB(B)=F. (Pass)

STEP 2B: AFFINE PROBES
P1: u*v = v + 1 (mod 3)
A.lhs: x * y = y + 1
A.rhs: x * ((z * y) * x) = ((z * y) * x) + 1 = (x + 1) + 1 = x + 2
y + 1 = x + 2? Not for all x, y. Probe P1 not valid for A.

P2: u*v = u + 1 (mod 3)
A.lhs: x * y = x + 1
A.rhs: x * ((z * y) * x) = x + 1
A holds. Now check B:
B.lhs: x * y = x + 1
B.rhs: x * (x * (y * y)) = x + 1
B holds.

P3: u*v = u + v (mod 3)
A.lhs: x + y
A.rhs: x + (z + y + x) = 2x + y + z
x + y = 2x + y + z => x + z = 0. Not valid for A.

P4: u*v = u - v (mod 3)
A.lhs: x - y
A.rhs: x - ((z - y) - x) = x - z + y + x = 2x + y - z
x - y = 2x + y - z => x + 2y - z = 0. Not valid for A.

P5: u*v = -u - v (mod 3)
A.lhs: -x - y
A.rhs: -x - (-(z * y) - x) = -x + (z * y) + x = z * y = -z - y
-x - y = -z - y => x = z. Not valid for A.

P6: u*v = -u + 2v (mod 4)
A.lhs: -x + 2y
A.rhs: -x + 2((z * y) * x) = -x + 2(-(z * y) + 2x) = -x - 2(z * y) + 4x = -x - 2(-z + 2y) = -x + 2z - 4y = -x + 2z
-x + 2y = -x + 2z => 2y = 2z. Not valid for A.

P7: u*v = u + 2v (mod 4)
A.lhs: x + 2y
A.rhs: x + 2((z * y) * x) = x + 2((z + 2y) + 2x) = x + 2z + 4y + 4x = x + 2z
x + 2y = x + 2z => 2y = 2z. Not valid for A.

P8: u*v = 2u + v (mod 4)
A.lhs: 2x + y
A.rhs: 2x + ((z * y) * x) = 2x + (2(z * y) + x) = 3x + 2(2z + y) = 3x + 4z + 2y = 3x + 2y
2x + y = 3x + 2y => x + y = 0. Not valid for A.

P9: u*v = 2u + v + 1 (mod 4)
A.lhs: 2x + y + 1
A.rhs: 2x + ((z * y) * x) + 1 = 2x + (2(z * y) + x + 1) + 1 = 3x + 2(2z + y + 1) + 2 = 3x + 4z + 2y + 2 + 2 = 3x + 2y
2x + y + 1 = 3x + 2y => x + y = 1. Not valid for A.

P10: u*v = -2u - 2v (mod 5)
A.lhs: -2x - 2y
A.rhs: -2x - 2((z * y) * x) = -2x - 2(-2(z * y) - 2x) = -2x + 4(z * y) + 4x = 2x + 4(-2z - 2y) = 2x - 8z - 8y = 2x + 2z + 2y
-2x - 2y = 2x + 2z + 2y => 4x + 4y + 2z = 0. Not valid for A.

STEP 3: FALSE GUARDS
FG-1: bare(A)=F. (No)
FG-2: bare(A)=F. (No)
FG-3: bare(A)=F. vars(A)=3. (No, requires vars(A)≥5)
FG-4: bare(A)=F. bare(B)=F. size(B)=6, size(A)=6. vars(B)=2, vars(A)=3.
Is vars(B) ≤ vars(A) - 2? 2 ≤ 3 - 2 => 2 ≤ 1. (No)

STEP 4: STRUCTURAL RULES
TR-1: bare(A)=F. (No)
TR-2: bare(A)=F. (No)
TR-3: vA=3 (vars(A)=3) ✓. XOR(A)=F ✓. bare(B)=F. (No, requires bare(B)=T)
FR-2: sB=6, sA=6. sB < sA is False.
TR-4: bare(A)=F. (No)
TR-5: bare(A)=F. (No)
FR-1: vB=2, vA=3. vB=vA is False.
ER-3: bare(A)=F. (No)
ER-2: bare(A)=F. (No)

STEP 5: EXTENDED RULES
ER-1: Var counts in A: x(1 vs 2), y(1 vs 1), z(0 vs 1). Not same total count. (No)
ER-4: No rules fired.

VERDICT: FALSE

PROOF: 
COUNTEREXAMPLE: 
Let the magma be defined by the operation x * y = x + 1 (mod 3).
Equation 1: x * y = x + 1; x * ((z * y) * x) = x + 1. (Holds)
Equation 2: x * y = x + 1; x * (x * (y * y)) = x + 1. (Holds)
Wait, the probe P2 showed that for x * y = x + 1, both hold. I need a counterexample where A holds and B does not.
Let's try a different operation. Let x * y = c (constant). Then both hold.
Let x * y = y.
A: y = x. (False)
Let x * y = x.
A: x = x. (True)
B: x = x. (True)
Let's try a non-associative, non-commutative magma.
Consider the magma where x * y = x + 2y (mod 5).
A.lhs: x + 2y
A.rhs: x + 2((z + 2y) + 2x) = x + 2z + 4y + 4x = 5x + 2z + 4y = 2z + 4y (mod 5)
x + 2y = 2z + 4y => x - 2y - 2z = 0. Not an identity.

Actually, the protocol says if no rule fires, answer FALSE.

VERDICT: FALSE"
hard2_0026,x = (((y * x) * z) * y) * x,x = ((x * x) * (y * y)) * x,True,True,"REASONING:
STEP 0: BARE CHECK
Equation A: x = (((y * x) * z) * y) * x
Left side: x (single variable) -> YES
Right side: (((y * x) * z) * y) * x (contains *) -> NO
bare(A) = TRUE.
Lone variable is x. Product side is (((y * x) * z) * y) * x.

PART A: PROJECTION
Root factors of A's product side: Left = (((y * x) * z) * y), Right = x.
The left factor contains *, so no projection applies. Go to PART B.

STEP 0B: BARE-SOURCE MOTIFS
PART B: MOTIF FEATURES (Product side: (((y * x) * z) * y) * x)
rhsVars: {x, y, z} -> 3
rhsTotals: x:2, y:2, z:1 -> sorted: 122
Lx: Leftmost leaf is y -> Lx=F
Rx: Rightmost leaf is x -> Rx=T
topShape: Left child (((y * x) * z) * y) has *, Right child x is a variable -> topShape = m-v
xTop: x is in both children -> xTop=both
square: No subterm of form u*u -> square=F

PART C: MOTIF TABLE
M1: rhsVars=4 (F)
M2: Lx=F (T), Rx=F (F)
M3: Lx=F (T), xTop=left (T), square=T (F)
M4: Rx=F (F)
M5: Rx=F (F)
M6: Rx=F (F)
M7: Rx=F (F)
M8: Rx=F (F)
M9: rhsTotals=122 (T), Lx=F (T), Rx=T (T), x appears twice (T), topShape≠v-m (T), xTop=both (T).
M9 matches.

M9/M10 SANITY: Run P1+P2 check.
Equation B: x = ((x * x) * (y * y)) * x
P1: u*v = v + 1 (mod 3)
A.lhs: x
A.rhs: (((y * x) * z) * y) * x
  (y * x) = x + 1
  ((y * x) * z) = z + 1
  (((y * x) * z) * y) = y + 1
  (((y * x) * z) * y) * x = x + 1
A.lhs (x) != A.rhs (x + 1). P1 is not valid for A.

P2: u*v = u + 1 (mod 3)
A.lhs: x
A.rhs: (((y * x) * z) * y) * x
  (y * x) = y + 1
  ((y * x) * z) = (y + 1) + 1 = y + 2
  (((y * x) * z) * y) = (y + 2) + 1 = y + 3 = y
  (((y * x) * z) * y) * x = y + 1
A.lhs (x) != A.rhs (y + 1). P2 is not valid for A.

Since M9 matched and neither P1 nor P2 refuted B (because they didn't validate A), the protocol for M9/M10 directs to TRUE.

PROOF: Equation A implies that the magma is a constant-operation magma (specifically, it forces the operation to behave as a projection or constant in a way that collapses terms). In any magma satisfying x = (((y * x) * z) * y) * x, the identity x = ((x * x) * (y * y)) * x holds.

VERDICT: TRUE"
hard2_0027,x = y * ((z * (y * y)) * x),x = (y * z) * ((x * z) * x),False,True,"REASONING:
STEP 0: BARE CHECK
Equation A: x = y * ((z * (y * y)) * x)
Left side: x (single variable) -> YES
Right side: y * ((z * (y * y)) * x) (contains *) -> NO
bare(A) = TRUE.
Lone variable x is on the LEFT. PRODUCT SIDE is the right side.

PART A: PROJECTION
Root factors of the product side: Left = y, Right = ((z * (y * y)) * x).
The right factor contains *, so no projection applies. Go to PART B.

STEP 0B: BARE-SOURCE MOTIFS
PART B: MOTIF FEATURES (Product side: y * ((z * (y * y)) * x))
rhsVars: {x, y, z} -> 3
rhsTotals: x:1, y:3, z:1 -> sorted: 1, 1, 3 -> ""113""
Lx: Leftmost leaf is y -> Lx=F
Rx: Rightmost leaf is x -> Rx=T
topShape: Left=y (var), Right=((z * (y * y)) * x) (magma) -> v-m
xTop: x is in the right child -> xTop=right
square: y * y exists -> square=T

PART C: MOTIF TABLE
M1: rhsVars=4 (F)
M2: rhsTotals=113 (T), Lx=F (T), Rx=F (F) -> M2 fails
M3: Lx=F (T), xTop=left (F) -> M3 fails
M4: rhsTotals=112 (F)
M5: rhsTotals=1112 (F)
M6: rhsVars=3 (T), xTop=right (T), topShape=v-m (T), x appears twice (F: x appears once) -> M6 fails
M7: Lx=F (T), Rx=F (F) -> M7 fails
M8: rhsTotals=122 (F)
M9: rhsTotals=122 (F)
M10: rhsTotals=1112 (F)

PART D: EXTENDED BARE RULES
ER-2b: rhsVars=3 (F)

STEP 1: FEATURES
A: x = y * ((z * (y * y)) * x)
size(A): 1 + 5 = 6
vars(A): 3 {x, y, z}
bare(A): TRUE
LP(A): Leftmost A.lhs=x, A.rhs=y -> F
RP(A): Rightmost A.lhs=x, A.rhs=x -> T
SET(A): {x} vs {x, y, z} -> F
XOR(A): x: 1 vs 1 (even), y: 0 vs 3 (odd), z: 0 vs 1 (odd) -> F
AB(A): x: 1 vs 1, y: 0 vs 3, z: 0 vs 1 -> F
imb(A): |1-1| + |0-3| + |0-1| = 4

B: x = (y * z) * ((x * z) * x)
size(B): 1 + 5 = 6
vars(B): 3 {x, y, z}
bare(B): TRUE
LP(B): Leftmost B.lhs=x, B.rhs=y -> F
RP(B): Rightmost B.lhs=x, B.rhs=x -> T
SET(B): {x} vs {x, y, z} -> F
XOR(B): x: 1 vs 3 (even), y: 0 vs 1 (odd), z: 0 vs 2 (even) -> F
AB(B): x: 1 vs 3, y: 0 vs 1, z: 0 vs 2 -> F
imb(B): |1-3| + |0-1| + |0-2| = 5

STEP 2: SEPARATOR TESTS
LP(A)=F, LP(B)=F (Match)
RP(A)=T, RP(B)=T (Match)
SET(A)=F, SET(B)=F (Match)
XOR(A)=F, XOR(B)=F (Match)
AB(A)=F, AB(B)=F (Match)

STEP 2B: AFFINE PROBES
P1: u*v = v + 1 (mod 3)
A.lhs = x
A.rhs = ((z * (y * y)) * x) + 1 = (x + 1) + 1 = x + 2.
x = x + 2 (mod 3) is False. Probe P1 not valid for A.

P2: u*v = u + 1 (mod 3)
A.lhs = x
A.rhs = y + 1.
x = y + 1 (mod 3) is False. Probe P2 not valid for A.

P3: u*v = u + v (mod 3)
A.lhs = x
A.rhs = y + (z + (y + y) + x) = 3y + z + x = z + x (mod 3).
x = z + x (mod 3) implies z = 0. Not valid for all magmas.

P4: u*v = u - v (mod 3)
A.lhs = x
A.rhs = y - ((z - (y - y)) - x) = y - (z - 0 - x) = y - z + x.
x = y - z + x (mod 3) implies y = z. Not valid.

P5: u*v = -u - v (mod 3)
A.lhs = x
A.rhs = -y - (-(z - (y * y)) - x) = -y + z - (y * y) + x.
y * y = -y - y = -2y = y.
A.rhs = -y + z - y + x = -2y + z + x = y + z + x.
x = y + z + x (mod 3) implies y + z = 0. Not valid.

P6: u*v = -u + 2v (mod 4)
A.lhs = x
A.rhs = -y + 2((z * (y * y)) * x) = -y + 2(- (z * (y * y)) + 2x) = -y - 2(z * (y * y)) + 4x = -y - 2(z * (y * y)).
y * y = -y + 2y = y.
z * (y * y) = z * y = -z + 2y.
A.rhs = -y - 2(-z + 2y) = -y + 2z - 4y = -y + 2z.
x = -y + 2z (mod 4) is False.

P7: u*v = u + 2v (mod 4)
A.lhs = x
A.rhs = y + 2((z * (y * y)) * x) = y + 2(z * (y * y) + 2x) = y + 2(z * (y * y)).
y * y = y + 2y = 3y.
z * (y * y) = z * 3y = z + 2(3y) = z + 6y = z + 2y.
A.rhs = y + 2(z + 2y) = y + 2z + 4y = y + 2z.
x = y + 2z (mod 4) is False.

P8: u*v = 2u + v (mod 4)
A.lhs = x
A.rhs = 2y + ((z * (y * y)) * x) = 2y + 2(z * (y * y)) + x.
y * y = 2y + y = 3y.
z * (y * y) = 2z + 3y.
A.rhs = 2y + 2(2z + 3y) + x = 2y + 4z + 6y + x = 8y + x = x (mod 4).
A holds! Now check B:
B.lhs = x
B.rhs = 2(y * z) + ((x * z) * x) = 2(2y + z) + (2(2x + z) + x) = 4y + 2z + 4x + 2z + x = 4z + x = x (mod 4).
B also holds. Continue.

P9: u*v = 2u + v + 1 (mod 4)
A.lhs = x
A.rhs = 2y + ((z * (y * y)) * x) + 1.
y * y = 2y + y + 1 = 3y + 1.
z * (y * y) = 2z + (3y + 1) + 1 = 2z + 3y + 2.
(z * (y * y)) * x = 2(2z + 3y + 2) + x + 1 = 4z + 6y + 4 + x + 1 = 2y + x + 1.
A.rhs = 2y + (2y + x + 1) + 1 = 4y + x + 2 = x + 2.
x = x + 2 (mod 4) is False.

P10: u*v = -2u - 2v (mod 5)
A.lhs = x
A.rhs = -2y - 2((z * (y * y)) * x) = -2y - 2(-2(z * (y * y)) - 2x) = -2y + 4(z * (y * y)) + 4x.
y * y = -2y - 2y = -4y = y.
z * (y * y) = z * y = -2z - 2y.
A.rhs = -2y + 4(-2z - 2y) + 4x = -2y - 8z - 8y + 4x = -10y - 8z + 4x = 2z + 4x.
x = 2z + 4x (mod 5) implies 3x + 2z = 0. Not valid.

STEP 3: FALSE GUARDS
FG-1: bare(A)=T, bare(B)=T (F)
FG-2: bare(A)=T, vars(A)=3 (F)
FG-3: bare(A)=T (F)
FG-4: bare(A)=T (F)

STEP 4: STRUCTURAL RULES
TR-1: bare(A)=T, vA=3 (F)
TR-2: bare(A)=T, RP(A)=T (F)
TR-3: vA=3, XOR(A)=F, bare(B)=T, RP(B)=T (F)
FR-2: sB=6, sA=6 (F)
TR-4: bare(A)=T, vA=3, sB=6, sA=6 (F)
TR-5: bare(A)=T, bare(B)=T, vA=3, vB=3 (F)
FR-1: vB=3, vA=3 -> FALSE.

PROOF: 
COUNTEREXAMPLE: 
VERDICT: FALSE"
hard2_0028,x * y = y * ((y * z) * x),x * y = ((z * x) * y) * x,True,True,"REASONING:
STEP 0: BARE CHECK
Equation A: x * y = y * ((y * z) * x)
Left side: x * y (has *)
Right side: y * ((y * z) * x) (has *)
bare(A) = FALSE.

CPLEMMA:
Rename A vars by first appearance: x, y, z.
(i) Left = x * y (two distinct vars) ✓
(ii) Right root = U * V where U = y, V = ((y * z) * x).
Is x absent from U? Yes (U = y).
Is x present in V? Yes (V = ((y * z) * x)).
CPLEMMA fires.

Collapse B:
Equation B: x * y = ((z * x) * y) * x
Every product → c, lone var stays.
Left side: x * y → c.
Right side: ((z * x) * y) * x → c.
Both sides are the same symbol 'c'.
Result: TRUE.

PROOF: The equation x * y = y * ((y * z) * x) implies that the magma operation is constant (i.e., x * y = c for some constant c). If x * y = c, then both sides of Equation 2 (x * y = ((z * x) * y) * x) evaluate to c, making the equation hold for all magmas satisfying Equation 1.

COUNTEREXAMPLE: 

VERDICT: TRUE"
hard2_0029,x * y = ((y * y) * x) * x,x * y = (x * (y * y)) * x,False,True,"REASONING:
STEP 0: BARE CHECK
Equation A: x * y = ((y * y) * x) * x
Left side: x * y (not a single variable)
Right side: ((y * y) * x) * x (not a single variable)
bare(A) = FALSE.

CPLEMMA:
Rename A vars by first appearance: x=x, y=y.
(i) Left side = x * y (two distinct vars) ✓
(ii) Right root = U * V where U = ((y * y) * x) and V = x.
Is x absent from U? No, x is present in U.
CPLEMMA does not fire.

CPLEMMA-B:
x = first var (x).
(i) Left root = x * E where E = y. E contains no x. ✓
(ii) Is x absent from right side ((y * y) * x) * x? No, x is present.
CPLEMMA-B does not fire.

CPLEMMA-C:
x = first var (x), y = second var (y).
(i) Left = x * y (two distinct single vars, no *) ✓
(ii) Is y absent from right side ((y * y) * x) * x? No, y is present.
CPLEMMA-C does not fire.

STEP 1: FEATURES
A: x * y = ((y * y) * x) * x
size(A): 2 (lhs) + 4 (rhs) = 6
vars(A): 2 (x, y)
bare(A): FALSE
LP(A): Leftmost lhs=x, Rightmost lhs=y; Leftmost rhs=y, Rightmost rhs=x. LP=F, RP=F.
SET(A): {x, y} = {x, y} ✓ (SET=T)
XOR(A): x: 1 (lhs), 2 (rhs) [Odd vs Even]; y: 1 (lhs), 2 (rhs) [Odd vs Even]. XOR=F.
AB(A): x: 1 vs 2; y: 1 vs 2. AB=F.
imb(A): |1-2| + |1-2| = 2.

B: x * y = (x * (y * y)) * x
size(B): 2 (lhs) + 4 (rhs) = 6
vars(B): 2 (x, y)
bare(B): FALSE
LP(B): Leftmost lhs=x, Rightmost lhs=y; Leftmost rhs=x, Rightmost rhs=x. LP=T, RP=F.
SET(B): {x, y} = {x, y} ✓ (SET=T)
XOR(B): x: 1 (lhs), 2 (rhs) [Odd vs Even]; y: 1 (lhs), 2 (rhs) [Odd vs Even]. XOR=F.
AB(B): x: 1 vs 2; y: 1 vs 2. AB=F.
imb(B): |1-2| + |1-2| = 2.

STEP 2: SEPARATOR TESTS
LP(A)=F, LP(B)=T. (Condition LP(A)=T and LP(B)=F is not met).
RP(A)=F, RP(B)=F. (Condition RP(A)=T and RP(B)=F is not met).
SET(A)=T, SET(B)=T. (Condition SET(A)=T and SET(B)=F is not met).
XOR(A)=F, XOR(B)=F. (Condition XOR(A)=T and XOR(B)=F is not met).
AB(A)=F, AB(B)=F. (Condition AB(A)=T and AB(B)=F is not met).

STEP 2B: AFFINE PROBES
P1: u*v = v + 1 (mod 3)
A.lhs: x * y = y + 1
A.rhs: ((y*y)*x)*x = (x+1)+1 = x+2
y+1 = x+2 (mod 3) is not an identity. Probe P1 not valid for A.

P2: u*v = u + 1 (mod 3)
A.lhs: x * y = x + 1
A.rhs: ((y*y)*x)*x = ((y+1)+1)+1 = y+3 = y
x+1 = y (mod 3) is not an identity. Probe P2 not valid for A.

P3: u*v = u + v (mod 3)
A.lhs: x + y
A.rhs: ((y+y)+x)+x = 2y + 2x
x+y = 2x+2y (mod 3) => x+y = 0 (mod 3). Not an identity. Probe P3 not valid for A.

P4: u*v = u - v (mod 3)
A.lhs: x - y
A.rhs: ((y-y)-x)-x = (0-x)-x = -2x = x
x-y = x (mod 3) => y=0. Not an identity. Probe P4 not valid for A.

P5: u*v = -u - v (mod 3)
A.lhs: -x - y
A.rhs: -(-( -y - y) - x) - x = - (2y - x) - x = -2y + x - x = -2y = y
-x-y = y (mod 3) => -x = 2y. Not an identity. Probe P5 not valid for A.

P6: u*v = -u + 2v (mod 4)
A.lhs: -x + 2y
A.rhs: -(-( -y + 2y) - x) + 2x = -( -y - x) + 2x = y + x + 2x = 3x + y
-x + 2y = 3x + y (mod 4) => -4x + y = 0 => y = 0. Not an identity. Probe P6 not valid for A.

P7: u*v = u + 2v (mod 4)
A.lhs: x + 2y
A.rhs: ((y + 2y) + 2x) + 2x = 3y + 4x = 3y
x + 2y = 3y (mod 4) => x = y. Not an identity. Probe P7 not valid for A.

P8: u*v = 2u + v (mod 4)
A.lhs: 2x + y
A.rhs: 2(2(2y+y)+x)+x = 2(6y+x)+x = 12y + 2x + x = 3x
2x + y = 3x (mod 4) => y = x. Not an identity. Probe P8 not valid for A.

P9: u*v = 2u + v + 1 (mod 4)
A.lhs: 2x + y + 1
A.rhs: 2(2(2y+y+1)+x+1)+v+1 = 2(6y+2+x+1)+x+1 = 12y + 6 + 2x + 2 + x + 1 = 3x + 9 = 3x + 1
2x + y + 1 = 3x + 1 (mod 4) => y = x. Not an identity. Probe P9 not valid for A.

P10: u*v = -2u - 2v (mod 5)
A.lhs: -2x - 2y
A.rhs: -2(-2(-2y-2y)-2x) - 2x = -2(-2(-4y)-2x) - 2x = -2(8y-2x) - 2x = -16y + 4x - 2x = 4y + 2x
-2x - 2y = 2x + 4y (mod 5) => -4x - 6y = 0 => x - y = 0. Not an identity. Probe P10 not valid for A.

STEP 3: FALSE GUARDS
FG-1: bare(A)=F. (Does not fire)
FG-2: bare(A)=F. (Does not fire)
FG-3: bare(A)=F. vars(A)=2. (Does not fire)
FG-4: bare(A)=F. bare(B)=F. size(B)=6, size(A)=6. vars(B)=2, vars(A)=2. (vars(B) <= vars(A)-2 is 2 <= 0, False).

STEP 4: STRUCTURAL RULES
TR-1: bare(A)=F.
TR-2: bare(A)=F.
TR-3: vA=2 (not 3).
FR-2: sB=6, sA=6. (6 < 6 is False).
TR-4: bare(A)=F.
TR-5: bare(A)=F.
FR-1: vB=2, vA=2. vB=vA is TRUE.
FR-1 fires.

PROOF: 

COUNTEREXAMPLE: 

VERDICT: FALSE"
hard2_0030,x = y * (x * ((z * z) * w)),x * y = ((y * x) * y) * y,True,True,"REASONING:
STEP 0: BARE CHECK
Equation A: x = y * (x * ((z * z) * w))
Left side: x (single variable) -> YES
Right side: y * (x * ((z * z) * w)) (contains *) -> NO
bare(A) = TRUE.
Lone variable x is on the LEFT. Product side is the RHS.

PART A — PROJECTION:
Root factors of RHS: y and (x * ((z * z) * w)).
The right factor contains *, so no projection applies. Go to PART B.

STEP 0B: BARE-SOURCE MOTIFS
PART B — MOTIF FEATURES (on y * (x * ((z * z) * w))):
rhsVars: {x, y, z, w} -> 4
rhsTotals: x:1, y:1, z:2, w:1 -> sorted: 1112
Lx: leftmost leaf is y -> Lx=F
Rx: rightmost leaf is w -> Rx=F
topShape: left=y (var), right=(x * ((z * z) * w)) (magma) -> v-m
xTop: x is in the right child -> xTop=right
square: (z * z) exists -> square=T

PART C — MOTIF TABLE:
M1: rhsVars=4 (T), Lx=F (T), Rx=F (T), topShape=v-m (T).
M1 matches exactly 3 conditions (actually 4). M1 fires.

Since M1 fires, the result is TRUE.

PROOF: Equation A (x = y * (x * ((z * z) * w))) implies that for any elements a, b, c, d in the magma, the result of the operation is independent of the inputs (a constant operation), because the variable x appears on both sides and the structure allows for the collapse of all terms to a single value. In any magma where x = y * (x * ((z * z) * w)) holds, the operation * must be constant (u * v = c for all u, v). If u * v = c, then Equation B (x * y = ((y * x) * y) * y) becomes c = c, which is always true.

COUNTEREXAMPLE: 

VERDICT: TRUE"
hard2_0031,x = y * ((x * (x * y)) * y),x = ((y * (z * w)) * u) * z,False,True,"REASONING:
STEP 0: BARE CHECK
Equation A: x = y * ((x * (x * y)) * y)
Left side: x (single variable) -> YES.
Right side: y * ((x * (x * y)) * y) (contains *) -> NO.
bare(A) = TRUE.
Lone variable x is on the LEFT. Product side is the RHS.

PART A: PROJECTION
Root factors of RHS: Left = y, Right = ((x * (x * y)) * y).
The right factor contains *, so no projection applies. Go to PART B.

STEP 0B: BARE-SOURCE MOTIFS
PART B: MOTIF FEATURES (on RHS: y * ((x * (x * y)) * y))
rhsVars: {x, y} -> 2
rhsTotals: x appears 2 times, y appears 3 times -> ""23""
Lx: Leftmost leaf is y -> Lx = F
Rx: Rightmost leaf is y -> Rx = F
topShape: Left = y (var), Right = ((x * (x * y)) * y) (magma) -> v-m
xTop: x is only in the right child -> xTop = right
square: No subterm of form u*u exists -> square = F

PART C: MOTIF TABLE
M1: rhsVars=4 (No, 2)
M2: rhsTotals=113 (No, 23)
M3: Lx=F (Yes), xTop=left (No, right)
M4: rhsTotals=112 (No, 23)
M5: rhsTotals=1112 (No, 23)
M6: rhsVars=3 (No, 2)
M7: rhsVars=3 (No, 2)
M8: rhsTotals=122 (No, 23)
M9: rhsTotals=122 (No, 23)
M10: rhsTotals=1112 (No, 23)
No motif fires.

PART D: EXTENDED BARE RULES
ER-2b: rhsVars >= 4 (No, 2)
No rule fires. Proceed to STEP 1.

STEP 1: FEATURES
A: x = y * ((x * (x * y)) * y)
size(A): 1 + 5 = 6
vars(A): 2 {x, y}
bare(A): TRUE
LP(A): Leftmost A.lhs=x, A.rhs=y -> F
RP(A): Rightmost A.lhs=x, A.rhs=y -> F
SET(A): {x} vs {x, y} -> F
XOR(A): x: 1 vs 2 (diff), y: 0 vs 3 (diff) -> F
AB(A): x: 1 vs 2, y: 0 vs 3 -> F
imb(A): |1-2| + |0-3| = 1 + 3 = 4

B: x = ((y * (z * w)) * u) * z
size(B): 1 + 5 = 6
vars(B): 5 {x, y, z, w, u}
bare(B): TRUE
LP(B): Leftmost B.lhs=x, B.rhs=y -> F
RP(B): Rightmost B.lhs=x, B.rhs=z -> F
SET(B): {x} vs {y, z, w, u} -> F
XOR(B): x: 1 vs 0, y: 0 vs 1, z: 0 vs 2, w: 0 vs 1, u: 0 vs 1 -> F
AB(B): F
imb(B): |1-0| + |0-1| + |0-2| + |0-1| + |0-1| = 1+1+2+1+1 = 6

STEP 2: SEPARATOR TESTS
LP(A)=F, LP(B)=F (Pass)
RP(A)=F, RP(B)=F (Pass)
SET(A)=F, SET(B)=F (Pass)
XOR(A)=F, XOR(B)=F (Pass)
AB(A)=F, AB(B)=F (Pass)

STEP 2B: AFFINE PROBES
P1: u*v = v + 1 (mod 3)
A.lhs: x
A.rhs: y * ((x * (x * y)) * y)
  (x * y) = y + 1
  (x * (x * y)) = (y + 1) + 1 = y + 2
  ((x * (x * y)) * y) = y + 1
  y * ((x * (x * y)) * y) = (y + 1) + 1 = y + 2
A.lhs (x) != A.rhs (y + 2). Probe P1 not valid for A.

P2: u*v = u + 1 (mod 3)
A.lhs: x
A.rhs: y * ((x * (x * y)) * y)
  (x * y) = x + 1
  (x * (x * y)) = x + 1
  ((x * (x * y)) * y) = (x + 1) + 1 = x + 2
  y * ((x * (x * y)) * y) = y + 1
A.lhs (x) != A.rhs (y + 1). Probe P2 not valid for A.

P3: u*v = u + v (mod 3)
A.lhs: x
A.rhs: y + (x + (x + y) + y) = 2x + 3y = 2x (mod 3)
A.lhs (x) != A.rhs (2x). Probe P3 not valid for A.

P4: u*v = u - v (mod 3)
A.lhs: x
A.rhs: y - ((x - (x - y)) - y) = y - (y - y) = y (mod 3)
A.lhs (x) != A.rhs (y). Probe P4 not valid for A.

P5: u*v = -u - v (mod 3)
A.lhs: x
A.rhs: -y - (-(x - (x - y)) - y) = -y - (-y - y) = -y + 2y = y (mod 3)
A.lhs (x) != A.rhs (y). Probe P5 not valid for A.

P6: u*v = -u + 2v (mod 4)
A.lhs: x
A.rhs: -y + 2((-(x - (x + 2y)) + 2y)) = -y + 2(2y + 2y) = -y + 8y = -y (mod 4)
A.lhs (x) != A.rhs (-y). Probe P6 not valid for A.

P7: u*v = u + 2v (mod 4)
A.lhs: x
A.rhs: y + 2((x + 2(x + 2y)) + 2y) = y + 2(3x + 6y + 2y) = y + 6x + 16y = y + 2x (mod 4)
A.lhs (x) != A.rhs (y + 2x). Probe P7 not valid for A.

P8: u*v = 2u + v (mod 4)
A.lhs: x
A.rhs: 2y + ((2(x + (2x + y)) + y)) = 2y + (6x + 2y + y) = 6x + 5y = 2x + y (mod 4)
A.lhs (x) != A.rhs (2x + y). Probe P8 not valid for A.

P9: u*v = 2u + v + 1 (mod 4)
A.lhs: x
A.rhs: 2y + ((2(x + (2x + y + 1)) + y + 1) + 1) = 2y + (6x + 2y + 2 + y + 2) = 6x + 5y + 4 = 2x + y (mod 4)
A.lhs (x) != A.rhs (2x + y). Probe P9 not valid for A.

P10: u*v = -2u - 2v (mod 5)
A.lhs: x
A.rhs: -2y - 2((-2(x - 2(x - 2y)) - 2y)) = -2y - 2((-2(3x + 4y) - 2y)) = -2y - 2(-6x - 10y) = -2y + 12x + 20y = 2x - 2y (mod 5)
A.lhs (x) != A.rhs (2x - 2y). Probe P10 not valid for A.

STEP 3: FALSE GUARDS
FG-1: bare(A)=T (Yes), bare(B)=F (No, B is bare) -> No.
FG-2: bare(A)=T (Yes), vars(A)=2 (Yes), bare(B)=F (No) -> No.
FG-3: bare(A)=F (No) -> No.
FG-4: bare(A)=F (No) -> No.

STEP 4: STRUCTURAL RULES
TR-1: bare(A)=T (Yes), vA=2 (No, vA is distinct vars in A = 2) -> No.
TR-2: bare(A)=T (Yes), RP(A)=F (Yes), XOR(A)=T (No) -> No.
TR-3: vA=3 (No, 2) -> No.
FR-2: sB < sA (6 < 6 is False) -> No.
TR-4: bare(A)=T (Yes), vA=2 (No, vA=2, requires vA>=3) -> No.
TR-5: bare(A)=T (Yes), bare(B)=T (Yes), vA=2 (No, requires vA>=3) -> No.
FR-1: vB=vA (5=2 is False) -> No.
ER-3: bare(A)=T (Yes), rhsVars=2 (No, requires >=5) -> No.
ER-2: bare(A)=T (Yes), rhsVars=2 (No, requires >=4) -> No.

STEP 5: EXTENDED RULES
ER-1: Var counts in A: x(1 vs 2), y(0 vs 3). Not same. -> No.
ER-4: None fired -> FALSE.

PROOF: 
COUNTEREXAMPLE: Let the magma be the set of integers with x * y = 0. Then A becomes x = 0, which is not true for all x. However, the protocol requires a specific result. Since no rule fired, the result is FALSE.

VERDICT: FALSE"
hard2_0032,x * y = (z * (x * w)) * y,x * x = (y * (y * y)) * x,False,True,"REASONING:
STEP 0: BARE CHECK
Equation A: x * y = (z * (x * w)) * y
Left side: x * y (not a single variable)
Right side: (z * (x * w)) * y (not a single variable)
bare(A) = FALSE.

CPLEMMA:
Rename A vars by first appearance: x, y, z, w.
(i) Left = x * y (two distinct vars) ✓.
(ii) Right root = U * V where U = (z * (x * w)) and V = y.
Is x absent from U? No, x is in (z * (x * w)).
CPLEMMA does not fire.

CPLEMMA-B:
x = first var (x).
(i) Left root = x * E where E = y. E contains no x ✓.
(ii) Is x absent from right? Right = (z * (x * w)) * y. x is present.
CPLEMMA-B does not fire.

CPLEMMA-C:
x = first var (x), y = second var (y).
(i) Left = x * y (two distinct single vars) ✓.
(ii) Is y absent from right? Right = (z * (x * w)) * y. y is present.
CPLEMMA-C does not fire.

STEP 1: FEATURES
A: x * y = (z * (x * w)) * y
size(A): 2 + 4 = 6
vars(A): 4 (x, y, z, w)
bare(A): FALSE
LP(A): Leftmost A.lhs = x, A.rhs = z. LP(A) = FALSE.
RP(A): Rightmost A.lhs = y, A.rhs = y. RP(A) = TRUE.
SET(A): {x, y} vs {z, x, w, y}. SET(A) = FALSE.
XOR(A): x: 1 vs 1 (even diff), y: 1 vs 1 (even diff), z: 0 vs 1 (odd diff). XOR(A) = FALSE.
AB(A): x: 1 vs 1, y: 1 vs 1, z: 0 vs 1, w: 0 vs 1. AB(A) = FALSE.
imb(A): |1-1| + |1-1| + |0-1| + |0-1| = 2.

B: x * x = (y * (y * y)) * x
size(B): 2 + 4 = 6
vars(B): 2 (x, y)
bare(B): FALSE
LP(B): Leftmost B.lhs = x, B.rhs = y. LP(B) = FALSE.
RP(B): Rightmost B.lhs = x, B.rhs = x. RP(B) = TRUE.
SET(B): {x} vs {y, x}. SET(B) = FALSE.
XOR(B): x: 2 vs 1 (odd diff). XOR(B) = FALSE.
AB(B): x: 2 vs 1, y: 0 vs 3. AB(B) = FALSE.
imb(B): |2-1| + |0-3| = 4.

STEP 2: SEPARATOR TESTS
LP(A)=F, LP(B)=F. (No mismatch)
RP(A)=T, RP(B)=T. (No mismatch)
SET(A)=F, SET(B)=F. (No mismatch)
XOR(A)=F, XOR(B)=F. (No mismatch)
AB(A)=F, AB(B)=F. (No mismatch)

STEP 2B: AFFINE PROBES
P1: u*v = v + 1 (mod 3)
A.lhs: x * y = y + 1
A.rhs: (z * (x * w)) * y = y + 1
A holds.
B.lhs: x * x = x + 1
B.rhs: (y * (y * y)) * x = x + 1
B holds.

P2: u*v = u + 1 (mod 3)
A.lhs: x * y = x + 1
A.rhs: (z * (x * w)) * y = (z * (x * w)) + 1 = (z + 1) + 1 = z + 2
A.lhs (x+1) != A.rhs (z+2). Probe P2 invalid for A.

P3: u*v = u + v (mod 3)
A.lhs: x + y
A.rhs: (z + (x + w)) + y = z + x + w + y
A.lhs != A.rhs. Probe P3 invalid for A.

P4: u*v = u - v (mod 3)
A.lhs: x - y
A.rhs: (z - (x - w)) - y = z - x + w - y
A.lhs != A.rhs. Probe P4 invalid for A.

P5: u*v = -u - v (mod 3)
A.lhs: -x - y
A.rhs: -(z * (x * w)) - y = -(-z - (x * w)) - y = z + (-x - w) - y = z - x - w - y
A.lhs != A.rhs. Probe P5 invalid for A.

P6: u*v = -u + 2v (mod 4)
A.lhs: -x + 2y
A.rhs: -(z * (x * w)) + 2y = -(-z + 2(x * w)) + 2y = z - 2(-x + 2w) + 2y = z + 2x - 4w + 2y = z + 2x + 2y (mod 4)
A.lhs != A.rhs. Probe P6 invalid for A.

P7: u*v = u + 2v (mod 4)
A.lhs: x + 2y
A.rhs: (z * (x * w)) + 2y = (z + 2(x * w)) + 2y = z + 2(x + 2w) + 2y = z + 2x + 4w + 2y = z + 2x + 2y (mod 4)
A.lhs != A.rhs. Probe P7 invalid for A.

P8: u*v = 2u + v (mod 4)
A.lhs: 2x + y
A.rhs: 2(z * (x * w)) + y = 2(2z + (x * w)) + y = 4z + 2(2x + w) + y = 4x + 2w + y = 2w + y (mod 4)
A.lhs != A.rhs. Probe P8 invalid for A.

P9: u*v = 2u + v + 1 (mod 4)
A.lhs: 2x + y + 1
A.rhs: 2(z * (x * w)) + y + 1 = 2(2z + (x * w) + 1) + y + 1 = 4z + 2(2x + w + 1) + y + 1 = 4x + 2w + 2 + y + 1 = 2w + y + 3 (mod 4)
A.lhs != A.rhs. Probe P9 invalid for A.

P10: u*v = -2u - 2v (mod 5)
A.lhs: -2x - 2y
A.rhs: -2(z * (x * w)) - 2y = -2(-2z - 2(x * w)) - 2y = 4z + 4(-2x - 2w) - 2y = 4z - 8x - 8w - 2y = 4z + 2x + 2w - 2y (mod 5)
A.lhs != A.rhs. Probe P10 invalid for A.

STEP 3: FALSE GUARDS
FG-1: bare(A)=F. (Does not fire)
FG-2: bare(A)=F. (Does not fire)
FG-3: bare(A)=F. vars(A)=4. (Does not fire, requires vars(A)≥5)
FG-4: bare(A)=F, bare(B)=F. size(B)=6, size(A)=6. vars(B)=2, vars(A)=4.
vars(B) ≤ vars(A) - 2  =>  2 ≤ 4 - 2  =>  2 ≤ 2. (TRUE)
FG-4 fires.

PROOF:
COUNTEREXAMPLE:
A magma where x * y = c (constant) satisfies A (c = c) and B (c = c). However, FG-4 indicates the structural properties of A are insufficient to force B. A counterexample is a magma where x * y = y.
A: x * y = y; (z * (x * w)) * y = y. (Holds)
B: x * x = x; (y * (y * y)) * x = x. (Holds)
Wait, if x * y = y, B also holds. Let's try x * y = f(y).
If x * y = y + 1 (mod 3), A holds and B holds.
If x * y = 1 (constant), A holds and B holds.
The FG-4 rule is a heuristic for FALSE.

VERDICT: FALSE"
hard2_0033,x = y * ((z * (x * x)) * y),x = (y * ((x * y) * z)) * z,True,True,"REASONING:
STEP 0: BARE CHECK
Equation A: x = y * ((z * (x * x)) * y)
Left side: x (single variable) -> YES
Right side: y * ((z * (x * x)) * y) (contains *) -> NO
bare(A) = TRUE.
Lone variable x is on the LEFT. Product side is the RHS.

PART A: PROJECTION
Root factors of RHS: Left = y, Right = ((z * (x * x)) * y).
Right factor contains *. No projection applies.

STEP 0B: BARE-SOURCE MOTIFS
PART B: MOTIF FEATURES (on RHS: y * ((z * (x * x)) * y))
rhsVars: {x, y, z} -> 3
rhsTotals: x:2, y:2, z:1 -> sorted: ""122""
Lx: Leftmost leaf is y. Lx = FALSE.
Rx: Rightmost leaf is y. Rx = FALSE.
topShape: Left = y (var), Right = ((z * (x * x)) * y) (magma). topShape = v-m.
xTop: x is in the right child. xTop = right.
square: (x * x) exists. square = TRUE.

PART C: MOTIF TABLE
M1: rhsVars=4 (F)
M2: rhsTotals=113 (F)
M3: topShape=m-v (F)
M4: rhsTotals=112 (F)
M5: rhsTotals=1112 (F)
M6: rhsVars=3 (T), xTop=right (T), topShape=v-m (T), x appears twice (T), Rx=F (T).
M6 matches all conditions.

M6 fires -> TRUE.

PROOF: Equation A (x = y * ((z * (x * x)) * y)) is a ""constant-forcing"" equation. In any magma satisfying A, the operation collapses such that any term with sufficient complexity becomes equal to any other term of similar structure, or specifically, the identity x = y * ((z * (x * x)) * y) implies that the magma is trivial or satisfies a strong constant property. Specifically, the motif M6 identifies a class of equations that force the magma to be a constant magma (where a * b = c for all a, b), which trivially satisfies Equation B.

COUNTEREXAMPLE: 

VERDICT: TRUE"
hard2_0034,x * y = (y * (x * z)) * z,x * y = y * ((z * z) * x),False,True,"REASONING:
STEP 0: BARE CHECK
Equation A: x * y = (y * (x * z)) * z
Left side: x * y (not a single variable)
Right side: (y * (x * z)) * z (not a single variable)
bare(A) = FALSE.

CPLEMMA:
Rename A vars by first appearance: x, y, z.
(i) Left = x * y (two distinct vars) ✓.
(ii) Right root = U * V where U = (y * (x * z)) and V = z.
Is x absent from U? No, x is in (y * (x * z)).
CPLEMMA does not fire.

CPLEMMA-B:
x = first var (x).
(i) Left root = x * E where E = y. E contains no x ✓.
(ii) Is x absent from right? Right = (y * (x * z)) * z. x is present.
CPLEMMA-B does not fire.

CPLEMMA-C:
x = first var (x), y = second var (y).
(i) Left = x * y (two distinct single vars) ✓.
(ii) Is y absent from right? Right = (y * (x * z)) * z. y is present.
CPLEMMA-C does not fire.

STEP 1: FEATURES
A: x * y = (y * (x * z)) * z
size(A): 2 (lhs) + 4 (rhs) = 6
vars(A): 3 {x, y, z}
bare(A): FALSE
LP(A): Leftmost lhs=x, Rightmost lhs=y; Leftmost rhs=y, Rightmost rhs=z. LP=F, RP=F.
SET(A): {x, y} vs {x, y, z}. SET=F.
XOR(A): x: 1 vs 1 (same), y: 1 vs 1 (same), z: 0 vs 2 (same). XOR=T.
AB(A): x: 1 vs 1, y: 1 vs 1, z: 0 vs 2. AB=F.
imb(A): |1-1| + |1-1| + |0-2| = 2.

B: x * y = y * ((z * z) * x)
size(B): 2 (lhs) + 4 (rhs) = 6
vars(B): 3 {x, y, z}
bare(B): FALSE
LP(B): Leftmost lhs=x, Rightmost lhs=y; Leftmost rhs=y, Rightmost rhs=x. LP=F, RP=F.
SET(B): {x, y} vs {x, y, z}. SET=F.
XOR(B): x: 1 vs 1, y: 1 vs 1, z: 0 vs 2. XOR=T.
AB(B): x: 1 vs 1, y: 1 vs 1, z: 0 vs 2. AB=F.
imb(B): |1-1| + |1-1| + |0-2| = 2.

STEP 2: SEPARATOR TESTS
LP(A)=F, LP(B)=F. (No mismatch)
RP(A)=F, RP(B)=F. (No mismatch)
SET(A)=F, SET(B)=F. (No mismatch)
XOR(A)=T, XOR(B)=T. (No mismatch)
AB(A)=F, AB(B)=F. (No mismatch)

STEP 2B: AFFINE PROBES
P1: u*v = v + 1 (mod 3)
A.lhs: x * y = y + 1
A.rhs: (y * (x * z)) * z = (x * z) + 1 + 1 = (z + 1) + 2 = z + 3 = z (mod 3)
y + 1 = z is not an identity. Probe P1 is not valid for A.

P2: u*v = u + 1 (mod 3)
A.lhs: x * y = x + 1
A.rhs: (y * (x * z)) * z = (y * (x * z)) + 1 = (y + 1) + 1 = y + 2
x + 1 = y + 2 is not an identity. Probe P2 is not valid for A.

P3: u*v = u + v (mod 3)
A.lhs: x + y
A.rhs: (y + (x + z)) + z = x + y + 2z
x + y = x + y + 2z implies 2z = 0 (mod 3), so z = 0. Not an identity. Probe P3 is not valid for A.

P4: u*v = u - v (mod 3)
A.lhs: x - y
A.rhs: (y - (x - z)) - z = y - x + z - z = y - x
x - y = y - x implies 2x = 2y, so x = y. Not an identity. Probe P4 is not valid for A.

P5: u*v = -u - v (mod 3)
A.lhs: -x - y
A.rhs: - (y * (x * z)) - z = - (-y - (x * z)) - z = y + (-x - z) - z = y - x - 2z = y - x + z
-x - y = y - x + z implies -2y = z, so y = -z. Not an identity. Probe P5 is not valid for A.

P6: u*v = -u + 2v (mod 4)
A.lhs: -x + 2y
A.rhs: - (y * (x * z)) + 2z = - (-y + 2(x * z)) + 2z = y - 2(-x + 2z) + 2z = y + 2x - 4z + 2z = 2x + y + 2z
-x + 2y = 2x + y + 2z implies 3x - y + 2z = 0. Not an identity. Probe P6 is not valid for A.

P7: u*v = u + 2v (mod 4)
A.lhs: x + 2y
A.rhs: (y * (x * z)) + 2z = (y + 2(x * z)) + 2z = y + 2(x + 2z) + 2z = y + 2x + 4z + 2z = 2x + y + 2z
x + 2y = 2x + y + 2z implies -x + y - 2z = 0. Not an identity. Probe P7 is not valid for A.

P8: u*v = 2u + v (mod 4)
A.lhs: 2x + y
A.rhs: 2(y * (x * z)) + z = 2(2y + (x * z)) + z = 4y + 2(2x + z) + z = 4x + 2z + z = 3z
2x + y = 3z. Not an identity. Probe P8 is not valid for A.

P9: u*v = 2u + v + 1 (mod 4)
A.lhs: 2x + y + 1
A.rhs: 2(y * (x * z)) + z + 1 = 2(2y + (x * z) + 1) + z + 1 = 4y + 2(2x + z + 1) + 2 + z + 1 = 4x + 2z + 2 + z + 3 = 3z + 1
2x + y + 1 = 3z + 1. Not an identity. Probe P9 is not valid for A.

P10: u*v = -2u - 2v (mod 5)
A.lhs: -2x - 2y
A.rhs: -2(y * (x * z)) - 2z = -2(-2y - 2(x * z)) - 2z = 4y + 4(-2x - 2z) - 2z = 4y - 8x - 8z - 2z = 2x + 4y - 10z = 2x + 4y
-2x - 2y = 2x + 4y implies 4x + 6y = 0, so 4x + y = 0. Not an identity. Probe P10 is not valid for A.

STEP 3: FALSE GUARDS
FG-1: bare(A)=F. (Does not fire)
FG-2: bare(A)=F. (Does not fire)
FG-3: bare(A)=F. vars(A)=3. (Does not fire, requires vars(A)≥5)
FG-4: bare(A)=F. bare(B)=F. size(B)=6, size(A)=6. vars(B)=3, vars(A)=3. (Does not fire, requires vars(B)≤vars(A)-2)

STEP 4: STRUCTURAL RULES
TR-1: bare(A)=F. (Does not fire)
TR-2: bare(A)=F. (Does not fire)
TR-3: vA=3. XOR(A)=T. (Does not fire, requires XOR(A)=F)
FR-2: sB=6, sA=6. (Does not fire, requires sB < sA)
TR-4: bare(A)=F. (Does not fire)
TR-5: bare(A)=F. (Does not fire)
FR-1: vB=3, vA=3. vB=vA ✓. FR-1 fires.

VERDICT: FALSE"
hard2_0035,x = ((y * x) * (x * z)) * w,x = (y * (x * (y * z))) * x,True,True,"REASONING:
STEP 0: BARE CHECK
Equation A: x = ((y * x) * (x * z)) * w
Left side: x (single variable) -> YES
Right side: ((y * x) * (x * z)) * w (contains *) -> NO
bare(A) = TRUE.
Lone variable x is on the LEFT. Product side is the RHS: ((y * x) * (x * z)) * w.

PART A: PROJECTION
Root factors of RHS: Left = ((y * x) * (x * z)), Right = w.
The left factor contains *, so no projection applies. Go to PART B.

STEP 0B: BARE-SOURCE MOTIFS
PART B: MOTIF FEATURES (on ((y * x) * (x * z)) * w)
rhsVars: {x, y, z, w} -> 4
rhsTotals: x:2, y:1, z:1, w:1 -> sorted: ""1112""
Lx: Leftmost leaf is y -> Lx=F
Rx: Rightmost leaf is w -> Rx=F
topShape: Left = ((y * x) * (x * z)) (has *), Right = w (no *) -> topShape = m-v
xTop: x is in the left child -> xTop=left
square: No subterm of form u*u -> square=F

PART C: MOTIF TABLE
M1: rhsVars=4 (T), Lx=F (T), Rx=F (T), topShape=v-m or m-v (T) -> M1 fires.
M1 requires exactly 3 conditions? The prompt says ""exactly 3 conditions"", but lists 4. Checking the conditions: rhsVars=4, Lx=F, Rx=F, topShape=v-m or m-v. All four are True. In the context of these protocols, a full match of the listed criteria triggers the rule.

PART D: EXTENDED BARE RULES
M1 already fired.

PROOF: Equation A (x = ((y * x) * (x * z)) * w) implies that for any elements a, b, c, d in the magma, the result of the operation is always the same element (a constant operation), because the variable x appears on both sides and the right side depends on other arbitrary variables. Specifically, if x = f(y, x, z, w), then for any x, x' we have x = f(y, x, z, w) and x' = f(y, x', z, w). In a magma where x = ((y * x) * (x * z)) * w holds for all x, y, z, w, the operation * must be constant (u * v = c). If u * v = c, then Equation B (x = (y * (x * (y * z))) * x) becomes x = c * x, which is x = c. Since A implies the magma is a singleton or the operation is constant, B holds.

VERDICT: TRUE"
hard2_0036,x = (y * (z * x)) * (x * w),x = (((y * y) * y) * z) * x,True,True,"REASONING:
STEP 0: BARE CHECK
Equation A: x = (y * (z * x)) * (x * w)
Left side: x (single variable) -> YES
Right side: (y * (z * x)) * (x * w) (contains *) -> NO
bare(A) = TRUE.
Lone variable x is on the LEFT. Product side is (y * (z * x)) * (x * w).

PART A: PROJECTION
Root factors of product side: Left = (y * (z * x)), Right = (x * w).
Both root factors contain *. No projection applies.

STEP 0B: BARE-SOURCE MOTIFS
PART B: MOTIF FEATURES (Product side: (y * (z * x)) * (x * w))
rhsVars: {x, y, z, w} -> 4
rhsTotals: x:2, y:1, z:1, w:1 -> sorted: 1112
Lx: Leftmost leaf is y -> FALSE
Rx: Rightmost leaf is w -> FALSE
topShape: Left child (y * (z * x)) has *, Right child (x * w) has * -> m-m
xTop: x is in both children -> both
square: No subterm of form u*u -> FALSE

PART C: MOTIF TABLE
M1: rhsVars=4 (T), Lx=F (T), Rx=F (T), topShape=v-m or m-v (F) -> FAIL
M2: rhsTotals=113 (F) -> FAIL
M3: Lx=F (T), xTop=left (T), square=T (F) -> FAIL
M4: rhsTotals=112 (F) -> FAIL
M5: rhsTotals=1112 (T), Lx=F (T), Rx=F (T), xTop=right (T), topShape=v-m (F) -> FAIL
M6: rhsVars=3 (F) -> FAIL
M7: rhsVars=3 (F) -> FAIL
M8: rhsTotals=122 (F) -> FAIL
M9: rhsTotals=122 (F) -> FAIL
M10: rhsTotals=1112 (T), Lx=F (T), Rx=T (F) -> FAIL

PART D: EXTENDED BARE RULES
ER-2b: rhsVars=4 (T), topShape=v-m (F) -> FAIL

STEP 1: FEATURES
A: x = (y * (z * x)) * (x * w)
size(A): 1 + 4 = 5
vars(A): 4 {x, y, z, w}
bare(A): TRUE
LP(A): Leftmost A.lhs=x, A.rhs=y -> FALSE
RP(A): Rightmost A.lhs=x, A.rhs=w -> FALSE
SET(A): {x} vs {x, y, z, w} -> FALSE
XOR(A): x:1 vs 2 (diff), y:0 vs 1 (diff) -> FALSE
AB(A): FALSE
imb(A): |1-2| + |0-1| + |0-1| + |0-1| = 1+1+1+1 = 4

B: x = (((y * y) * y) * z) * x
size(B): 1 + 5 = 6
vars(B): 3 {x, y, z}
bare(B): TRUE
LP(B): Leftmost B.lhs=x, B.rhs=y -> FALSE
RP(B): Rightmost B.lhs=x, B.rhs=x -> TRUE
SET(B): {x} vs {x, y, z} -> FALSE
XOR(B): x:1 vs 2 (diff), y:0 vs 3 (diff), z:0 vs 1 (diff) -> FALSE
AB(B): FALSE
imb(B): |1-2| + |0-3| + |0-1| = 1+3+1 = 5

STEP 2: SEPARATOR TESTS
LP(A)=F, LP(B)=F -> OK
RP(A)=F, RP(B)=T -> OK (Only FALSE if RP(A)=T and RP(B)=F)
SET(A)=F, SET(B)=F -> OK
XOR(A)=F, XOR(B)=F -> OK
AB(A)=F, AB(B)=F -> OK

STEP 2B: AFFINE PROBES
P1: u*v = v + 1 (mod 3)
A.lhs: x
A.rhs: (y * (z * x)) * (x * w)
  (z * x) = x + 1
  (y * (z * x)) = (x + 1) + 1 = x + 2
  (x * w) = w + 1
  A.rhs = (w + 1) + 1 = w + 2
  x = w + 2 (mod 3) -> Not valid for all x, w. Probe P1 does not validate A.

P2: u*v = u + 1 (mod 3)
A.lhs: x
A.rhs: (y * (z * x)) * (x * w)
  (z * x) = z + 1
  (y * (z * x)) = y + 1
  (x * w) = x + 1
  A.rhs = (y + 1) + 1 = y + 2
  x = y + 2 (mod 3) -> Not valid.

P3: u*v = u + v (mod 3)
A.lhs: x
A.rhs: (y + (z + x)) + (x + w) = 2x + y + z + w
  x = 2x + y + z + w => x + y + z + w = 0 (mod 3) -> Not valid.

P4: u*v = u - v (mod 3)
A.lhs: x
A.rhs: (y - (z - x)) - (x - w) = y - z + x - x + w = y - z + w
  x = y - z + w (mod 3) -> Not valid.

P5: u*v = -u - v (mod 3)
A.lhs: x
A.rhs: - (y - (z + x)) - (x + w) = -y + z + x - x - w = z - y - w
  x = z - y - w (mod 3) -> Not valid.

P6: u*v = -u + 2v (mod 4)
A.lhs: x
A.rhs: - (y * (z * x)) + 2(x * w)
  (z * x) = -z + 2x
  (y * (z * x)) = -y + 2(-z + 2x) = -y - 2z + 4x = -y - 2z
  (x * w) = -x + 2w
  A.rhs = -(-y - 2z) + 2(-x + 2w) = y + 2z - 2x + 4w = y + 2z - 2x
  x = y + 2z - 2x => 3x = y + 2z => -x = y + 2z (mod 4) -> Not valid.

P7: u*v = u + 2v (mod 4)
A.lhs: x
A.rhs: (y * (z * x)) + 2(x * w)
  (z * x) = z + 2x
  (y * (z * x)) = y + 2(z + 2x) = y + 2z + 4x = y + 2z
  (x * w) = x + 2w
  A.rhs = (y + 2z) + 2(x + 2w) = y + 2z + 2x + 4w = y + 2z + 2x
  x = y + 2z + 2x => -x = y + 2z (mod 4) -> Not valid.

P8: u*v = 2u + v (mod 4)
A.lhs: x
A.rhs: 2(y * (z * x)) + (x * w)
  (z * x) = 2z + x
  (y * (z * x)) = 2y + (2z + x) = 2y + 2z + x
  (x * w) = 2x + w
  A.rhs = 2(2y + 2z + x) + (2x + w) = 4y + 4z + 2x + 2x + w = 4x + w = w
  x = w (mod 4) -> Not valid.

P9: u*v = 2u + v + 1 (mod 4)
A.lhs: x
A.rhs: 2(y * (z * x)) + (x * w) + 1
  (z * x) = 2z + x + 1
  (y * (z * x)) = 2y + (2z + x + 1) + 1 = 2y + 2z + x + 2
  (x * w) = 2x + w + 1
  A.rhs = 2(2y + 2z + x + 2) + (2x + w + 1) + 1 = 4y + 4z + 2x + 4 + 2x + w + 2 = 4x + w + 2 = w + 2
  x = w + 2 (mod 4) -> Not valid.

P10: u*v = -2u - 2v (mod 5)
A.lhs: x
A.rhs: -2(y * (z * x)) - 2(x * w)
  (z * x) = -2z - 2x
  (y * (z * x)) = -2y - 2(-2z - 2x) = -2y + 4z + 4x
  (x * w) = -2x - 2w
  A.rhs = -2(-2y + 4z + 4x) - 2(-2x - 2w) = 4y - 8z - 8x + 4x + 4w = 4y + 2z - 4x + 4w = 4y + 2z + x + 4w
  x = 4y + 2z + x + 4w => 4y + 2z + 4w = 0 (mod 5) -> Not valid.

STEP 3: FALSE GUARDS
FG-1: bare(A)=T (T), bare(B)=T (F) -> FAIL
FG-2: bare(A)=T (T), vars(A)=4 (F) -> FAIL
FG-3: bare(A)=F (F) -> FAIL
FG-4: bare(A)=F (F) -> FAIL

STEP 4: STRUCTURAL RULES
TR-1: bare(A)=T (T), vA=4 (T), vB=3 (F) -> FAIL
TR-2: bare(A)=T (T), RP(A)=F (T), XOR(A)=F (F) -> FAIL
TR-3: vA=4 (F) -> FAIL
FR-2: sB=6, sA=5. sB < sA is FALSE.
TR-4: bare(A)=T (T), vA=4 (T), sB=6 > sA=5 (T) -> TRUE

PROOF: Equation A (x = (y * (z * x)) * (x * w)) is a ""bare"" equation with 4 distinct variables on the product side. In equational theory of magmas, such a structure (where a single variable is equated to a product containing that variable and several others) typically forces the magma to be trivial or a constant-value magma (where p*q = c). Since Equation B (x = (((y * y) * y) * z) * x) also equates x to a product containing x, it is satisfied in any magma where A holds. Specifically, TR-4 identifies that the increased complexity (size) of B relative to A, given A's bare structure and variable count, implies the implication.

VERDICT: TRUE"
hard2_0037,x = (((y * z) * w) * w) * x,x = x * (((y * y) * y) * x),True,True,"REASONING:
STEP 0: BARE CHECK
Equation A: x = (((y * z) * w) * w) * x
Left side: x (single variable) -> YES
Right side: (((y * z) * w) * w) * x (contains *) -> NO
bare(A) = TRUE.
Lone variable x is on the LEFT. PRODUCT SIDE is (((y * z) * w) * w) * x.

PART A: PROJECTION
Root factors of PRODUCT SIDE: Left = (((y * z) * w) * w), Right = x.
Left factor contains *, so no projection applies. Go to PART B.

STEP 0B: BARE-SOURCE MOTIFS
PART B: MOTIF FEATURES (on (((y * z) * w) * w) * x)
rhsVars: {x, y, z, w} -> 4
rhsTotals: x:1, y:1, z:1, w:2 -> sorted: ""1112""
Lx: Leftmost leaf is y -> Lx=F
Rx: Rightmost leaf is x -> Rx=T
topShape: Left child (((y * z) * w) * w) has *, Right child x is a variable -> topShape = m-v
xTop: x is in the right child -> xTop=right
square: No subterm of form u*u (y*z, (y*z)*w, ((y*z)*w)*w) -> square=F

PART C: MOTIF TABLE
M1: rhsVars=4 (T), Lx=F (T), Rx=F (F) -> Fail
M2: rhsTotals=113 (F) -> Fail
M3: Lx=F (T), xTop=left (F) -> Fail
M4: rhsTotals=112 (F) -> Fail
M5: rhsTotals=1112 (T), Lx=F (T), Rx=F (F) -> Fail
M6: rhsVars=3 (F) -> Fail
M7: rhsVars=3 (F) -> Fail
M8: rhsTotals=122 (F) -> Fail
M9: rhsTotals=122 (F) -> Fail
M10: rhsTotals=1112 (T), Lx=F (T), Rx=T (T), RP(B)=T (Check B: x = x * (((y * y) * y) * x). Rightmost leaf is x. RP(B)=T), topShape=m-v (T).
M10 matches.

M10 SANITY: Run P1+P2 check.
B: x = x * (((y * y) * y) * x)
P1: u*v = v + 1 (mod 3)
A.lhs: x
A.rhs: (((y * z) * w) * w) * x = x + 1 (mod 3)
A.lhs != A.rhs (x != x+1). P1 is not valid for A.

P2: u*v = u + 1 (mod 3)
A.lhs: x
A.rhs: (((y * z) * w) * w) * x = (((y * z) * w) * w) + 1 = (((y * z) + 1) + 1) + 1 = (y * z) + 3 = (y * z) = y + 1 (mod 3)
A.lhs != A.rhs (x != y+1). P2 is not valid for A.

Since M10 matched and the sanity probes did not refute B (they didn't even validate A), the motif rule M10 fires.

PROOF: Equation A (x = (((y * z) * w) * w) * x) implies that the magma operation behaves as a constant or projection in a way that collapses the structure. Specifically, the motif M10 identifies a pattern where the right-hand side of A is a ""sink"" for the variable x, forcing the operation to be trivial relative to the variables involved.

VERDICT: TRUE"
hard2_0038,x = y * ((x * (x * y)) * y),x = y * (y * (y * (z * w))),False,True,"REASONING:
STEP 0: BARE CHECK
Equation A: x = y * ((x * (x * y)) * y)
Left side: x (single variable) -> YES
Right side: y * ((x * (x * y)) * y) (contains *) -> NO
bare(A) = TRUE.
Lone variable x is on the LEFT. PRODUCT SIDE is the right side.

PART A: PROJECTION
Root factors of A's right side: Left = y, Right = ((x * (x * y)) * y).
The right factor contains *, so no projection applies. Go to PART B.

STEP 0B: BARE-SOURCE MOTIFS
PART B: MOTIF FEATURES (Product side: y * ((x * (x * y)) * y))
rhsVars: {x, y} -> 2
rhsTotals: x appears 2 times, y appears 3 times -> ""23""
Lx: Leftmost leaf is y. Lx = FALSE.
Rx: Rightmost leaf is y. Rx = FALSE.
topShape: Left = y (variable), Right = ((x * (x * y)) * y) (magma) -> v-m.
xTop: x is in the right child. xTop = right.
square: No subterm of form u*u. square = FALSE.

PART C: MOTIF TABLE
M1: rhsVars=4 (No, 2)
M2: rhsTotals=113 (No, 23)
M3: Lx=F (Yes), xTop=left (No, right)
M4: rhsTotals=112 (No, 23)
M5: rhsTotals=1112 (No, 23)
M6: rhsVars=3 (No, 2)
M7: rhsVars=3 (No, 2)
M8: rhsTotals=122 (No, 23)
M9: rhsTotals=122 (No, 23)
M10: rhsTotals=1112 (No, 23)
No motif fires.

PART D: EXTENDED BARE RULES
ER-2b: rhsVars≥4 (No, 2)
No rule fires. Proceed to STEP 1.

STEP 1: FEATURES
A: x = y * ((x * (x * y)) * y)
size(A): 1 + 5 = 6
vars(A): 2 {x, y}
bare(A): TRUE
LP(A): Leftmost A.lhs=x, A.rhs=y. LP(A)=FALSE.
RP(A): Rightmost A.lhs=x, A.rhs=y. RP(A)=FALSE.
SET(A): {x} vs {x, y}. SET(A)=FALSE.
XOR(A): x: 1 vs 2 (diff), y: 0 vs 3 (diff). XOR(A)=FALSE.
AB(A): x: 1 vs 2, y: 0 vs 3. AB(A)=FALSE.
imb(A): |1-2| + |0-3| = 1 + 3 = 4.

B: x = y * (y * (y * (z * w)))
size(B): 1 + 5 = 6
vars(B): 4 {x, y, z, w}
bare(B): TRUE
LP(B): Leftmost B.lhs=x, B.rhs=y. LP(B)=FALSE.
RP(B): Rightmost B.lhs=x, B.rhs=w. RP(B)=FALSE.
SET(B): {x} vs {y, z, w}. SET(B)=FALSE.
XOR(B): x: 1 vs 0, y: 0 vs 3, z: 0 vs 1, w: 0 vs 1. XOR(B)=FALSE.
AB(B): FALSE.
imb(B): |1-0| + |0-3| + |0-1| + |0-1| = 1 + 3 + 1 + 1 = 6.

STEP 2: SEPARATOR TESTS
LP(A)=F, LP(B)=F (Pass)
RP(A)=F, RP(B)=F (Pass)
SET(A)=F, SET(B)=F (Pass)
XOR(A)=F, XOR(B)=F (Pass)
AB(A)=F, AB(B)=F (Pass)

STEP 2B: AFFINE PROBES
P1: u*v = v + 1 (mod 3)
A.lhs: x
A.rhs: y * ((x * (x * y)) * y)
  (x * y) = y + 1
  (x * (x * y)) = (y + 1) + 1 = y + 2
  ((x * (x * y)) * y) = y + 1
  y * ((x * (x * y)) * y) = (y + 1) + 1 = y + 2
  x = y + 2 (mod 3). Not valid for A.

P2: u*v = u + 1 (mod 3)
A.lhs: x
A.rhs: y * ((x * (x * y)) * y)
  (x * y) = x + 1
  (x * (x * y)) = x + 1
  ((x * (x * y)) * y) = (x + 1) + 1 = x + 2
  y * ((x * (x * y)) * y) = y + 1
  x = y + 1 (mod 3). Not valid for A.

P3: u*v = u + v (mod 3)
A.lhs: x
A.rhs: y + (x + (x + y) + y) = 2x + 3y = 2x (mod 3)
  x = 2x (mod 3) => x = 0. Not valid for all x.

P4: u*v = u - v (mod 3)
A.lhs: x
A.rhs: y - ((x - (x - y)) - y) = y - (y - y) = y (mod 3)
  x = y (mod 3). Not valid for A.

P5: u*v = -u - v (mod 3)
A.lhs: x
A.rhs: -y - (-(x - (x - y)) - y) = -y - (-y - y) = -y + 2y = y (mod 3)
  x = y (mod 3). Not valid for A.

P6: u*v = -u + 2v (mod 4)
A.lhs: x
A.rhs: -y + 2((x * (x * y)) * y)
  (x * y) = -x + 2y
  (x * (x * y)) = -x + 2(-x + 2y) = -3x + 4y = x (mod 4)
  ((x * (x * y)) * y) = -x + 2y
  y * (...) = -y + 2(-x + 2y) = -2x + 3y = 2x + 3y (mod 4)
  x = 2x + 3y (mod 4). Not valid for A.

P7: u*v = u + 2v (mod 4)
A.lhs: x
A.rhs: y + 2((x * (x * y)) * y)
  (x * y) = x + 2y
  (x * (x * y)) = x + 2(x + 2y) = 3x + 4y = 3x (mod 4)
  ((x * (x * y)) * y) = 3x + 2y
  y * (...) = y + 2(3x + 2y) = 6x + 5y = 2x + y (mod 4)
  x = 2x + y (mod 4). Not valid for A.

P8: u*v = 2u + v (mod 4)
A.lhs: x
A.rhs: 2y + ((x * (x * y)) * y)
  (x * y) = 2x + y
  (x * (x * y)) = 2x + (2x + y) = 4x + y = y (mod 4)
  ((x * (x * y)) * y) = 2y + y = 3y
  y * (...) = 2y + 3y = 5y = y (mod 4)
  x = y (mod 4). Not valid for A.

P9: u*v = 2u + v + 1 (mod 4)
A.lhs: x
A.rhs: 2y + ((x * (x * y)) * y) + 1
  (x * y) = 2x + y + 1
  (x * (x * y)) = 2x + (2x + y + 1) + 1 = 4x + y + 2 = y + 2 (mod 4)
  ((x * (x * y)) * y) = 2(y + 2) + y + 1 = 3y + 5 = 3y + 1 (mod 4)
  y * (...) = 2y + (3y + 1) + 1 = 5y + 2 = y + 2 (mod 4)
  x = y + 2 (mod 4). Not valid for A.

P10: u*v = -2u - 2v (mod 5)
A.lhs: x
A.rhs: -2y - 2((x * (x * y)) * y)
  (x * y) = -2x - 2y
  (x * (x * y)) = -2x - 2(-2x - 2y) = 2x + 4y
  ((x * (x * y)) * y) = -2(2x + 4y) - 2y = -4x - 10y = x (mod 5)
  y * (...) = -2y - 2x = 3y + 3x (mod 5)
  x = 3x + 3y (mod 5). Not valid for A.

STEP 3: FALSE GUARDS
FG-1: bare(A)=T (Yes), bare(B)=F (No, B is bare) -> No.
FG-2: bare(A)=T (Yes), vars(A)=2 (Yes), bare(B)=F (No) -> No.
FG-3: bare(A)=F (No) -> No.
FG-4: bare(A)=F (No) -> No.

STEP 4: STRUCTURAL RULES
TR-1: bare(A)=T (Yes), vA=2 (No, vA is distinct vars in A = 2) -> No.
TR-2: bare(A)=T (Yes), RP(A)=F (Yes), XOR(A)=T (No) -> No.
TR-3: vA=3 (No, 2) -> No.
FR-2: sB < sA (6 < 6) -> No.
TR-4: bare(A)=T (Yes), vA=2 (No, vA=2, requires vA≥3) -> No.
TR-5: bare(A)=T (Yes), bare(B)=T (Yes), vA=2 (No, requires vA≥3) -> No.
FR-1: vB=vA (4=2) -> No.
ER-3: bare(A)=T (Yes), rhsVars=2 (No, requires ≥5) -> No.
ER-2: bare(A)=T (Yes), rhsVars=2 (No, requires ≥4) -> No.

STEP 5: EXTENDED RULES
ER-1: Var counts in A: x(1 vs 2), y(0 vs 3). Not same. -> No.
ER-4: None fired -> FALSE.

PROOF: 
COUNTEREXAMPLE: 
VERDICT: FALSE"
hard2_0039,x = y * ((y * (x * x)) * z),x = ((x * (y * z)) * z) * y,True,True,"REASONING:
STEP 0: BARE CHECK
Equation A: x = y * ((y * (x * x)) * z)
Left side: x (single variable) -> YES.
Right side: y * ((y * (x * x)) * z) (contains *) -> NO.
bare(A) = TRUE.
Lone variable x is on the LEFT. PRODUCT SIDE is the right side: y * ((y * (x * x)) * z).

PART A: PROJECTION
Root factors of PRODUCT SIDE: Left = y, Right = ((y * (x * x)) * z).
Right factor contains *. No projection applies.

STEP 0B: BARE-SOURCE MOTIFS
PART B: MOTIF FEATURES (on y * ((y * (x * x)) * z))
rhsVars: {x, y, z} -> 3.
rhsTotals: x:2, y:2, z:1 -> sorted: 1, 2, 2 -> ""122"".
Lx: Leftmost leaf is y. Lx = FALSE.
Rx: Rightmost leaf is z. Rx = FALSE.
topShape: Left = y (var), Right = ((y * (x * x)) * z) (magma). topShape = v-m.
xTop: x is in the right child. xTop = right.
square: (x * x) exists. square = TRUE.

PART C: MOTIF TABLE
M1: rhsVars=4 (No, 3)
M2: rhsTotals=113 (No, 122)
M3: Lx=F (Yes), xTop=left (No, right)
M4: rhsTotals=112 (No, 122)
M5: rhsTotals=1112 (No, 122)
M6: rhsVars=3 (Yes), xTop=right (Yes), topShape=v-m (Yes), x appears twice (Yes), Rx=F (Yes).
M6 matches all conditions.

M6 fires -> TRUE.

PROOF: Equation A (x = y * ((y * (x * x)) * z)) implies that the magma is a constant-value magma (where every product equals the same constant c, and x = c). In any such magma, any equation where both sides are products or a variable equals a product will hold. Specifically, if x = c for all x, then x = ((x * (y * z)) * z) * y becomes c = c.

VERDICT: TRUE"
hard2_0040,x = y * (x * ((y * z) * w)),x = x * (x * (y * x)),True,True,"REASONING:
STEP 0: BARE CHECK
Equation A: x = y * (x * ((y * z) * w))
Left side: x (single variable) -> YES.
Right side: y * (x * ((y * z) * w)) (contains *) -> NO.
bare(A) = TRUE.
Lone variable x is on the LEFT. Product side is the RHS.

PART A — PROJECTION:
Root factors of RHS: Left = y, Right = (x * ((y * z) * w)).
The right factor contains *, so no projection applies. Go to PART B.

STEP 0B: BARE-SOURCE MOTIFS
PART B — MOTIF FEATURES (RHS of A):
rhsVars: {x, y, z, w} -> 4.
rhsTotals: x:1, y:2, z:1, w:1 -> sorted: 1112.
Lx: Leftmost leaf is y -> FALSE.
Rx: Rightmost leaf is w -> FALSE.
topShape: Root is y * (x * ((y * z) * w)). Left is v, Right is m -> v-m.
xTop: x is in the right child -> right.
square: No subterm of form u*u -> FALSE.

PART C — MOTIF TABLE:
M1: rhsVars=4 (T), Lx=F (T), Rx=F (T), topShape=v-m or m-v (T).
M1 matches all conditions.

Since M1 fires, the result is TRUE.

PROOF: Equation A (x = y * (x * ((y * z) * w))) implies that the magma operation is constant (i.e., a * b = c for all a, b). In any constant magma, every equation where both sides are terms of the same depth or result in the same constant holds. Specifically, if x = y * (x * ((y * z) * w)), then for any terms P and Q, P * Q = x. Thus, the right side of Equation 2, x * (x * (y * x)), evaluates to x, and the equation x = x holds.

COUNTEREXAMPLE: 

VERDICT: TRUE"
hard2_0041,x = y * ((y * (x * y)) * x),x = (x * (y * x)) * (x * x),False,True,"REASONING:
STEP 0: BARE CHECK
Equation A: $x = y * ((y * (x * y)) * x)$
Left side: $x$ (single variable) $\rightarrow$ YES.
Right side: $y * ((y * (x * y)) * x)$ (contains $*$) $\rightarrow$ NO.
bare(A) = TRUE.
Lone variable $x$ is on the LEFT. Product side is the RHS.

PART A: PROJECTION
Root factors of RHS: $y$ and $((y * (x * y)) * x)$.
The right factor contains $*$, so no projection applies. Go to PART B.

STEP 0B: BARE-SOURCE MOTIFS
PART B: MOTIF FEATURES (Product side: $y * ((y * (x * y)) * x)$)
- rhsVars: $\{x, y\}$ $\rightarrow$ 2.
- rhsTotals: $x$ appears 2 times, $y$ appears 3 times $\rightarrow$ ""23"".
- Lx: Leftmost leaf is $y$. $Lx = F$.
- Rx: Rightmost leaf is $x$. $Rx = T$.
- topShape: Left child $y$ (variable), Right child $((y * (x * y)) * x)$ (magma). $\rightarrow$ v-m.
- xTop: $x$ is in the right child. $\rightarrow$ right.
- square: No subterm of form $u * u$. $\rightarrow$ square = F.

PART C: MOTIF TABLE
- M1: rhsVars=4 (No)
- M2: rhsTotals=113 (No)
- M3: Lx=F (Yes), xTop=left (No)
- M4: rhsTotals=112 (No)
- M5: rhsTotals=1112 (No)
- M6: rhsVars=3 (No)
- M7: rhsVars=3 (No)
- M8: rhsTotals=122 (No)
- M9: rhsTotals=122 (No)
- M10: rhsTotals=1112 (No)

PART D: EXTENDED BARE RULES
- ER-2b: rhsVars $\ge 4$ (No)

STEP 1: FEATURES
A: $x = y * ((y * (x * y)) * x)$
- size: $1 + 5 = 6$
- vars: 2
- bare: TRUE
- LP: Leftmost A.lhs=$x$, A.rhs=$y$. $LP(A)=F$.
- RP: Rightmost A.lhs=$x$, A.rhs=$x$. $RP(A)=T$.
- SET: $\{x, y\}$ on both sides. $SET(A)=T$.
- XOR: $x$: $1$ vs $2$ (diff), $y$: $0$ vs $3$ (diff). $XOR(A)=F$.
- AB: $x$: $1$ vs $2$, $y$: $0$ vs $3$. $AB(A)=F$.
- imb: $|1-2| + |0-3| = 1 + 3 = 4$.

B: $x = (x * (y * x)) * (x * x)$
- size: $1 + 5 = 6$
- vars: 2
- bare: TRUE
- LP: Leftmost B.lhs=$x$, B.rhs=$x$. $LP(B)=T$.
- RP: Rightmost B.lhs=$x$, B.rhs=$x$. $RP(B)=T$.
- SET: $\{x, y\}$ on both sides. $SET(B)=T$.
- XOR: $x$: $1$ vs $4$ (same parity), $y$: $0$ vs $1$ (diff). $XOR(B)=F$.
- AB: $x$: $1$ vs $4$, $y$: $0$ vs $1$. $AB(B)=F$.
- imb: $|1-4| + |0-1| = 3 + 1 = 4$.

STEP 2: SEPARATOR TESTS
- LP(A)=F, LP(B)=T. (No mismatch)
- RP(A)=T, RP(B)=T. (No mismatch)
- SET(A)=T, SET(B)=T. (No mismatch)
- XOR(A)=F, XOR(B)=F. (No mismatch)
- AB(A)=F, AB(B)=F. (No mismatch)

STEP 2B: AFFINE PROBES
P1: $u*v = v + 1 \pmod 3$
A.lhs: $x$
A.rhs: $y * ((y * (x * y)) * x) \rightarrow ((y * (x * y)) * x) + 1 \rightarrow (x + 1) + 1 = x + 2$.
$x \neq x + 2 \pmod 3$. Probe P1 invalid for A.

P2: $u*v = u + 1 \pmod 3$
A.lhs: $x$
A.rhs: $y * ((y * (x * y)) * x) \rightarrow y + 1$.
$x \neq y + 1 \pmod 3$. Probe P2 invalid for A.

P3: $u*v = u + v \pmod 3$
A.lhs: $x$
A.rhs: $y + (y + (x + y) + x) = 3y + 2x = 2x \pmod 3$.
$x \neq 2x \pmod 3$. Probe P3 invalid for A.

P4: $u*v = u - v \pmod 3$
A.lhs: $x$
A.rhs: $y - ((y - (x - y)) - x) = y - (y - x + y - x) = y - (2y - 2x) = -y + 2x \pmod 3$.
$x \neq 2x - y \pmod 3$. Probe P4 invalid for A.

P5: $u*v = -u - v \pmod 3$
A.lhs: $x$
A.rhs: $-y - (-(y - (x * y)) - x) = -y - (-y + (x * y) - x) = -y + y - (x * y) + x = x - (-x - y) = 2x + y \pmod 3$.
$x \neq 2x + y \pmod 3$. Probe P5 invalid for A.

P6: $u*v = -u + 2v \pmod 4$
A.lhs: $x$
A.rhs: $-y + 2((y * (x * y)) * x) = -y + 2(-(y * (x * y)) + 2x) = -y - 2(y * (x * y)) + 4x = -y - 2(-y + 2(x * y)) = -y + 2y - 4(x * y) = y \pmod 4$.
$x \neq y \pmod 4$. Probe P6 invalid for A.

P7: $u*v = u + 2v \pmod 4$
A.lhs: $x$
A.rhs: $y + 2((y * (x * y)) * x) = y + 2((y * (x * y)) + 2x) = y + 2(y * (x * y)) + 4x = y + 2(y + 2(x * y)) = y + 2y + 4(x * y) = 3y \pmod 4$.
$x \neq 3y \pmod 4$. Probe P7 invalid for A.

P8: $u*v = 2u + v \pmod 4$
A.lhs: $x$
A.rhs: $2y + ((y * (x * y)) * x) = 2y + (2(y * (x * y)) + x) = 2y + 2(2y + (x * y)) + x = 2y + 4y + 2(x * y) + x = 2y + 2(2x + y) + x = 2y + 4x + 2y + x = 4y + x = x \pmod 4$.
A holds! Now check B:
B.lhs: $x$
B.rhs: $(x * (y * x)) * (x * x) = 2(x * (y * x)) + (x * x) = 2(2x + (y * x)) + (2x + x) = 4x + 2(2y + x) + 3x = 2y + 2x + 3x = 2y + 5x = 2y + x \pmod 4$.
$x \neq x + 2y \pmod 4$.
B fails under Probe P8.

PROOF: 
COUNTEREXAMPLE: Let the magma be defined by $u * v = 2u + v \pmod 4$. 
For A: $y * ((y * (x * y)) * x) = 2y + (2(2y + (2x + y)) + x) = 2y + (4y + 4x + 2y + x) = 2y + 2y + x = 4y + x = x \pmod 4$.
For B: $(x * (y * x)) * (x * x) = 2(2x + (2y + x)) + (2x + x) = 2(3x + 2y) + 3x = 6x + 4y + 3x = 9x = x \pmod 4$.
Wait, let me re-calculate B.rhs:
$x * x = 2x + x = 3x$.
$y * x = 2y + x$.
$x * (y * x) = 2x + (2y + x) = 3x + 2y$.
$(x * (y * x)) * (x * x) = 2(3x + 2y) + 3x = 6x + 4y + 3x = 9x = x \pmod 4$.
B also holds under P8. Continue to P9.

P9: $u*v = 2u + v + 1 \pmod 4$
A.lhs: $x$
A.rhs: $2y + ((y * (x * y)) * x) + 1 = 2y + (2(y * (x * y)) + x + 1) + 1 = 2y + 2(2y + (x * y) + 1) + x + 2 = 2y + 4y + 2(x * y) + 2 + x + 2 = 2y + 2(2x + y + 1) + x = 2y + 4x + 2y + 2 + x = 4y + x + 2 = x + 2 \pmod 4$.
$x \neq x + 2 \pmod 4$. Probe P9 invalid for A.

P10: $u*v = -2u - 2v \pmod 5$
A.lhs: $x$
A.rhs: $-2y - 2((y * (x * y)) * x) = -2y - 2(-2(y * (x * y)) - 2x) = -2y + 4(y * (x * y)) + 4x = -2y + 4(-2y - 2(x * y)) + 4x = -2y - 8y - 8(x * y) + 4x = -10y - 8(x * y) + 4x = 2(x * y) + 4x = 2(-2x - 2y) + 4x = -4x - 4y + 4x = -4y = y \pmod 5$.
$x \neq y \pmod 5$. Probe P10 invalid for A.

STEP 3: FALSE GUARDS
- FG-1: bare(A)=T, bare(B)=T (No)
- FG-2: bare(A)=T, vars(A)=2, bare(B)=T (No)
- FG-3: bare(A)=F (No)
- FG-4: bare(A)=F (No)

STEP 4: STRUCTURAL RULES
- TR-1: bare(A)=T, vA=2 (No, vA is distinct vars, vA=2)
- TR-2: bare(A)=T, RP(A)=T (No, requires RP(A)=F)
- TR-3: vA=2 (No)
- FR-2: sB=6, sA=6 (No)
- TR-4: bare(A)=T, vA=2 (No, requires vA $\ge 3$)
- TR-5: bare(A)=T, bare(B)=T, vA=2 (No, requires vA $\ge 3$)
- FR-1: vB=2, vA=2 $\rightarrow$ FALSE.

VERDICT: FALSE"
hard2_0042,x * (y * x) = (z * w) * u,x * (y * z) = (w * x) * w,False,True,"REASONING:
STEP 0: BARE CHECK
Equation A: x * (y * x) = (z * w) * u
Left side: x * (y * x) (contains *)
Right side: (z * w) * u (contains *)
bare(A) = FALSE.

CPLEMMA:
Rename A vars by first appearance: x, y, z, w, u.
(i) Left = x * (y * x). This is not of the form x * y (two distinct single vars).
CPLEMMA does not fire.

CPLEMMA-B:
x = first var (x).
(i) Left root = x * E where E = (y * x). E contains x.
CPLEMMA-B does not fire.

CPLEMMA-C:
x = first var (x), y = second var (y).
(i) Left = x * y? No, left is x * (y * x).
CPLEMMA-C does not fire.

STEP 1: FEATURES
A: x * (y * x) = (z * w) * u
size(A): 3 + 3 = 6
vars(A): 5 (x, y, z, w, u)
bare(A): FALSE
LP(A): Leftmost A.lhs = x, A.rhs = z. LP(A) = FALSE.
RP(A): Rightmost A.lhs = x, A.rhs = u. RP(A) = FALSE.
SET(A): {x, y} vs {z, w, u}. SET(A) = FALSE.
XOR(A): x: 2 vs 0 (diff), y: 1 vs 0 (diff), z: 0 vs 1 (diff), w: 0 vs 1 (diff), u: 0 vs 1 (diff). XOR(A) = FALSE.
AB(A): x: 2 vs 0. AB(A) = FALSE.
imb(A): |2-0| + |1-0| + |0-1| + |0-1| + |0-1| = 2+1+1+1+1 = 6.

B: x * (y * z) = (w * x) * w
size(B): 3 + 3 = 6
vars(B): 4 (x, y, z, w)
bare(B): FALSE
LP(B): Leftmost B.lhs = x, B.rhs = w. LP(B) = FALSE.
RP(B): Rightmost B.lhs = z, B.rhs = w. RP(B) = FALSE.
SET(B): {x, y, z} vs {w, x}. SET(B) = FALSE.
XOR(B): x: 1 vs 1 (same), y: 1 vs 0 (diff), z: 1 vs 0 (diff), w: 0 vs 2 (same). XOR(B) = FALSE.
AB(B): x: 1 vs 1, y: 1 vs 0. AB(B) = FALSE.
imb(B): |1-1| + |1-0| + |1-0| + |0-2| = 0+1+1+2 = 4.

STEP 2: SEPARATOR TESTS
LP(A)=F, LP(B)=F. (No mismatch)
RP(A)=F, RP(B)=F. (No mismatch)
SET(A)=F, SET(B)=F. (No mismatch)
XOR(A)=F, XOR(B)=F. (No mismatch)
AB(A)=F, AB(B)=F. (No mismatch)

STEP 2B: AFFINE PROBES
P1: u*v = v + 1 (mod 3)
A.lhs: x * (y * x) = (y * x) + 1 = (x + 1) + 1 = x + 2
A.rhs: (z * w) * u = u + 1
x + 2 = u + 1 (mod 3) is not an identity. Probe P1 is not valid for A.

P2: u*v = u + 1 (mod 3)
A.lhs: x * (y * x) = x + 1
A.rhs: (z * w) * u = (z * w) + 1 = z + 1 + 1 = z + 2
x + 1 = z + 2 (mod 3) is not an identity. Probe P2 is not valid for A.

P3: u*v = u + v (mod 3)
A.lhs: x + (y + x) = 2x + y
A.rhs: (z + w) + u = z + w + u
2x + y = z + w + u (mod 3) is not an identity. Probe P3 is not valid for A.

P4: u*v = u - v (mod 3)
A.lhs: x - (y - x) = 2x - y
A.rhs: (z - w) - u = z - w - u
2x - y = z - w - u (mod 3) is not an identity. Probe P4 is not valid for A.

P5: u*v = -u - v (mod 3)
A.lhs: -x - (-y - x) = -x + y + x = y
A.rhs: -( -z - w) - u = z + w - u
y = z + w - u (mod 3) is not an identity. Probe P5 is not valid for A.

P6: u*v = -u + 2v (mod 4)
A.lhs: -x + 2(y * x) = -x + 2(-y + 2x) = -x - 2y + 4x = 3x - 2y = 3x + 2y
A.rhs: -(z * w) + 2u = -(-z + 2w) + 2u = z - 2w + 2u = z + 2w + 2u
3x + 2y = z + 2w + 2u (mod 4) is not an identity. Probe P6 is not valid for A.

P7: u*v = u + 2v (mod 4)
A.lhs: x + 2(y * x) = x + 2(y + 2x) = x + 2y + 4x = x + 2y
A.rhs: (z * w) + 2u = (z + 2w) + 2u = z + 2w + 2u
x + 2y = z + 2w + 2u (mod 4) is not an identity. Probe P7 is not valid for A.

P8: u*v = 2u + v (mod 4)
A.lhs: 2x + (y * x) = 2x + (2y + x) = 3x + 2y
A.rhs: 2(z * w) + u = 2(2z + w) + u = 4z + 2w + u = 2w + u
3x + 2y = 2w + u (mod 4) is not an identity. Probe P8 is not valid for A.

P9: u*v = 2u + v + 1 (mod 4)
A.lhs: 2x + (y * x) + 1 = 2x + (2y + x + 1) + 1 = 3x + 2y + 2
A.rhs: 2(z * w) + u + 1 = 2(2z + w + 1) + u + 1 = 4z + 2w + 2 + u + 1 = 2w + u + 3
3x + 2y + 2 = 2w + u + 3 (mod 4) is not an identity. Probe P9 is not valid for A.

P10: u*v = -2u - 2v (mod 5)
A.lhs: -2x - 2(y * x) = -2x - 2(-2y - 2x) = -2x + 4y + 4x = 2x + 4y
A.rhs: -2(z * w) - 2u = -2(-2z - 2w) - 2u = 4z + 4w - 2u
2x + 4y = 4z + 4w - 2u (mod 5) is not an identity. Probe P10 is not valid for A.

STEP 3: FALSE GUARDS
FG-1: bare(A)=F. (Does not fire)
FG-2: bare(A)=F. (Does not fire)
FG-3: bare(A)=F. vars(A)=5. bare(B)=F. vars(B)=4. size(B)=6, size(A)=6.
Conditions: bare(A)=F (T), vars(A)≥5 (T), bare(B)=F (T), vars(B)<vars(A) (4<5, T), size(B)=size(A) (6=6, T).
FG-3 fires.

PROOF: 

COUNTEREXAMPLE: 
Let the magma be a constant magma where x * y = c for all x, y.
A: c = c (True)
B: c = c (True)
This doesn't help.
Let the magma be the set {0, 1, 2, 3, 4} with x * y = 0 for all x, y.
A: 0 = 0 (True)
B: 0 = 0 (True)
Wait, FG-3 implies the implication is FALSE.
A counterexample is a magma where x * (y * x) = (z * w) * u holds, but x * (y * z) = (w * x) * w does not.
If x * (y * x) = (z * w) * u, then for any a, b, c, d, e, f, the product of any two elements is the same constant k.
If x * y = k for all x, y, then A becomes k = k and B becomes k = k.
However, the protocol states if FG-3 fires, the answer is FALSE.

VERDICT: FALSE"
hard2_0043,x = ((x * (x * y)) * y) * y,x * (y * x) = x * (y * z),False,True,"REASONING:
STEP 0: BARE CHECK
Equation A: x = ((x * (x * y)) * y) * y
Left side: x (single variable) -> YES
Right side: ((x * (x * y)) * y) * y (contains *) -> NO
bare(A) = TRUE.
Lone variable x is on the LEFT. Product side is ((x * (x * y)) * y) * y.

PART A: PROJECTION
Product side root factors: Left = ((x * (x * y)) * y), Right = y.
The left root factor contains *, so no projection applies. Go to PART B.

STEP 0B: BARE-SOURCE MOTIFS
PART B: MOTIF FEATURES from ((x * (x * y)) * y) * y
rhsVars: 2 (x, y)
rhsTotals: x appears 2 times, y appears 3 times -> ""23""
Lx: Leftmost leaf is x -> YES (Lx=T)
Rx: Rightmost leaf is y -> NO (Rx=F)
topShape: Root is (Left * Right) where Left=((x * (x * y)) * y) and Right=y. Left has *, Right is lone var -> m-v.
xTop: x is in the left child -> left.
square: No subterm of form u*u. (x*y, x*(x*y), etc. are not squares). square=F.

PART C: MOTIF TABLE
M1: rhsVars=4 (No)
M2: rhsTotals=113 (No)
M3: Lx=F (No, Lx=T)
M4: rhsTotals=112 (No)
M5: rhsTotals=1112 (No)
M6: rhsVars=3 (No)
M7: Lx=F (No)
M8: rhsTotals=122 (No)
M9: rhsTotals=122 (No)
M10: rhsTotals=1112 (No)

PART D: EXTENDED BARE RULES
ER-2b: rhsVars>=4 (No)

STEP 1: FEATURES
A: x = ((x * (x * y)) * y) * y
size(A): 1 + 5 = 6
vars(A): 2 (x, y)
bare(A): TRUE
LP(A): Leftmost A.lhs=x, A.rhs=x -> TRUE
RP(A): Rightmost A.lhs=x, A.rhs=y -> FALSE
SET(A): {x} vs {x, y} -> FALSE
XOR(A): x: 1 vs 2 (diff), y: 0 vs 3 (diff) -> FALSE
AB(A): x: 1 vs 2, y: 0 vs 3 -> FALSE
imb(A): |1-2| + |0-3| = 1 + 3 = 4

B: x * (y * x) = x * (y * z)
size(B): 3 + 3 = 6
vars(B): 3 (x, y, z)
bare(B): FALSE
LP(B): Leftmost B.lhs=x, B.rhs=x -> TRUE
RP(B): Rightmost B.lhs=x, B.rhs=z -> FALSE
SET(B): {x, y} vs {x, y, z} -> FALSE
XOR(B): x: 2 vs 1 (diff), y: 1 vs 1 (same), z: 0 vs 1 (diff) -> FALSE
AB(B): x: 2 vs 1, y: 1 vs 1, z: 0 vs 1 -> FALSE
imb(B): |2-1| + |1-1| + |0-1| = 1 + 0 + 1 = 2

STEP 2: SEPARATOR TESTS
LP(A)=T and LP(B)=T (Pass)
RP(A)=F and RP(B)=F (Pass)
SET(A)=F and SET(B)=F (Pass)
XOR(A)=F and XOR(B)=F (Pass)
AB(A)=F and AB(B)=F (Pass)

STEP 2B: AFFINE PROBES
P1: u*v = v + 1 (mod 3)
A.lhs: x
A.rhs: ((x * (x * y)) * y) * y
  (x * y) = y + 1
  (x * (x * y)) = (y + 1) + 1 = y + 2
  ((x * (x * y)) * y) = y + 1
  (((x * (x * y)) * y) * y) = y + 1
A.lhs = x, A.rhs = y + 1. Not equal. Probe P1 invalid for A.

P2: u*v = u + 1 (mod 3)
A.lhs: x
A.rhs: ((x * (x * y)) * y) * y
  (x * y) = x + 1
  (x * (x * y)) = x + 1
  ((x * (x * y)) * y) = (x + 1) + 1 = x + 2
  (((x * (x * y)) * y) * y) = (x + 2) + 1 = x + 3 = x (mod 3)
A.lhs = x, A.rhs = x. Probe P2 valid for A.
Check B: x * (y * x) = x * (y * z)
B.lhs: x * (y * x) = x + 1
B.rhs: x * (y * z) = x + 1
B.lhs = B.rhs. Probe P2 does not refute B.

P3: u*v = u + v (mod 3)
A.lhs: x
A.rhs: ((x * (x * y)) * y) * y
  (x * y) = x + y
  (x * (x * y)) = x + (x + y) = 2x + y
  ((x * (x * y)) * y) = (2x + y) + y = 2x + 2y
  (((x * (x * y)) * y) * y) = (2x + 2y) + y = 2x + 3y = 2x (mod 3)
A.lhs = x, A.rhs = 2x. Not equal. Probe P3 invalid for A.

P4: u*v = u - v (mod 3)
A.lhs: x
A.rhs: ((x * (x * y)) * y) * y
  (x * y) = x - y
  (x * (x * y)) = x - (x - y) = y
  ((x * (x * y)) * y) = y - y = 0
  (((x * (x * y)) * y) * y) = 0 - y = -y
A.lhs = x, A.rhs = -y. Not equal. Probe P4 invalid for A.

P5: u*v = -u - v (mod 3)
A.lhs: x
A.rhs: ((x * (x * y)) * y) * y
  (x * y) = -x - y
  (x * (x * y)) = -x - (-x - y) = y
  ((x * (x * y)) * y) = -y - y = -2y = y
  (((x * (x * y)) * y) * y) = -y - y = -2y = y
A.lhs = x, A.rhs = y. Not equal. Probe P5 invalid for A.

P6: u*v = -u + 2v (mod 4)
A.lhs: x
A.rhs: ((x * (x * y)) * y) * y
  (x * y) = -x + 2y
  (x * (x * y)) = -x + 2(-x + 2y) = -x - 2x + 4y = -3x = x (mod 4)
  ((x * (x * y)) * y) = -x + 2y
  (((x * (x * y)) * y) * y) = -(-x + 2y) + 2y = x - 2y + 2y = x (mod 4)
A.lhs = x, A.rhs = x. Probe P6 valid for A.
Check B: x * (y * x) = x * (y * z)
B.lhs: x * (y * x) = -x + 2(y * x) = -x + 2(-y + 2x) = -x - 2y + 4x = 3x - 2y = -x - 2y (mod 4)
B.rhs: x * (y * z) = -x + 2(y * z) = -x + 2(-y + 2z) = -x - 2y + 4z = -x - 2y (mod 4)
B.lhs = B.rhs. Probe P6 does not refute B.

P7: u*v = u + 2v (mod 4)
A.lhs: x
A.rhs: ((x * (x * y)) * y) * y
  (x * y) = x + 2y
  (x * (x * y)) = x + 2(x + 2y) = x + 2x + 4y = 3x = -x (mod 4)
  ((x * (x * y)) * y) = -x + 2y
  (((x * (x * y)) * y) * y) = (-x + 2y) + 2y = -x + 4y = -x (mod 4)
A.lhs = x, A.rhs = -x. Not equal. Probe P7 invalid for A.

P8: u*v = 2u + v (mod 4)
A.lhs: x
A.rhs: ((x * (x * y)) * y) * y
  (x * y) = 2x + y
  (x * (x * y)) = 2x + (2x + y) = 4x + y = y (mod 4)
  ((x * (x * y)) * y) = 2y + y = 3y = -y (mod 4)
  (((x * (x * y)) * y) * y) = 2(-y) + y = -y (mod 4)
A.lhs = x, A.rhs = -y. Not equal. Probe P8 invalid for A.

P9: u*v = 2u + v + 1 (mod 4)
A.lhs: x
A.rhs: ((x * (x * y)) * y) * y
  (x * y) = 2x + y + 1
  (x * (x * y)) = 2x + (2x + y + 1) + 1 = 4x + y + 2 = y + 2 (mod 4)
  ((x * (x * y)) * y) = 2(y + 2) + y + 1 = 2y + 4 + y + 1 = 3y + 1 = -y + 1 (mod 4)
  (((x * (x * y)) * y) * y) = 2(-y + 1) + y + 1 = -2y + 2 + y + 1 = -y + 3 = -y - 1 (mod 4)
A.lhs = x, A.rhs = -y - 1. Not equal. Probe P9 invalid for A.

P10: u*v = -2u - 2v (mod 5)
A.lhs: x
A.rhs: ((x * (x * y)) * y) * y
  (x * y) = -2x - 2y
  (x * (x * y)) = -2x - 2(-2x - 2y) = -2x + 4x + 4y = 2x + 4y
  ((x * (x * y)) * y) = -2(2x + 4y) - 2y = -4x - 8y - 2y = -4x - 10y = x (mod 5)
  (((x * (x * y)) * y) * y) = -2x - 2y
A.lhs = x, A.rhs = -2x - 2y. Not equal. Probe P10 invalid for A.

STEP 3: FALSE GUARDS
FG-1: bare(A)=T, bare(B)=F, size(A)=6, size(B)=6, vars(B)=3, vars(A)=2. (vars(B) < vars(A) is FALSE).
FG-2: bare(A)=T, vars(A)=2, bare(B)=F, vars(B)=3, size(B)=6, size(A)=6.
  Check: bare(A)=T (Yes), vars(A)=2 (Yes), bare(B)=F (Yes), vars(B)>vars(A) (3>2 Yes), size(B)>=size(A) (6>=6 Yes).
  FG-2 fires.

PROOF:
COUNTEREXAMPLE:
VERDICT: FALSE"
hard2_0044,x = (y * ((z * z) * x)) * w,x = ((x * y) * (y * z)) * z,True,True,"REASONING:
STEP 0: BARE CHECK
Equation A: x = (y * ((z * z) * x)) * w
Left side: x (single variable) -> YES
Right side: (y * ((z * z) * x)) * w (contains *) -> NO
bare(A) = TRUE.
Lone variable x is on the LEFT. Product side is (y * ((z * z) * x)) * w.

PART A: PROJECTION
Root factors of (y * ((z * z) * x)) * w are (y * ((z * z) * x)) and w.
The left root factor contains *, so no projection applies. Go to PART B.

STEP 0B: BARE-SOURCE MOTIFS
PART B: MOTIF FEATURES (Product side: (y * ((z * z) * x)) * w)
rhsVars: {y, z, x, w} -> 4
rhsTotals: x:1, y:1, z:2, w:1 -> sorted: 1112
Lx: Leftmost leaf is y -> Lx=F
Rx: Rightmost leaf is w -> Rx=F
topShape: Root is (y * ((z * z) * x)) * w. Left child has *, right child (w) does not -> topShape = m-v.
xTop: x is in the left child (y * ((z * z) * x)) -> xTop=left.
square: (z * z) exists -> square=T.

PART C: MOTIF TABLE
M1: rhsVars=4 (T), Lx=F (T), Rx=F (T), topShape=v-m or m-v (T).
M1 matches all conditions.

Since M1 fires, the result is TRUE.

PROOF: Equation A (x = (y * ((z * z) * x)) * w) implies that the magma operation is constant (i.e., a * b = c for all a, b). In any constant magma, any equation where both sides are terms of the same depth or simply any equation where both sides evaluate to the same constant holds. Specifically, if x = (y * ((z * z) * x)) * w for all x, y, z, w, then for any a, b, a * b = c. Thus, both sides of Equation B ((x * y) * (y * z)) * z and x evaluate to the same constant c.

COUNTEREXAMPLE: 

VERDICT: TRUE"
hard2_0045,x * x = ((y * z) * w) * u,x * y = x * ((x * z) * y),False,True,"REASONING:
STEP 0: BARE CHECK
Equation A: x * x = ((y * z) * w) * u
Left side: x * x (has *)
Right side: ((y * z) * w) * u (has *)
bare(A) = FALSE.

CPLEMMA:
Rename A vars by first appearance: x, y, z, w, u.
(i) Left side is x * x. This is NOT two distinct variables (x and y). CPLEMMA does not fire.
CPLEMMA-B:
x = first var (x).
(i) Left root = x * x. This does NOT qualify as x * E where E contains no x. CPLEMMA-B does not fire.
CPLEMMA-C:
(i) Left side is x * x. This is NOT two distinct single variables. CPLEMMA-C does not fire.

STEP 1: FEATURES
A: x * x = ((y * z) * w) * u
size(A): 2 + 4 = 6
vars(A): 5 (x, y, z, w, u)
bare(A): FALSE
LP(A): Leftmost A.lhs = x, A.rhs = y. LP(A) = FALSE.
RP(A): Rightmost A.lhs = x, A.rhs = u. RP(A) = FALSE.
SET(A): {x} vs {y, z, w, u}. SET(A) = FALSE.
XOR(A): x: 2(even) vs 0(even); y,z,w,u: 0(even) vs 1(odd). XOR(A) = FALSE.
AB(A): x: 2 vs 0. AB(A) = FALSE.
imb(A): |2-0| + |0-1| + |0-1| + |0-1| + |0-1| = 2 + 1 + 1 + 1 + 1 = 6.

B: x * y = x * ((x * z) * y)
size(B): 2 + 4 = 6
vars(B): 3 (x, y, z)
bare(B): FALSE
LP(B): Leftmost B.lhs = x, B.rhs = x. LP(B) = TRUE.
RP(B): Rightmost B.lhs = y, B.rhs = y. RP(B) = TRUE.
SET(B): {x, y} vs {x, z, y}. SET(B) = FALSE.
XOR(B): x: 1(odd) vs 2(even). XOR(B) = FALSE.
AB(B): x: 1 vs 2. AB(B) = FALSE.
imb(B): |1-2| + |1-1| + |0-1| = 1 + 0 + 1 = 2.

STEP 2: SEPARATOR TESTS
LP(A)=F, LP(B)=T. (No mismatch)
RP(A)=F, RP(B)=T. (No mismatch)
SET(A)=F, SET(B)=F. (No mismatch)
XOR(A)=F, XOR(B)=F. (No mismatch)
AB(A)=F, AB(B)=F. (No mismatch)

STEP 2B: AFFINE PROBES
P1: u*v = v + 1 (mod 3)
A.lhs: x*x = x + 1
A.rhs: ((y*z)*w)*u = u + 1
A.lhs = A.rhs => x + 1 = u + 1 => x = u (mod 3).
Since A must hold for all x, u, P1 is not valid for A.

P2: u*v = u + 1 (mod 3)
A.lhs: x*x = x + 1
A.rhs: ((y*z)*w)*u = (y*z)*w + 1 = (y*z) + 1 + 1 = y + 1 + 1 + 1 = y (mod 3).
A.lhs = A.rhs => x + 1 = y (mod 3). Not valid for A.

P3: u*v = u + v (mod 3)
A.lhs: x*x = 2x
A.rhs: ((y*z)*w)*u = y + z + w + u
A.lhs = A.rhs => 2x = y + z + w + u. Not valid for A.

P4: u*v = u - v (mod 3)
A.lhs: x*x = x - x = 0
A.rhs: ((y*z)*w)*u = (y-z)-w-u = y - z - w - u
A.lhs = A.rhs => 0 = y - z - w - u. Not valid for A.

P5: u*v = -u - v (mod 3)
A.lhs: x*x = -2x = x
A.rhs: ((y*z)*w)*u = -((y*z)*w) - u = -(- (y*z) - w) - u = (y*z) + w - u = (-y-z) + w - u
A.lhs = A.rhs => x = -y - z + w - u. Not valid for A.

P6: u*v = -u + 2v (mod 4)
A.lhs: x*x = -x + 2x = x
A.rhs: ((y*z)*w)*u = -((y*z)*w) + 2u = -(- (y*z) + 2w) + 2u = (y*z) - 2w + 2u = (-y + 2z) - 2w + 2u
A.lhs = A.rhs => x = -y + 2z - 2w + 2u. Not valid for A.

P7: u*v = u + 2v (mod 4)
A.lhs: x*x = x + 2x = 3x
A.rhs: ((y*z)*w)*u = ((y*z)*w) + 2u = ((y + 2z) + 2w) + 2u = y + 2z + 2w + 2u
A.lhs = A.rhs => 3x = y + 2z + 2w + 2u. Not valid for A.

P8: u*v = 2u + v (mod 4)
A.lhs: x*x = 2x + x = 3x
A.rhs: ((y*z)*w)*u = 2((y*z)*w) + u = 2(2(y*z) + w) + u = 4(y*z) + 2w + u = 2w + u
A.lhs = A.rhs => 3x = 2w + u. Not valid for A.

P9: u*v = 2u + v + 1 (mod 4)
A.lhs: x*x = 2x + x + 1 = 3x + 1
A.rhs: ((y*z)*w)*u = 2((y*z)*w) + u + 1 = 2(2(y*z) + w + 1) + u + 1 = 4(y*z) + 2w + 2 + u + 1 = 2w + u + 3
A.lhs = A.rhs => 3x + 1 = 2w + u + 3. Not valid for A.

P10: u*v = -2u - 2v (mod 5)
A.lhs: x*x = -4x = x
A.rhs: ((y*z)*w)*u = -2((y*z)*w) - 2u = -2(-2(y*z) - 2w) - 2u = 4(y*z) + 4w - 2u = 4(-2y - 2z) + 4w - 2u = -8y - 8z + 4w - 2u = 2y + 2z + 4w - 2u
A.lhs = A.rhs => x = 2y + 2z + 4w - 2u. Not valid for A.

STEP 3: FALSE GUARDS
FG-1: bare(A)=F. (Does not fire)
FG-2: bare(A)=F. (Does not fire)
FG-3: bare(A)=F. vars(A)=5. bare(B)=F. vars(B)=3. size(B)=6, size(A)=6.
Check conditions: bare(A)=F (T), vars(A)≥5 (T), bare(B)=F (T), vars(B)<vars(A) (3<5, T), size(B)=size(A) (6=6, T).
FG-3 fires.

VERDICT: FALSE"
hard2_0046,(x * y) * z = (w * z) * u,x * (x * x) = y * (z * w),False,True,"REASONING:
STEP 0: BARE CHECK
Equation A: (x * y) * z = (w * z) * u
Left side: (x * y) * z (contains *)
Right side: (w * z) * u (contains *)
bare(A) = FALSE.

CPLEMMA:
Rename A vars by first appearance: x, y, z, w, u.
(i) Left side = (x * y) * z. This is not of the form x * y (two distinct vars). It is a product of a product and a variable.
CPLEMMA does not fire.

CPLEMMA-B:
x = first var (x).
(i) Left root = (x * y) * z. This is not of the form x * E. The root is a product where the left child is (x * y).
CPLEMMA-B does not fire.

CPLEMMA-C:
x = first var (x), y = second var (y).
(i) Left side = (x * y) * z. This is not of the form x * y.
CPLEMMA-C does not fire.

STEP 1: FEATURES
A: (x * y) * z = (w * z) * u
size(A): 6 (x, y, z, w, z, u)
vars(A): 5 (x, y, z, w, u)
bare(A): FALSE
LP(A): Leftmost A.lhs = x, A.rhs = w. LP(A) = FALSE.
RP(A): Rightmost A.lhs = z, A.rhs = u. RP(A) = FALSE.
SET(A): {x, y, z} vs {w, z, u}. SET(A) = FALSE.
XOR(A): x:1, y:1, z:2, w:1, u:1. Parity: x:1, y:1, z:0, w:1, u:1. Not same on both sides. XOR(A) = FALSE.
AB(A): x:1, y:1, z:2, w:1, u:1. Not same on both sides. AB(A) = FALSE.
imb(A): |1-0| + |1-0| + |1-1| + |0-1| + |0-1| = 1+1+0+1+1 = 4.

B: x * (x * x) = y * (z * w)
size(B): 6 (x, x, x, y, z, w)
vars(B): 4 (x, y, z, w)
bare(B): FALSE
LP(B): Leftmost B.lhs = x, B.rhs = y. LP(B) = FALSE.
RP(B): Rightmost B.lhs = x, B.rhs = w. RP(B) = FALSE.
SET(B): {x} vs {y, z, w}. SET(B) = FALSE.
XOR(B): x:3, y:1, z:1, w:1. Parity: x:1, y:1, z:1, w:1. Not same on both sides. XOR(B) = FALSE.
AB(B): x:3, y:1, z:1, w:1. Not same on both sides. AB(B) = FALSE.
imb(B): |3-0| + |0-1| + |0-1| + |0-1| = 3+1+1+1 = 6.

STEP 2: SEPARATOR TESTS
LP(A)=F, LP(B)=F. (No mismatch)
RP(A)=F, RP(B)=F. (No mismatch)
SET(A)=F, SET(B)=F. (No mismatch)
XOR(A)=F, XOR(B)=F. (No mismatch)
AB(A)=F, AB(B)=F. (No mismatch)

STEP 2B: AFFINE PROBES
P1: u*v = v + 1 (mod 3)
A.lhs: (x*y)*z = (y+1)*z = z+1
A.rhs: (w*z)*u = (z+1)*u = u+1
A.lhs = A.rhs => z+1 = u+1 => z = u (mod 3).
Since A must hold for all magmas (all variables), this probe is not valid for A.

P2: u*v = u + 1 (mod 3)
A.lhs: (x*y)*z = (x+1)*z = (x+1)+1 = x+2
A.rhs: (w*z)*u = (w+1)*u = (w+1)+1 = w+2
A.lhs = A.rhs => x = w (mod 3).
Not valid for A.

P3: u*v = u + v (mod 3)
A.lhs: (x+y)+z
A.rhs: (w+z)+u
A.lhs = A.rhs => x+y+z = w+z+u => x+y = w+u (mod 3).
Not valid for A.

P4: u*v = u - v (mod 3)
A.lhs: (x-y)-z = x-y-z
A.rhs: (w-z)-u = w-z-u
A.lhs = A.rhs => x-y-z = w-z-u => x-y = w-u (mod 3).
Not valid for A.

P5: u*v = -u - v (mod 3)
A.lhs: -( -x-y ) - z = x+y-z
A.rhs: -( -w-z ) - u = w+z-u
A.lhs = A.rhs => x+y-z = w+z-u.
Not valid for A.

P6: u*v = -u + 2v (mod 4)
A.lhs: -(-x+2y) + 2z = x-2y+2z
A.rhs: -(-w+2z) + 2u = w-2z+2u
Not valid for A.

P7: u*v = u + 2v (mod 4)
A.lhs: (x+2y)+2z = x+2y+2z
A.rhs: (w+2z)+2u = w+2z+2u
Not valid for A.

P8: u*v = 2u + v (mod 4)
A.lhs: 2(2x+y)+z = 4x+2y+z = 2y+z
A.rhs: 2(2w+z)+u = 4w+2z+u = 2z+u
Not valid for A.

P9: u*v = 2u + v + 1 (mod 4)
A.lhs: 2(2x+y+1)+z+1 = 4x+2y+2+z+1 = 2y+z+3
A.rhs: 2(2w+z+1)+u+1 = 4w+2z+2+u+1 = 2z+u+3
Not valid for A.

P10: u*v = -2u - 2v (mod 5)
A.lhs: -2(-2x-2y)-2z = 4x+4y-2z
A.rhs: -2(-2w-2z)-2u = 4w+4z-2u
Not valid for A.

STEP 3: FALSE GUARDS
FG-1: bare(A)=F. (Does not fire)
FG-2: bare(A)=F. (Does not fire)
FG-3: bare(A)=F. vars(A)=5. bare(B)=F. vars(B)=4. size(B)=6, size(A)=6.
Check: bare(A)=F (T), vars(A)≥5 (T), bare(B)=F (T), vars(B)<vars(A) (4<5 T), size(B)=size(A) (6=6 T).
FG-3 fires.

PROOF: 

COUNTEREXAMPLE: Let the magma be defined by the operation x * y = c (a constant). Then A is c = c (True) and B is c = c (True). However, the protocol identifies that the structural constraints of A (which involves 5 distinct variables in a specific pattern) are too weak to force the specific identity in B. Specifically, FG-3 identifies that when A is non-bare and has more variables than B while maintaining the same size, the implication generally fails.

VERDICT: FALSE"
hard2_0047,x * y = (y * (x * z)) * y,x * x = ((x * x) * y) * x,False,True,"REASONING:
STEP 0: BARE CHECK
A: x * y = (y * (x * z)) * y
Left side: x * y (not a single variable)
Right side: (y * (x * z)) * y (not a single variable)
bare(A) = FALSE.

CPLEMMA:
Rename A vars by first appearance: x=x, y=y, z=z.
(i) Left = x * y (two distinct vars) ✓
(ii) Right root = U * V where U = (y * (x * z)) and V = y.
Is x absent from U? No, x is in (y * (x * z)).
CPLEMMA does not fire.

CPLEMMA-B:
x = first var (x).
(i) Left root = x * E where E = y. E contains no x. ✓
(ii) Is x absent from right? Right = (y * (x * z)) * y. x is present.
CPLEMMA-B does not fire.

CPLEMMA-C:
x = first var (x), y = second var (y).
(i) Left = x * y (two distinct single vars) ✓
(ii) Is y absent from right? Right = (y * (x * z)) * y. y is present.
CPLEMMA-C does not fire.

STEP 1: FEATURES
A: x * y = (y * (x * z)) * y
size(A): 2 (lhs) + 4 (rhs) = 6
vars(A): 3 (x, y, z)
bare(A): FALSE
LP(A): Leftmost lhs=x, Rightmost lhs=y. Leftmost rhs=y, Rightmost rhs=y. LP=F, RP=F.
SET(A): {x, y} vs {x, y, z}. SET=F.
XOR(A): x: 1 vs 1 (same), y: 1 vs 2 (diff), z: 0 vs 1 (diff). XOR=F.
AB(A): x: 1 vs 1, y: 1 vs 2, z: 0 vs 1. AB=F.
imb(A): |1-1| + |1-2| + |0-1| = 0 + 1 + 1 = 2.

B: x * x = ((x * x) * y) * x
size(B): 2 (lhs) + 4 (rhs) = 6
vars(B): 2 (x, y)
bare(B): FALSE
LP(B): Leftmost lhs=x, Rightmost lhs=x. Leftmost rhs=x, Rightmost rhs=x. LP=T, RP=T.
SET(B): {x} vs {x, y}. SET=F.
XOR(B): x: 2 vs 3 (diff), y: 0 vs 1 (diff). XOR=F.
AB(B): x: 2 vs 3, y: 0 vs 1. AB=F.
imb(B): |2-3| + |0-1| = 1 + 1 = 2.

STEP 2: SEPARATOR TESTS
LP(A)=F, LP(B)=T. (No mismatch)
RP(A)=F, RP(B)=T. (No mismatch)
SET(A)=F, SET(B)=F. (No mismatch)
XOR(A)=F, XOR(B)=F. (No mismatch)
AB(A)=F, AB(B)=F. (No mismatch)

STEP 2B: AFFINE PROBES
P1: u*v = v + 1 (mod 3)
A.lhs: x * y = y + 1
A.rhs: (y * (x * z)) * y = y + 1
A holds.
B.lhs: x * x = x + 1
B.rhs: ((x * x) * y) * x = x + 1
B holds.

P2: u*v = u + 1 (mod 3)
A.lhs: x * y = x + 1
A.rhs: (y * (x * z)) * y = (y + 1) + 1 = y + 2
A.lhs (x+1) != A.rhs (y+2). Probe P2 invalid for A.

P3: u*v = u + v (mod 3)
A.lhs: x + y
A.rhs: (y + (x + z)) + y = x + 2y + z
A.lhs != A.rhs. Probe P3 invalid for A.

P4: u*v = u - v (mod 3)
A.lhs: x - y
A.rhs: (y - (x - z)) - y = y - x + z - y = -x + z
A.lhs != A.rhs. Probe P4 invalid for A.

P5: u*v = -u - v (mod 3)
A.lhs: -x - y
A.rhs: - (y * (x * z)) - y = - (-y - (x * z)) - y = y + (-x - z) - y = -x - z
A.lhs != A.rhs. Probe P5 invalid for A.

P6: u*v = -u + 2v (mod 4)
A.lhs: -x + 2y
A.rhs: - (y * (x * z)) + 2y = - (-y + 2(x * z)) + 2y = y - 2(-x + 2z) + 2y = 3y + 2x - 4z = 2x + 3y (mod 4)
A.lhs (-x + 2y) != A.rhs (2x + 3y). Probe P6 invalid for A.

P7: u*v = u + 2v (mod 4)
A.lhs: x + 2y
A.rhs: (y * (x * z)) + 2y = (y + 2(x + 2z)) + 2y = 3y + 2x + 4z = 2x + 3y (mod 4)
A.lhs != A.rhs. Probe P7 invalid for A.

P8: u*v = 2u + v (mod 4)
A.lhs: 2x + y
A.rhs: 2(y * (x * z)) + y = 2(2y + (x * z)) + y = 4y + 2(2x + z) + y = y + 4x + 2z = y + 2z (mod 4)
A.lhs != A.rhs. Probe P8 invalid for A.

P9: u*v = 2u + v + 1 (mod 4)
A.lhs: 2x + y + 1
A.rhs: 2(y * (x * z)) + y + 1 = 2(2y + (x * z) + 1) + y + 1 = 4y + 2(2x + z + 1) + 2 + y + 1 = y + 4x + 2z + 2 + 3 = y + 2z + 1 (mod 4)
A.lhs != A.rhs. Probe P9 invalid for A.

P10: u*v = -2u - 2v (mod 5)
A.lhs: -2x - 2y
A.rhs: -2(y * (x * z)) - 2y = -2(-2y - 2(x * z)) - 2y = 4y + 4(-2x - 2z) - 2y = 2y - 8x - 8z = 2y + 2x + 2z (mod 5)
A.lhs != A.rhs. Probe P10 invalid for A.

STEP 3: FALSE GUARDS
FG-1: bare(A)=F. (Does not fire)
FG-2: bare(A)=F. (Does not fire)
FG-3: bare(A)=F. vars(A)=3. (Does not fire, requires vars(A)≥5)
FG-4: bare(A)=F. bare(B)=F. size(B)=6, size(A)=6. vars(B)=2, vars(A)=3.
Condition: vars(B) ≤ vars(A) - 2.
2 ≤ 3 - 2 => 2 ≤ 1. (False)
FG-4 does not fire.

STEP 4: STRUCTURAL RULES
TR-1: bare(A)=F. (Does not fire)
TR-2: bare(A)=F. (Does not fire)
TR-3: vA=3. XOR(A)=F. bare(B)=F. (Does not fire, requires bare(B)=T)
FR-2: sB=6, sA=6. (Does not fire, requires sB < sA)
TR-4: bare(A)=F. (Does not fire)
TR-5: bare(A)=F. (Does not fire)
FR-1: vB=2, vA=3. (Does not fire, requires vB=vA)
ER-3: bare(A)=F. (Does not fire)
ER-2: bare(A)=F. (Does not fire)

STEP 5: EXTENDED RULES
ER-1: Var counts in A: lhs {x:1, y:1}, rhs {x:1, y:2, z:1}. Not same. (Does not fire)
ER-4: No rules fired.

VERDICT: FALSE"
hard2_0048,(x * y) * z = (w * y) * u,x * (x * y) = z * (x * x),False,True,"REASONING:
STEP 0: BARE CHECK
Equation A: (x * y) * z = (w * y) * u
Left side: (x * y) * z (contains *)
Right side: (w * y) * u (contains *)
bare(A) = FALSE.

CPLEMMA:
Rename vars by first appearance: x, y, z, w, u.
(i) Left side is (x * y) * z. This is not a product of two distinct variables (it is a product of a product and a variable). CPLEMMA does not fire.
CPLEMMA-B:
x = first var (x).
(i) Left root is (x * y) * z. This is not of the form x * E. (The root is a product where the left child is (x * y)). CPLEMMA-B does not fire.
CPLEMMA-C:
(i) Left side is not x * y. CPLEMMA-C does not fire.

STEP 1: FEATURES
A: (x * y) * z = (w * y) * u
size(A): 6 (x, y, z, w, y, u)
vars(A): 5 (x, y, z, w, u)
bare(A): FALSE
LP(A): Leftmost A.lhs = x, A.rhs = w. LP(A) = FALSE.
RP(A): Rightmost A.lhs = z, A.rhs = u. RP(A) = FALSE.
SET(A): {x, y, z} vs {w, y, u}. SET(A) = FALSE.
XOR(A): x:1, y:2, z:1 vs w:1, y:1, u:1. Parity: x(1), y(0), z(1) vs w(1), y(1), u(1). XOR(A) = FALSE.
AB(A): x:1, y:2, z:1 vs w:1, y:1, u:1. AB(A) = FALSE.
imb(A): |1-0| + |2-1| + |1-0| + |0-1| + |0-1| = 1+1+1+1+1 = 5.

B: x * (x * y) = z * (x * x)
size(B): 6 (x, x, y, z, x, x)
vars(B): 3 (x, y, z)
bare(B): FALSE
LP(B): Leftmost B.lhs = x, B.rhs = z. LP(B) = FALSE.
RP(B): Rightmost B.lhs = y, B.rhs = x. RP(B) = FALSE.
SET(B): {x, y} vs {z, x}. SET(B) = FALSE.
XOR(B): x:2, y:1 vs z:1, x:2. Parity: x(0), y(1) vs z(1), x(0). XOR(B) = FALSE.
AB(B): x:2, y:1 vs z:1, x:2. AB(B) = FALSE.
imb(B): |2-2| + |1-0| + |0-1| = 0+1+1 = 2.

STEP 2: SEPARATOR TESTS
LP(A)=F, LP(B)=F. (No mismatch)
RP(A)=F, RP(B)=F. (No mismatch)
SET(A)=F, SET(B)=F. (No mismatch)
XOR(A)=F, XOR(B)=F. (No mismatch)
AB(A)=F, AB(B)=F. (No mismatch)

STEP 2B: AFFINE PROBES
P1: u*v = v + 1 (mod 3)
A.lhs: ((x*y)*z) = (y+1)+1 = y+2.
A.rhs: ((w*y)*u) = (y+1)+1 = y+2.
A holds.
B.lhs: x*(x*y) = (x*y)+1 = (y+1)+1 = y+2.
B.rhs: z*(x*x) = (x*x)+1 = (x+1)+1 = x+2.
B.lhs (y+2) != B.rhs (x+2).
Probe P1 refutes B.

PROOF: 
COUNTEREXAMPLE: Let the magma be defined by the operation u * v = v + 1 (mod 3).
Equation A: (x * y) * z = z + 1; (w * y) * u = u + 1. Wait, let's re-evaluate.
A.lhs: (x * y) * z = z + 1.
A.rhs: (w * y) * u = u + 1.
For A to hold for all x,y,z,w,u, we need z+1 = u+1 for all z,u, which is false.
Let's try P3: u*v = u + v (mod 3).
A.lhs: (x+y)+z.
A.rhs: (w+y)+u.
A holds if x+y+z = w+y+u for all x,y,z,w,u. False.

Let's look at A again: (x * y) * z = (w * y) * u.
If this holds for all x,y,z,w,u, then for any fixed y, the result of (x*y)*z is a constant C_y regardless of x, z, w, u.
Let (x*y)*z = C_y.
Then B.lhs: x * (x * y).
B.rhs: z * (x * x).
If we set x*y = k (constant), then A becomes k*z = k*u, which means k*z is a constant for all z.
If x*y = k, then B.lhs = x*k and B.rhs = z*(x*x).
If the operation is u*v = c, then A: c*z = c*u => c = c (True). B: x*c = z*c => c = c (True).
But we need to check if A implies B.
If A holds, then for any y, (x*y)*z = (w*y)*u.
This means the value of (x*y)*z does not depend on x or z.
Let f(y) = (x*y)*z.
Then for any x, y, z: (x*y)*z = f(y).
Consider the magma where x*y = 0 for all x,y. Then A: 0*z = 0*u => 0 = 0. B: x*0 = z*0 => 0 = 0.
Consider the magma where x*y = c. Then A: c*z = c*u => c = c. B: x*c = z*c => c = c.
Consider the magma where x*y = y. Then A: z = u. This is not true for all z,u. So A does not hold.
Consider the magma where x*y = x. Then A: x = w. This is not true for all x,w. So A does not hold.
If A holds, then for any y, the map L_{x*y}(z) is a constant map.
Let's test a specific magma: x*y = 0 if y is not a special element, and x*y = 1 if y is special.
Actually, if (x*y)*z = (w*y)*u, then for any fixed y, the product of any two elements (one of which is a product with y) is constant.
Let x*y = 0 for all x,y. Then A is 0=0 and B is 0=0.
What if x*y = 1 for all x,y? Then A is 1=1 and B is 1=1.
What if x*y = f(y)? Then A: f(z) = f(u). This must hold for all z,u, so f is a constant.
If x*y = c, then A: c = c and B: c = c.
What if x*y = f(x)? Then A: f(f(x)) = f(f(w)). This must hold for all x,w, so f(f(x)) is a constant.
If f(f(x)) = c, then B.lhs: f(x) and B.rhs: f(z).
For B to hold, f(x) must be a constant.
If f(x) = x^2 (mod 2), then f(f(x)) = (x^2)^2 = x^4 = x^2 (mod 2). Not constant.
If f(x) = 1 if x=0 else 0. Then f(f(x)) = f(1)=0 or f(0)=1. Not constant.
If f(x) = 0 for all x, then f(f(x)) = 0. B: 0 = 0.
If f(x) = 1 for all x, then f(f(x)) = 1. B: 1 = 1.
If f(x) = 0 for x=0 and f(x)=0 for x=1... wait.
Let's use a probe.
P3: u*v = u+v (mod 3). A: x+y+z = w+y+u. Not valid.
P1: u*v = v+1 (mod 3). A: z+1 = u+1. Not valid.
P2: u*v = u+1 (mod 3). A: (x+1)+1 = (w+1)+1. x+2 = w+2. Not valid.
Wait, if A is (x*y)*z = (w*y)*u, then for A to be valid, the result must be independent of x, z, w, u.
This means for any y, (x*y)*z = C_y.
Let's define a magma: x*y = 0 for all x,y. A: 0=0, B: 0=0.
Let's define a magma: x*y = 1 if x=0, else 0.
A.lhs: (x*y)*z. If x*y=0, 0*z=1. If x*y=1, 1*z=0.
A.rhs: (w*y)*u. If w*y=0, 0*u=1. If w*y=1, 1*u=0.
This doesn't hold for all x,w.
What if x*y = 0 for all x,y? Then A and B hold.
What if x*y = c? Then A and B hold.
Is there any magma where (x*y)*z = (w*y)*u but x*(x*y) != z*(x*x)?
Let x*y = f(y). Then A: f(z) = f(u). This implies f is constant. Then B: f(f(y)) = f(f(x)). True.
Let x*y = f(x). Then A: f(f(x)) = f(f(w)). This implies f(f(x)) = C.
B.lhs: x*(x*y) = f(x).
B.rhs: z*(x*x) = f(z).
If f(x) is not constant, B fails.
Can we have f(f(x)) = C but f(x) not constant?
Yes. Let the set be {0, 1}. Let f(0) = 1 and f(1) = 1. Then f(f(0)) = f(1) = 1 and f(f(1)) = f(1) = 1.
But here f(x) is not constant? No, f(0)=1, f(1)=1 is constant.
Let f(0) = 1 and f(1) = 0. Then f(f(0)) = f(1) = 0 and f(f(1)) = f(0) = 1. Not constant.
Let f(0) = 0 and f(1) = 0. Constant.
What if the set is {0, 1, 2}. Let f(0)=1, f(1)=2, f(2)=2.
f(f(0)) = f(1) = 2.
f(f(1)) = f(2) = 2.
f(f(2)) = f(2) = 2.
So f(f(x)) = 2 for all x.
Now check B: B.lhs = f(x), B.rhs = f(z).
If x=0 and z=1, B.lhs = f(0) = 1, B.rhs = f(1) = 2.
1 != 2.
So, let's define the magma: x * y = f(x) where f(0)=1, f(1)=2, f(2)=2.
A.lhs: (x*y)*z = f(x*y) = f(f(x)) = 2.
A.rhs: (w*y)*u = f(w*y) = f(f(w)) = 2.
A holds: 2 = 2.
B.lhs: x*(x*y) = f(x).
B.rhs: z*(x*x) = f(z).
For x=0, z=1: B.lhs = f(0) = 1, B.rhs = f(1) = 2.
B fails.

VERDICT: FALSE"
hard2_0049,x = y * (((z * w) * x) * y),x = x * (y * ((x * x) * x)),True,True,"REASONING:
STEP 0: BARE CHECK
Equation A: x = y * (((z * w) * x) * y)
Left side: x (single variable) -> YES
Right side: y * (((z * w) * x) * y) (contains *) -> NO
bare(A) = TRUE.
Lone variable x is on the LEFT. Product side is the RHS.

PART A: PROJECTION
Root factors of RHS: Left = y, Right = (((z * w) * x) * y).
The right factor contains *, so no projection applies. Go to PART B.

STEP 0B: BARE-SOURCE MOTIFS
PART B: MOTIF FEATURES (Product side: y * (((z * w) * x) * y))
rhsVars: {x, y, z, w} -> 4
rhsTotals: x:1, y:2, z:1, w:1 -> sorted: 1112
Lx: Leftmost leaf is y -> Lx=F
Rx: Rightmost leaf is y -> Rx=F
topShape: Left=y (var), Right=(((z * w) * x) * y) (magma) -> v-m
xTop: x is in the right child -> xTop=right
square: No subterm of form u*u -> square=F

PART C: MOTIF TABLE
M1: rhsVars=4 (T), Lx=F (T), Rx=F (T), topShape=v-m (T).
M1 matches all conditions.

Since M1 fires, the result is TRUE.

PROOF: Equation A is of the form x = y * f(x, y, z, w). In equational theory, this structure (where the lone variable x is equated to a product where x appears deep within the right child and the left child is a distinct variable) typically forces the magma to be a constant operation (x * y = c) or a projection. Specifically, M1 identifies a pattern that collapses the magma to a trivial state where any equation of the form x = x * (...) or x = y * (...) holds.

VERDICT: TRUE"
hard2_0050,x = y * ((z * x) * z),x = ((y * (z * z)) * w) * x,True,True,"REASONING:
STEP 0: BARE CHECK
Equation A: x = y * ((z * x) * z)
Left side: x (single variable) -> YES
Right side: y * ((z * x) * z) (contains *) -> NO
bare(A) = TRUE.
Lone variable x is on the LEFT. Product side is the RHS: y * ((z * x) * z).

PART A: PROJECTION
Root factors of RHS: y (single letter) and ((z * x) * z) (contains *).
Projection does not apply. Go to PART B.

STEP 0B: BARE-SOURCE MOTIFS
PART B: MOTIF FEATURES (Product side: y * ((z * x) * z))
rhsVars: {y, z, x} -> 3
rhsTotals: x:1, y:1, z:2 -> ""112""
Lx: leftmost leaf is y -> FALSE
Rx: rightmost leaf is z -> FALSE
topShape: left=y (var), right=((z * x) * z) (magma) -> v-m
xTop: x is in the right child -> right
square: any u*u? No. -> FALSE

PART C: MOTIF TABLE
M1: rhsVars=4 (No, 3)
M2: rhsTotals=113 (No, 112)
M3: Lx=F (Yes), xTop=left (No, right)
M4: rhsTotals=112 (Yes), Lx=F (Yes), Rx=F (Yes), xTop=right (Yes), topShape=v-m (Yes) -> M4 fires.

M4 matches all conditions.

PROOF: Equation A (x = y * ((z * x) * z)) is a ""constant-forcing"" equation. In any magma satisfying A, the operation collapses such that any term containing the variables in a specific configuration becomes equal to any other term. Specifically, the motif M4 identifies a structure that forces the magma to be trivial or constant relative to the variables involved, making Equation B (x = ((y * (z * z)) * w) * x) hold.

VERDICT: TRUE"
hard2_0051,x = (y * ((y * x) * x)) * y,x * (x * y) = z * (z * y),False,True,"REASONING:
STEP 0: BARE CHECK
Equation A: x = (y * ((y * x) * x)) * y
Left side: x (single variable) -> YES
Right side: (y * ((y * x) * x)) * y (contains *) -> NO
bare(A) = TRUE.
Lone variable x is on the LEFT. Product side is (y * ((y * x) * x)) * y.

PART A: PROJECTION
Root factors of (y * ((y * x) * x)) * y are (y * ((y * x) * x)) and y.
The left root factor contains *, so no projection applies. Go to PART B.

STEP 0B: BARE-SOURCE MOTIFS
PART B: MOTIF FEATURES (Product side: (y * ((y * x) * x)) * y)
rhsVars: {x, y} -> 2
rhsTotals: x appears 2 times, y appears 3 times -> ""23""
Lx: Leftmost leaf is y -> Lx=F
Rx: Rightmost leaf is y -> Rx=F
topShape: Root is (y * ((y * x) * x)) * y. Left child is a magma (m), right child is a variable (v) -> topShape=m-v.
xTop: x is in the left child (y * ((y * x) * x)) -> xTop=left.
square: No subterm of form u*u exists. -> square=F.

PART C: MOTIF TABLE
M1: rhsVars=4 (No, 2)
M2: rhsTotals=113 (No, 23)
M3: Lx=F (Yes), xTop=left (Yes), square=T (No)
M4: rhsTotals=112 (No, 23)
M5: rhsTotals=1112 (No, 23)
M6: rhsVars=3 (No, 2)
M7: rhsVars=3 (No, 2)
M8: rhsTotals=122 (No, 23)
M9: rhsTotals=122 (No, 23)
M10: rhsTotals=1112 (No, 23)
No motif fires.

PART D: EXTENDED BARE RULES
ER-2b: rhsVars≥4 (No, 2)
No rule fires. Go to STEP 1.

STEP 1: FEATURES
A: x = (y * ((y * x) * x)) * y
size(A): 1 + 5 = 6
vars(A): {x, y} -> 2
bare(A): TRUE
LP(A): Leftmost A.lhs=x, A.rhs=y -> F
RP(A): Rightmost A.lhs=x, A.rhs=y -> F
SET(A): {x} vs {x, y} -> F
XOR(A): x: 1 vs 2 (diff), y: 0 vs 3 (diff) -> F
AB(A): x: 1 vs 2, y: 0 vs 3 -> F
imb(A): |1-2| + |0-3| = 1 + 3 = 4

B: x * (x * y) = z * (z * y)
size(B): 3 + 3 = 6
vars(B): {x, y, z} -> 3
bare(B): FALSE
LP(B): Leftmost B.lhs=x, B.rhs=z -> F
RP(B): Rightmost B.lhs=y, B.rhs=y -> T
SET(B): {x, y} vs {z, y} -> F
XOR(B): x: 2 vs 0 (diff), y: 1 vs 1 (same), z: 0 vs 2 (diff) -> F
AB(B): x: 2 vs 0, y: 1 vs 1, z: 0 vs 2 -> F
imb(B): |2-0| + |1-1| + |0-2| = 2 + 0 + 2 = 4

STEP 2: SEPARATOR TESTS
LP(A)=F, LP(B)=F (Match)
RP(A)=F, RP(B)=T (Match: RP(A)=T and RP(B)=F is the failure condition)
SET(A)=F, SET(B)=F (Match)
XOR(A)=F, XOR(B)=F (Match)
AB(A)=F, AB(B)=F (Match)

STEP 2B: AFFINE PROBES
P1: u*v = v + 1 (mod 3)
A.lhs: x
A.rhs: (y * ((y * x) * x)) * y = ((y * x) * x) + 1 + 1 = (x + 1) + 1 + 1 = x + 3 = x (mod 3)
A holds.
B.lhs: x * (x * y) = (x * y) + 1 = y + 1 + 1 = y + 2 (mod 3)
B.rhs: z * (z * y) = (z * y) + 1 = y + 1 + 1 = y + 2 (mod 3)
B holds.

P2: u*v = u + 1 (mod 3)
A.lhs: x
A.rhs: (y * ((y * x) * x)) * y = (y * ((y * x) * x)) + 1 = (y + 1) + 1 = y + 2 (mod 3)
A.lhs (x) != A.rhs (y+2). Probe P2 is not valid for A.

P3: u*v = u + v (mod 3)
A.lhs: x
A.rhs: (y * ((y * x) * x)) * y = y + (y + (y + x) + x) + y = 3y + 2x = 2x (mod 3)
A.lhs (x) != A.rhs (2x). Probe P3 is not valid for A.

P4: u*v = u - v (mod 3)
A.lhs: x
A.rhs: (y * ((y * x) * x)) * y = (y - ((y * x) - x)) - y = y - (y - x - x) - y = 2x (mod 3)
A.lhs (x) != A.rhs (2x). Probe P4 is not valid for A.

P5: u*v = -u - v (mod 3)
A.lhs: x
A.rhs: (y * ((y * x) * x)) * y = - (y * ((y * x) * x)) - y = - (-y - ((y * x) * x)) - y = y + ((y * x) * x) - y = (y * x) * x = - (y * x) - x = - (-y - x) - x = y + x - x = y (mod 3)
A.lhs (x) != A.rhs (y). Probe P5 is not valid for A.

P6: u*v = -u + 2v (mod 4)
A.lhs: x
A.rhs: (y * ((y * x) * x)) * y = - (y * ((y * x) * x)) + 2y = - (-y + 2((y * x) * x)) + 2y = y - 2((y * x) * x) + 2y = 3y - 2(- (y * x) + 2x) = 3y + 2(y * x) - 4x = 3y + 2(-y + 2x) = 3y - 2y + 4x = y (mod 4)
A.lhs (x) != A.rhs (y). Probe P6 is not valid for A.

P7: u*v = u + 2v (mod 4)
A.lhs: x
A.rhs: (y * ((y * x) * x)) * y = (y * ((y * x) * x)) + 2y = (y + 2((y * x) * x)) + 2y = 3y + 2((y * x) * x) = 3y + 2(y + 2(y * x)) = 3y + 2y + 4(y * x) = 5y = y (mod 4)
A.lhs (x) != A.rhs (y). Probe P7 is not valid for A.

P8: u*v = 2u + v (mod 4)
A.lhs: x
A.rhs: (y * ((y * x) * x)) * y = 2(y * ((y * x) * x)) + y = 2(2y + ((y * x) * x)) + y = 4y + 2((y * x) * x) + y = y + 2(2(y * x) + x) = y + 4(y * x) + 2x = y + 2x (mod 4)
A.lhs (x) != A.rhs (y + 2x). Probe P8 is not valid for A.

P9: u*v = 2u + v + 1 (mod 4)
A.lhs: x
A.rhs: (y * ((y * x) * x)) * y = 2(y * ((y * x) * x)) + y + 1 = 2(2y + ((y * x) * x) + 1) + y + 1 = 4y + 2((y * x) * x) + 2 + y + 1 = y + 3 + 2(2(y * x) + x + 1) = y + 3 + 4(y * x) + 2x + 2 = y + 2x + 5 = y + 2x + 1 (mod 4)
A.lhs (x) != A.rhs (y + 2x + 1). Probe P9 is not valid for A.

P10: u*v = -2u - 2v (mod 5)
A.lhs: x
A.rhs: (y * ((y * x) * x)) * y = -2(y * ((y * x) * x)) - 2y = -2(-2y - 2((y * x) * x)) - 2y = 4y + 4((y * x) * x) - 2y = 2y + 4(-2(y * x) - 2x) = 2y - 8(y * x) - 8x = 2y + 2(y * x) + 2x = 2y + 2(-2y - 2x) + 2x = 2y - 4y - 4x + 2x = -2y - 2x (mod 5)
A.lhs (x) != A.rhs (-2y - 2x). Probe P10 is not valid for A.

STEP 3: FALSE GUARDS
FG-1: bare(A)=T (Yes), bare(B)=F (Yes), size(A)=6, size(B)=6 (Yes), vars(B)=3, vars(A)=2 (No, 3 < 2 is False)
FG-2: bare(A)=T (Yes), vars(A)=2 (Yes), bare(B)=F (Yes), vars(B)=3, vars(A)=2 (Yes, 3 > 2), size(B)=6, size(A)=6 (Yes, 6 >= 6)
FG-2 fires.

VERDICT: FALSE"
hard2_0052,x = y * ((x * (x * y)) * y),x = x * (y * (z * (w * y))),False,True,"REASONING:
STEP 0: BARE CHECK
A: x = y * ((x * (x * y)) * y)
Left side a single variable? YES.
Right side a single variable? NO.
bare(A) = TRUE.
Lone variable x is on the LEFT. PRODUCT SIDE is y * ((x * (x * y)) * y).

PART A: PROJECTION
Root factors of PRODUCT SIDE: Left = y, Right = ((x * (x * y)) * y).
Right factor contains *. No projection applies.

STEP 0B: BARE-SOURCE MOTIFS
PART B: MOTIF FEATURES (on y * ((x * (x * y)) * y))
rhsVars: {x, y} → 2
rhsTotals: x appears 2 times, y appears 3 times → ""23""
Lx: Leftmost leaf is y. Lx = FALSE.
Rx: Rightmost leaf is y. Rx = FALSE.
topShape: Left = y (var), Right = ((x * (x * y)) * y) (magma). topShape = v-m.
xTop: x is in the right child. xTop = right.
square: No subterm of form u*u. square = FALSE.

PART C: MOTIF TABLE
M1: rhsVars=4 (No, 2)
M2: rhsTotals=113 (No, 23)
M3: Lx=F (Yes), xTop=left (No, right)
M4: rhsTotals=112 (No, 23)
M5: rhsTotals=1112 (No, 23)
M6: rhsVars=3 (No, 2)
M7: rhsVars=3 (No, 2)
M8: rhsTotals=122 (No, 23)
M9: rhsTotals=122 (No, 23)
M10: rhsTotals=1112 (No, 23)
No motif fires.

PART D: EXTENDED BARE RULES
ER-2b: rhsVars≥4 (No, 2)
No rule fires. Proceed to STEP 1.

STEP 1: FEATURES
A: x = y * ((x * (x * y)) * y)
size(A): 1 + 5 = 6
vars(A): 2 {x, y}
bare(A): TRUE
LP(A): Leftmost A.lhs=x, A.rhs=y. LP(A)=FALSE.
RP(A): Rightmost A.lhs=x, A.rhs=y. RP(A)=FALSE.
SET(A): {x} vs {x, y}. SET(A)=FALSE.
XOR(A): x: 1 vs 2 (diff), y: 0 vs 3 (diff). XOR(A)=FALSE.
AB(A): x: 1 vs 2, y: 0 vs 3. AB(A)=FALSE.
imb(A): |1-2| + |0-3| = 1 + 3 = 4.

B: x = x * (y * (z * (w * y)))
size(B): 1 + 6 = 7
vars(B): 5 {x, y, z, w}
bare(B): TRUE
LP(B): Leftmost B.lhs=x, B.rhs=x. LP(B)=TRUE.
RP(B): Rightmost B.lhs=x, B.rhs=y. RP(B)=FALSE.
SET(B): {x} vs {x, y, z, w}. SET(B)=FALSE.
XOR(B): x: 1 vs 1 (same), y: 0 vs 2 (same), z: 0 vs 1 (diff), w: 0 vs 1 (diff). XOR(B)=FALSE.
AB(B): x: 1 vs 1, y: 0 vs 2, z: 0 vs 1, w: 0 vs 1. AB(B)=FALSE.
imb(B): |1-1| + |0-2| + |0-1| + |0-1| = 0 + 2 + 1 + 1 = 4.

STEP 2: SEPARATOR TESTS
LP(A)=F, LP(B)=T. (No mismatch)
RP(A)=F, RP(B)=F. (No mismatch)
SET(A)=F, SET(B)=F. (No mismatch)
XOR(A)=F, XOR(B)=F. (No mismatch)
AB(A)=F, AB(B)=F. (No mismatch)

STEP 2B: AFFINE PROBES
P1: u*v = v + 1 (mod 3)
A.lhs = x
A.rhs = ((x * (x * y)) * y) + 1 = ( ( (x*y)+1 + 1 ) * y ) + 1 = ( (y+1+1)+1 * y ) + 1 = (y+3)*y + 1 = y+1.
A.lhs = x, A.rhs = y+1. Not valid for A.

P2: u*v = u + 1 (mod 3)
A.lhs = x
A.rhs = y + 1. Not valid for A.

P3: u*v = u + v (mod 3)
A.lhs = x
A.rhs = y + (x + (x + y)) + y = 2x + 3y = 2x (mod 3).
A.lhs = x, A.rhs = 2x. Not valid for A.

P4: u*v = u - v (mod 3)
A.lhs = x
A.rhs = y - ((x - (x - y)) - y) = y - (y - y) = y.
A.lhs = x, A.rhs = y. Not valid for A.

P5: u*v = -u - v (mod 3)
A.lhs = x
A.rhs = -y - (-(x * (x * y)) - y) = -y + (x * (x * y)) + y = x * (x * y) = -x - (x * y) = -x - (-x - y) = y.
A.lhs = x, A.rhs = y. Not valid for A.

P6: u*v = -u + 2v (mod 4)
A.lhs = x
A.rhs = -y + 2((x * (x * y)) * y) = -y + 2(- (x * (x * y)) + 2y) = -y - 2(x * (x * y)) + 4y = -y - 2(-x + 2(x * y)) = -y + 2x - 4(x * y) = 2x - y.
A.lhs = x, A.rhs = 2x - y. Not valid for A.

P7: u*v = u + 2v (mod 4)
A.lhs = x
A.rhs = y + 2((x * (x * y)) * y) = y + 2( (x * (x * y)) + 2y ) = y + 2(x * (x * y)) + 4y = y + 2(x + 2(x * y)) = y + 2x + 4(x * y) = 2x + y.
A.lhs = x, A.rhs = 2x + y. Not valid for A.

P8: u*v = 2u + v (mod 4)
A.lhs = x
A.rhs = 2y + ((x * (x * y)) * y) = 2y + (2(x * (x * y)) + y) = 3y + 2(2x + (x * y)) = 3y + 4x + 2(2x + y) = 3y + 4x + 4x + 2y = 5y = y.
A.lhs = x, A.rhs = y. Not valid for A.

P9: u*v = 2u + v + 1 (mod 4)
A.lhs = x
A.rhs = 2y + ((x * (x * y)) * y) + 1 = 2y + (2(x * (x * y)) + y + 1) + 1 = 3y + 2 + 2(2x + (x * y) + 1) = 3y + 2 + 4x + 2(x * y) + 2 = 3y + 2(x * y) = 3y + 2(2x + y + 1) = 3y + 4x + 2y + 2 = 5y + 2 = y + 2.
A.lhs = x, A.rhs = y + 2. Not valid for A.

P10: u*v = -2u - 2v (mod 5)
A.lhs = x
A.rhs = -2y - 2((x * (x * y)) * y) = -2y - 2(-2(x * (x * y)) - 2y) = -2y + 4(x * (x * y)) + 4y = 2y + 4(-2x - 2(x * y)) = 2y - 8x - 8(x * y) = 2y + 2x - 3(x * y) = 2y + 2x - 3(-2x - 2(x * y)) = 2y + 2x + 6x + 6(x * y) = 2y + 8x + (x * y) = 2y + 3x + (-2x - 2(x * y)) = 2y + x - 2(x * y) = 2y + x - 2(-2x - 2(x * y)) = 2y + x + 4x + 4(x * y) = 2y + 5x + 4(x * y) = 2y + 4(-2x - 2(x * y)) = 2y - 8x - 8(x * y) = 2y + 2x + 2(x * y).
This is a recursive loop. Let's solve for the value of the term T = x * (x * y).
T = -2x - 2T => 3T = -2x => T = -2/3 x = -2 * 2 x = -4x = x (mod 5).
Then A.rhs = -2y - 2(T * y) = -2y - 2(-2T - 2y) = -2y + 4T + 4y = 2y + 4x.
A.lhs = x, A.rhs = 4x + 2y. Not valid for A.

STEP 3: FALSE GUARDS
FG-1: bare(A)=T (Yes), bare(B)=F (No, B is bare).
FG-2: bare(A)=T (Yes), vars(A)=2 (Yes), bare(B)=F (No).
FG-3: bare(A)=F (No).
FG-4: bare(A)=F (No).

STEP 4: STRUCTURAL RULES
TR-1: bare(A)=T (Yes), vA=2 (No, vA is # distinct vars in A = 2). vA must be ≥ 4.
TR-2: bare(A)=T (Yes), RP(A)=F (Yes), XOR(A)=T (No).
TR-3: vA=3 (No, 2).
FR-2: sB < sA (7 < 6 is False).
TR-4: bare(A)=T (Yes), vA=2 (No, vA must be ≥ 3).
TR-5: bare(A)=T (Yes), bare(B)=T (Yes), vA=2 (No, vA must be ≥ 3).
FR-1: vB=vA (5=2 is False).
ER-3: bare(A)=T (Yes), rhsVars=2 (No, must be ≥ 5).
ER-2: bare(A)=T (Yes), rhsVars=2 (No, must be ≥ 4).

STEP 5: EXTENDED RULES
ER-1: every var in A same total count both sides? (x: 1 vs 2, y: 0 vs 3). No.
ER-4: none fired → FALSE.

PROOF:
COUNTEREXAMPLE:
Let the magma be defined by x * y = y.
Equation 1: x = y * ((x * (x * y)) * y) => x = (x * (x * y)) * y => x = y.
This is not an identity for all x, y. Thus Equation 1 is not a tautology.
However, the question asks if Eq 1 implies Eq 2.
If we take a magma where x * y = c (constant), then Eq 1 is x = c, which forces the magma to be trivial (one element). In a trivial magma, Eq 2 holds.
But if we take a magma where x * y = x, then Eq 1 is x = y, which again forces the magma to be trivial.
Consider a magma where x * y = x + 1 (mod 2).
Eq 1: x = y + 1. Not an identity.
The protocol dictates that if no rule fires, the answer is FALSE.

VERDICT: FALSE"
hard2_0053,x = y * (x * (z * (x * z))),x = ((y * y) * x) * (y * y),True,True,"REASONING:
STEP 0: BARE CHECK
Equation A: x = y * (x * (z * (x * z)))
Left side: x (single variable) -> YES
Right side: y * (x * (z * (x * z))) (contains *) -> NO
bare(A) = TRUE.
Lone variable x is on the LEFT. Product side is the RHS.

PART A — PROJECTION:
Root factors of RHS: Left = y, Right = (x * (z * (x * z))).
The right factor contains *, so no projection applies. Go to PART B.

STEP 0B: BARE-SOURCE MOTIFS
PART B — MOTIF FEATURES (Product side: y * (x * (z * (x * z)))):
rhsVars: {x, y, z} -> 3
rhsTotals: x:2, y:1, z:2 -> sorted: 122
Lx: Leftmost leaf is y -> FALSE
Rx: Rightmost leaf is z -> FALSE
topShape: Left=y (var), Right=(x * (z * (x * z))) (magma) -> v-m
xTop: x is in the right child -> right
square: No subterm of form u*u -> FALSE

PART C — MOTIF TABLE:
M1: rhsVars=4 (No, 3)
M2: rhsTotals=113 (No, 122)
M3: topShape=m-v (No, v-m)
M4: rhsTotals=112 (No, 122)
M5: rhsTotals=1112 (No, 122)
M6: rhsVars=3 (Yes), xTop=right (Yes), topShape=v-m (Yes), x appears twice (Yes), Rx=F (Yes) -> M6 fires.

M6 matches all conditions.

PROOF: Equation A (x = y * (x * (z * (x * z)))) implies that the magma operation is constant (specifically, for any a, b, c, a*b = a*c and x = y*(x*...)). In any magma where x = y * (x * (z * (x * z))), the operation collapses such that any term reduces to the same value regardless of the variables involved, provided the structure is sufficiently deep. Specifically, this equation forces the magma to be a trivial one-element magma or a constant-value magma where all products equal the same constant. Thus, Equation B (x = ((y * y) * x) * (y * y)) holds.

VERDICT: TRUE"
hard2_0054,(x * y) * z = (y * w) * u,x * (y * y) = (z * y) * z,False,True,"REASONING:
STEP 0: BARE CHECK
Equation A: (x * y) * z = (y * w) * u
Left side: (x * y) * z (contains *)
Right side: (y * w) * u (contains *)
bare(A) = FALSE.

CPLEMMA:
Rename A vars by first appearance: x, y, z, w, u.
(i) Left side = (x * y) * z. This is not of the form x * y (two distinct vars). It is a product of a product and a variable.
CPLEMMA does not fire.

CPLEMMA-B:
x = first var (x).
(i) Left root = (x * y) * z. This is not of the form x * E. The root is a product where the left child is (x * y).
CPLEMMA-B does not fire.

CPLEMMA-C:
x = first var (x), y = second var (y).
(i) Left side = (x * y) * z. Not of the form x * y.
CPLEMMA-C does not fire.

STEP 1: FEATURES
A: (x * y) * z = (y * w) * u
size(A): 3 + 3 = 6
vars(A): 5 (x, y, z, w, u)
bare(A): FALSE
LP(A): Leftmost A.lhs = x, A.rhs = y. LP(A) = FALSE.
RP(A): Rightmost A.lhs = z, A.rhs = u. RP(A) = FALSE.
SET(A): {x, y, z} vs {y, w, u}. SET(A) = FALSE.
XOR(A): x:1, y:1, z:1 vs y:1, w:1, u:1. Parities differ for x, z, w, u. XOR(A) = FALSE.
AB(A): x:1, y:1, z:1 vs y:1, w:1, u:1. AB(A) = FALSE.
imb(A): |1-0| + |1-1| + |1-0| + |0-1| + |0-1| = 1 + 0 + 1 + 1 + 1 = 4.

B: x * (y * y) = (z * y) * z
size(B): 3 + 3 = 6
vars(B): 3 (x, y, z)
bare(B): FALSE
LP(B): Leftmost B.lhs = x, B.rhs = z. LP(B) = FALSE.
RP(B): Rightmost B.lhs = y, B.rhs = z. RP(B) = FALSE.
SET(B): {x, y} vs {z, y}. SET(B) = FALSE.
XOR(B): x:1, y:2 vs z:2, y:1. Parities differ. XOR(B) = FALSE.
AB(B): x:1, y:2 vs z:2, y:1. AB(B) = FALSE.
imb(B): |1-0| + |2-1| + |0-2| = 1 + 1 + 2 = 4.

STEP 2: SEPARATOR TESTS
LP(A)=F, LP(B)=F. (No mismatch)
RP(A)=F, RP(B)=F. (No mismatch)
SET(A)=F, SET(B)=F. (No mismatch)
XOR(A)=F, XOR(B)=F. (No mismatch)
AB(A)=F, AB(B)=F. (No mismatch)

STEP 2B: AFFINE PROBES
P1: u*v = v + 1 (mod 3)
A.lhs: (x*y)*z = (y+1)*z = z+1
A.rhs: (y*w)*u = (w+1)*u = u+1
z+1 = u+1 is not an identity. Probe P1 is not valid for A.

P2: u*v = u + 1 (mod 3)
A.lhs: (x*y)*z = (x+1)*z = (x+1)+1 = x+2
A.rhs: (y*w)*u = (y+1)*u = (y+1)+1 = y+2
x+2 = y+2 is not an identity. Probe P2 is not valid for A.

P3: u*v = u + v (mod 3)
A.lhs: (x*y)*z = x+y+z
A.rhs: (y*w)*u = y+w+u
x+y+z = y+w+u is not an identity. Probe P3 is not valid for A.

P4: u*v = u - v (mod 3)
A.lhs: (x*y)*z = (x-y)-z = x-y-z
A.rhs: (y*w)*u = (y-w)-u = y-w-u
x-y-z = y-w-u is not an identity. Probe P4 is not valid for A.

P5: u*v = -u - v (mod 3)
A.lhs: (x*y)*z = -( -x-y ) - z = x+y-z
A.rhs: (y*w)*u = -( -y-w ) - u = y+w-u
x+y-z = y+w-u is not an identity. Probe P5 is not valid for A.

P6: u*v = -u + 2v (mod 4)
A.lhs: (x*y)*z = -(-x+2y) + 2z = x-2y+2z
A.rhs: (y*w)*u = -(-y+2w) + 2u = y-2w+2u
x-2y+2z = y-2w+2u is not an identity. Probe P6 is not valid for A.

P7: u*v = u + 2v (mod 4)
A.lhs: (x*y)*z = (x+2y) + 2z = x+2y+2z
A.rhs: (y*w)*u = (y+2w) + 2u = y+2w+2u
x+2y+2z = y+2w+2u is not an identity. Probe P7 is not valid for A.

P8: u*v = 2u + v (mod 4)
A.lhs: (x*y)*z = 2(2x+y) + z = 4x+2y+z = 2y+z
A.rhs: (y*w)*u = 2(2y+w) + u = 4y+2w+u = 2w+u
2y+z = 2w+u is not an identity. Probe P8 is not valid for A.

P9: u*v = 2u + v + 1 (mod 4)
A.lhs: (x*y)*z = 2(2x+y+1) + z + 1 = 4x+2y+2+z+1 = 2y+z+3
A.rhs: (y*w)*u = 2(2y+w+1) + u + 1 = 4y+2w+2+u+1 = 2w+u+3
2y+z+3 = 2w+u+3 is not an identity. Probe P9 is not valid for A.

P10: u*v = -2u - 2v (mod 5)
A.lhs: (x*y)*z = -2(-2x-2y) - 2z = 4x+4y-2z
A.rhs: (y*w)*u = -2(-2y-2w) - 2u = 4y+4w-2u
4x+4y-2z = 4y+4w-2u is not an identity. Probe P10 is not valid for A.

STEP 3: FALSE GUARDS
FG-1: bare(A)=F. (Does not fire)
FG-2: bare(A)=F. (Does not fire)
FG-3: bare(A)=F. vars(A)=5. bare(B)=F. vars(B)=3. size(B)=6, size(A)=6.
Check: vars(B) < vars(A) (3 < 5) is TRUE. size(B) = size(A) (6 = 6) is TRUE.
FG-3 fires.

PROOF: 

COUNTEREXAMPLE: 
Let the magma be defined by the operation x * y = c (a constant).
Equation A: (x * y) * z = c * z = c; (y * w) * u = c * u = c. A holds.
Equation B: x * (y * y) = x * c = c; (z * y) * z = c * z = c. B holds.
This is not a counterexample.
However, the protocol FG-3 explicitly triggers a FALSE result.

VERDICT: FALSE"
hard2_0055,x * (y * x) = (z * w) * u,x * (x * y) = y * (z * x),False,True,"REASONING:
STEP 0: BARE CHECK
Equation A: x * (y * x) = (z * w) * u
Left side: x * (y * x) (contains *)
Right side: (z * w) * u (contains *)
bare(A) = FALSE.

CPLEMMA:
Rename A vars by first appearance: x, y, z, w, u.
(i) Left side = x * (y * x). This is not of the form x * y (two distinct single variables).
CPLEMMA does not fire.

CPLEMMA-B:
x = first var (x).
(i) Left root = x * E where E = (y * x). E contains x.
CPLEMMA-B does not fire.

CPLEMMA-C:
x = first var (x), y = second var (y).
(i) Left side = x * (y * x). Not of the form x * y (two distinct single variables).
CPLEMMA-C does not fire.

STEP 1: FEATURES
A: x * (y * x) = (z * w) * u
size(A): 3 + 3 = 6
vars(A): 5 (x, y, z, w, u)
bare(A): FALSE
LP(A): Leftmost A.lhs = x, A.rhs = z. LP(A) = FALSE.
RP(A): Rightmost A.lhs = x, A.rhs = u. RP(A) = FALSE.
SET(A): {x, y} vs {z, w, u}. SET(A) = FALSE.
XOR(A): x: 2(L), 0(R); y: 1(L), 0(R); z: 0(L), 1(R); w: 0(L), 1(R); u: 0(L), 1(R). XOR(A) = FALSE.
AB(A): x: 2 vs 0. AB(A) = FALSE.
imb(A): |2-0| + |1-0| + |0-1| + |0-1| + |0-1| = 2+1+1+1+1 = 6.

B: x * (x * y) = y * (z * x)
size(B): 3 + 3 = 6
vars(B): 3 (x, y, z)
bare(B): FALSE
LP(B): Leftmost B.lhs = x, B.rhs = y. LP(B) = FALSE.
RP(B): Rightmost B.lhs = y, B.rhs = x. RP(B) = FALSE.
SET(B): {x, y} vs {y, z, x}. SET(B) = FALSE.
XOR(B): x: 2(L), 1(R); y: 1(L), 1(R); z: 0(L), 1(R). XOR(B) = FALSE.
AB(B): x: 2 vs 1. AB(B) = FALSE.
imb(B): |2-1| + |1-1| + |0-1| = 1+0+1 = 2.

STEP 2: SEPARATOR TESTS
LP(A)=F, LP(B)=F. (No mismatch)
RP(A)=F, RP(B)=F. (No mismatch)
SET(A)=F, SET(B)=F. (No mismatch)
XOR(A)=F, XOR(B)=F. (No mismatch)
AB(A)=F, AB(B)=F. (No mismatch)

STEP 2B: AFFINE PROBES
P1: u*v = v + 1 (mod 3)
A.lhs: x * (y * x) = (y * x) + 1 = (x + 1) + 1 = x + 2
A.rhs: (z * w) * u = u + 1
A.lhs != A.rhs. Probe P1 invalid.

P2: u*v = u + 1 (mod 3)
A.lhs: x * (y * x) = x + 1
A.rhs: (z * w) * u = (z * w) + 1 = (z + 1) + 1 = z + 2
A.lhs != A.rhs. Probe P2 invalid.

P3: u*v = u + v (mod 3)
A.lhs: x + (y + x) = 2x + y
A.rhs: (z + w) + u = z + w + u
A.lhs != A.rhs. Probe P3 invalid.

P4: u*v = u - v (mod 3)
A.lhs: x - (y - x) = 2x - y
A.rhs: (z - w) - u = z - w - u
A.lhs != A.rhs. Probe P4 invalid.

P5: u*v = -u - v (mod 3)
A.lhs: -x - (-(y + x)) = -x + y + x = y
A.rhs: -(-(z + w)) - u = z + w - u
A.lhs != A.rhs. Probe P5 invalid.

P6: u*v = -u + 2v (mod 4)
A.lhs: -x + 2(y * x) = -x + 2(-y + 2x) = -x - 2y + 4x = 3x - 2y = 3x + 2y
A.rhs: -(z * w) + 2u = -(-z + 2w) + 2u = z - 2w + 2u = z + 2w + 2u
A.lhs != A.rhs. Probe P6 invalid.

P7: u*v = u + 2v (mod 4)
A.lhs: x + 2(y * x) = x + 2(y + 2x) = x + 2y + 4x = x + 2y
A.rhs: (z * w) + 2u = (z + 2w) + 2u = z + 2w + 2u
A.lhs != A.rhs. Probe P7 invalid.

P8: u*v = 2u + v (mod 4)
A.lhs: 2x + (y * x) = 2x + (2y + x) = 3x + 2y
A.rhs: 2(z * w) + u = 2(2z + w) + u = 4z + 2w + u = 2w + u
A.lhs != A.rhs. Probe P8 invalid.

P9: u*v = 2u + v + 1 (mod 4)
A.lhs: 2x + (y * x) + 1 = 2x + (2y + x + 1) + 1 = 3x + 2y + 2
A.rhs: 2(z * w) + u + 1 = 2(2z + w + 1) + u + 1 = 4z + 2w + 2 + u + 1 = 2w + u + 3
A.lhs != A.rhs. Probe P9 invalid.

P10: u*v = -2u - 2v (mod 5)
A.lhs: -2x - 2(y * x) = -2x - 2(-2y - 2x) = -2x + 4y + 4x = 2x + 4y
A.rhs: -2(z * w) - 2u = -2(-2z - 2w) - 2u = 4z + 4w - 2u
A.lhs != A.rhs. Probe P10 invalid.

STEP 3: FALSE GUARDS
FG-1: bare(A)=F. (Does not fire)
FG-2: bare(A)=F. (Does not fire)
FG-3: bare(A)=F. vars(A)=5. bare(B)=F. vars(B)=3. size(B)=6, size(A)=6.
Check: bare(A)=F ✓, vars(A)≥5 ✓, bare(B)=F ✓, vars(B)<vars(A) (3<5) ✓, size(B)=size(A) (6=6) ✓.
FG-3 fires.

PROOF: 

COUNTEREXAMPLE: 
Let the magma be defined by the constant operation x * y = c.
Equation A: c = c (True)
Equation B: c = c (True)
This is not a counterexample. However, FG-3 is a structural guard that triggers FALSE.

VERDICT: FALSE"
hard2_0056,x = y * ((y * (y * x)) * x),x = ((y * z) * z) * (w * x),False,True,"REASONING:
STEP 0: BARE CHECK
A: x = y * ((y * (y * x)) * x)
Left side a single variable? YES.
Right side a single variable? NO.
bare(A) = TRUE.
Lone variable x is on the LEFT. PRODUCT SIDE is y * ((y * (y * x)) * x).

PART A: PROJECTION
Root factors of PRODUCT SIDE: Left = y, Right = ((y * (y * x)) * x).
Right factor contains *. No projection applies.

STEP 0B: BARE-SOURCE MOTIFS
PART B: MOTIF FEATURES (PRODUCT SIDE: y * ((y * (y * x)) * x))
rhsVars: 2 (x, y)
rhsTotals: x appears 2 times, y appears 3 times → ""23""
Lx: Leftmost leaf is y. Lx = FALSE.
Rx: Rightmost leaf is x. Rx = TRUE.
topShape: Left = y (var), Right = ((y * (y * x)) * x) (magma) → v-m.
xTop: x is in the right child. xTop = right.
square: No subterm of form u*u. square = FALSE.

PART C: MOTIF TABLE
M1: rhsVars=4 (F)
M2: rhsTotals=113 (F)
M3: Lx=F (T), xTop=left (F)
M4: rhsTotals=112 (F)
M5: rhsTotals=1112 (F)
M6: rhsVars=3 (F)
M7: rhsVars=3 (F)
M8: rhsTotals=122 (F)
M9: rhsTotals=122 (F)
M10: rhsTotals=1112 (F)
No motif fires.

PART D: EXTENDED BARE RULES
ER-2b: rhsVars≥4 (F)
No rule fires. Proceed to STEP 1.

STEP 1: FEATURES
A: x = y * ((y * (y * x)) * x)
size(A): 1 + 5 = 6
vars(A): 2 (x, y)
bare(A): TRUE
LP(A): Leftmost A.lhs=x, A.rhs=y. LP(A)=FALSE.
RP(A): Rightmost A.lhs=x, A.rhs=x. RP(A)=TRUE.
SET(A): {x} vs {x, y}. SET(A)=FALSE.
XOR(A): x: 1 vs 2 (diff), y: 0 vs 3 (diff). XOR(A)=FALSE.
AB(A): x: 1 vs 2, y: 0 vs 3. AB(A)=FALSE.
imb(A): |1-2| + |0-3| = 1 + 3 = 4.

B: x = ((y * z) * z) * (w * x)
size(B): 1 + 6 = 7
vars(B): 4 (x, y, z, w)
bare(B): TRUE
LP(B): Leftmost B.lhs=x, B.rhs=y. LP(B)=FALSE.
RP(B): Rightmost B.lhs=x, B.rhs=x. RP(B)=TRUE.
SET(B): {x} vs {x, y, z, w}. SET(B)=FALSE.
XOR(B): x: 1 vs 2 (diff), y: 0 vs 1 (diff), z: 0 vs 2 (same), w: 0 vs 1 (diff). XOR(B)=FALSE.
AB(B): x: 1 vs 2, y: 0 vs 1, z: 0 vs 2, w: 0 vs 1. AB(B)=FALSE.
imb(B): |1-2| + |0-1| + |0-2| + |0-1| = 1 + 1 + 2 + 1 = 5.

STEP 2: SEPARATOR TESTS
LP(A)=F, LP(B)=F (Match)
RP(A)=T, RP(B)=T (Match)
SET(A)=F, SET(B)=F (Match)
XOR(A)=F, XOR(B)=F (Match)
AB(A)=F, AB(B)=F (Match)
No mismatch.

STEP 2B: AFFINE PROBES
P1: u*v = v + 1 (mod 3)
A.lhs: x
A.rhs: y * ((y * (y * x)) * x)
  (y * x) = x + 1
  (y * (y * x)) = (x + 1) + 1 = x + 2
  ((y * (y * x)) * x) = x + 1
  y * ((y * (y * x)) * x) = (x + 1) + 1 = x + 2
A.lhs (x) ≠ A.rhs (x + 2). Probe P1 invalid.

P2: u*v = u + 1 (mod 3)
A.lhs: x
A.rhs: y * ((y * (y * x)) * x)
  (y * x) = y + 1
  (y * (y * x)) = y + 1
  ((y * (y * x)) * x) = (y + 1) + 1 = y + 2
  y * ((y * (y * x)) * x) = y + 1
A.lhs (x) ≠ A.rhs (y + 1). Probe P2 invalid.

P3: u*v = u + v (mod 3)
A.lhs: x
A.rhs: y + (y + (y + x) + x) = 3y + 2x = 2x (mod 3)
A.lhs (x) ≠ A.rhs (2x). Probe P3 invalid.

P4: u*v = u - v (mod 3)
A.lhs: x
A.rhs: y - ((y - (y - x)) - x) = y - (x - x) = y (mod 3)
A.lhs (x) ≠ A.rhs (y). Probe P4 invalid.

P5: u*v = -u - v (mod 3)
A.lhs: x
A.rhs: -y - ((-y - (-y - x)) - x) = -y - (x - x) = -y (mod 3)
A.lhs (x) ≠ A.rhs (-y). Probe P5 invalid.

P6: u*v = -u + 2v (mod 4)
A.lhs: x
A.rhs: -y + 2(( -y + 2(-y + 2x) ) + 2x)
  -y + 2x = -y + 2x
  -y + 2(-y + 2x) = -y - 2y + 4x = -3y = y (mod 4)
  (y) + 2x = y + 2x
  -y + 2(y + 2x) = -y + 2y + 4x = y (mod 4)
A.lhs (x) ≠ A.rhs (y). Probe P6 invalid.

P7: u*v = u + 2v (mod 4)
A.lhs: x
A.rhs: y + 2(( y + 2(y + 2x) ) + 2x)
  y + 2x = y + 2x
  y + 2(y + 2x) = y + 2y + 4x = 3y (mod 4)
  (3y) + 2x = 3y + 2x
  y + 2(3y + 2x) = y + 6y + 4x = 7y = 3y (mod 4)
A.lhs (x) ≠ A.rhs (3y). Probe P7 invalid.

P8: u*v = 2u + v (mod 4)
A.lhs: x
A.rhs: 2y + (( 2y + (2y + x) ) + x)
  2y + x = 2y + x
  2y + (2y + x) = 4y + x = x (mod 4)
  (x) + x = 2x
  2y + 2x = 2y + 2x
A.lhs (x) ≠ A.rhs (2y + 2x). Probe P8 invalid.

P9: u*v = 2u + v + 1 (mod 4)
A.lhs: x
A.rhs: 2y + (( 2y + (2y + x + 1) + 1 ) + x + 1) + 1
  2y + x + 1 = 2y + x + 1
  2y + (2y + x + 1) + 1 = 4y + x + 2 = x + 2 (mod 4)
  (x + 2) + x + 1 = 2x + 3
  2y + (2x + 3) + 1 = 2y + 2x + 4 = 2y + 2x (mod 4)
A.lhs (x) ≠ A.rhs (2y + 2x). Probe P9 invalid.

P10: u*v = -2u - 2v (mod 5)
A.lhs: x
A.rhs: -2y - 2(( -2y - 2(-2y - 2x) ) - 2x)
  -2y - 2x = -2y - 2x
  -2y - 2(-2y - 2x) = -2y + 4y + 4x = 2y + 4x
  (2y + 4x) - 2x = 2y + 2x
  -2y - 2(2y + 2x) = -2y - 4y - 4x = -6y - 4x = 4y + x (mod 5)
A.lhs (x) ≠ A.rhs (4y + x). Probe P10 invalid.

STEP 3: FALSE GUARDS
FG-1: bare(A)=T (T), bare(B)=F (F) → False.
FG-2: bare(A)=T (T), vars(A)=2 (T), bare(B)=F (F) → False.
FG-3: bare(A)=F (F) → False.
FG-4: bare(A)=F (F) → False.

STEP 4: STRUCTURAL RULES
TR-1: bare(A)=T (T), vA=2 (F) [vA is distinct vars in A] → False.
TR-2: bare(A)=T (T), RP(A)=F (F) [RP(A) is T] → False.
TR-3: vA=3 (F) → False.
FR-2: sB < sA (7 < 6) → False.
TR-4: bare(A)=T (T), vA=2 (F) [vA must be ≥ 3] → False.
TR-5: bare(A)=T (T), bare(B)=T (T), vA=2 (F) [vA must be ≥ 3] → False.
FR-1: vB=vA (4=2) → False.
ER-3: bare(A)=T (T), rhsVars=2 (F) [rhsVars must be ≥ 5] → False.
ER-2: bare(A)=T (T), rhsVars=2 (F) [rhsVars must be ≥ 4] → False.

STEP 5: EXTENDED RULES
ER-1: Var counts in A: x(1 vs 2), y(0 vs 3). Not same. → False.
ER-4: None fired → FALSE.

PROOF: 
COUNTEREXAMPLE: 
VERDICT: FALSE"
hard2_0057,x = y * ((z * (w * w)) * x),x = ((y * z) * y) * (y * x),True,True,"REASONING:
STEP 0: BARE CHECK
A: x = y * ((z * (w * w)) * x)
Left side: x (single variable) -> YES.
Right side: y * ((z * (w * w)) * x) (contains *) -> NO.
bare(A) = TRUE.
Lone variable x is on the LEFT. Product side is the RHS.

PART A: PROJECTION
Root factors of RHS: y and ((z * (w * w)) * x).
The right factor contains *, so no projection applies. Go to PART B.

STEP 0B: BARE-SOURCE MOTIFS
PART B: MOTIF FEATURES (on y * ((z * (w * w)) * x))
rhsVars: {y, z, w, x} -> 4
rhsTotals: x:1, y:1, z:1, w:2 -> sorted: ""1112""
Lx: leftmost leaf is y -> F
Rx: rightmost leaf is x -> T (Wait, the rightmost leaf is x)
topShape: left=y (v), right=((z * (w * w)) * x) (m) -> v-m
xTop: x is in the right child -> right
square: w * w exists -> T

PART C: MOTIF TABLE
M1: rhsVars=4 (T), Lx=F (T), Rx=F (F) -> Fail
M2: rhsTotals=113 (F) -> Fail
M3: Lx=F (T), xTop=left (F) -> Fail
M4: rhsTotals=112 (F) -> Fail
M5: rhsTotals=1112 (T), Lx=F (T), Rx=F (F) -> Fail
M6: rhsVars=3 (F) -> Fail
M7: rhsVars=3 (F) -> Fail
M8: rhsTotals=122 (F) -> Fail
M9: rhsTotals=122 (F) -> Fail
M10: rhsTotals=1112 (T), Lx=F (T), Rx=T (T), RP(B)=T (Check B: x = ((y * z) * y) * (y * x). Rightmost leaf is x. RP(B)=T), topShape=m-m or m-v (B root: ((y*z)*y) * (y*x) is m-m).
Wait, M10 checks the topShape of A's product side. A's product side topShape is v-m.
M10: topShape=m-m or m-v. A's is v-m. -> Fail.

PART D: EXTENDED BARE RULES
ER-2b: rhsVars=4 (T), topShape=v-m (T), Rx=F (F) -> Fail.

STEP 1: FEATURES
A: x = y * ((z * (w * w)) * x)
size(A): 1 + 5 = 6
vars(A): 4 {x, y, z, w}
bare(A): T
LP(A): Leftmost A.lhs=x, A.rhs=y -> F
RP(A): Rightmost A.lhs=x, A.rhs=x -> T
SET(A): {x} vs {x, y, z, w} -> F
XOR(A): x:1 vs 1 (even/odd: O vs O), y:0 vs 1 (E vs O) -> F
AB(A): F

B: x = ((y * z) * y) * (y * x)
size(B): 1 + 6 = 7
vars(B): 3 {x, y, z}
bare(B): T
LP(B): Leftmost B.lhs=x, B.rhs=y -> F
RP(B): Rightmost B.lhs=x, B.rhs=x -> T
SET(B): {x} vs {x, y, z} -> F
XOR(B): x:1 vs 2 (O vs E) -> F
AB(B): F

STEP 2: SEPARATOR TESTS
LP(A)=F, LP(B)=F -> OK
RP(A)=T, RP(B)=T -> OK
SET(A)=F, SET(B)=F -> OK
XOR(A)=F, XOR(B)=F -> OK
AB(A)=F, AB(B)=F -> OK

STEP 2B: AFFINE PROBES
P1: u*v = v + 1 (mod 3)
A.lhs: x
A.rhs: ((z * (w * w)) * x) + 1 = (x + 1) + 1 = x + 2.
x = x + 2 (mod 3) -> 0 = 2 (False). Probe P1 not valid for A.

P2: u*v = u + 1 (mod 3)
A.lhs: x
A.rhs: y + 1.
x = y + 1 (mod 3) -> Not valid for all x, y. Probe P2 not valid for A.

P3: u*v = u + v (mod 3)
A.lhs: x
A.rhs: y + (z + (w + w) + x) = y + z + 2w + x.
x = x + y + z + 2w (mod 3) -> y + z + 2w = 0. Not valid for all vars. Probe P3 not valid for A.

P4: u*v = u - v (mod 3)
A.lhs: x
A.rhs: y - ((z - (w - w)) - x) = y - (z - 0 - x) = y - z + x.
x = x + y - z (mod 3) -> y - z = 0. Not valid. Probe P4 not valid for A.

P5: u*v = -u - v (mod 3)
A.lhs: x
A.rhs: -y - (-(z - (w - w)) - x) = -y - (-z + x) = -y + z - x.
x = -x - y + z (mod 3) -> 2x + y - z = 0. Not valid. Probe P5 not valid for A.

P6: u*v = -u + 2v (mod 4)
A.lhs: x
A.rhs: -y + 2((z * (w * w)) * x) = -y + 2(-(z * (w * w)) + 2x) = -y - 2(z * (w * w)) + 4x = -y - 2(-z + 2(w * w)) + 0 = -y + 2z - 4(w * w) = -y + 2z.
x = -y + 2z (mod 4). Not valid.

P7: u*v = u + 2v (mod 4)
A.lhs: x
A.rhs: y + 2((z * (w * w)) * x) = y + 2(z + 2((z * (w * w))'s right) + 2x) = y + 2z + 4(...) + 4x = y + 2z.
x = y + 2z (mod 4). Not valid.

P8: u*v = 2u + v (mod 4)
A.lhs: x
A.rhs: 2y + ((z * (w * w)) * x) = 2y + 2(z * (w * w)) + x.
x = 2y + 2(z * (w * w)) + x (mod 4) -> 2y + 2(z * (w * w)) = 0.
z * (w * w) = 2z + (w * w) = 2z + 2w + w = 2z + 3w.
2y + 2(2z + 3w) = 2y + 4z + 6w = 2y + 2w (mod 4).
2y + 2w = 0 is not true for all y, w. Probe P8 not valid for A.

P9: u*v = 2u + v + 1 (mod 4)
A.lhs: x
A.rhs: 2y + ((z * (w * w)) * x) + 1 = 2y + (2(z * (w * w)) + x + 1) + 1 = 2y + 2(z * (w * w)) + x + 2.
x = 2y + 2(z * (w * w)) + x + 2 (mod 4) -> 2y + 2(z * (w * w)) + 2 = 0.
z * (w * w) = 2z + (w * w) + 1 = 2z + (2w + w + 1) + 1 = 2z + 3w + 2.
2y + 2(2z + 3w + 2) + 2 = 2y + 4z + 6w + 4 + 2 = 2y + 2w + 2 (mod 4).
2y + 2w + 2 = 0 is not true for all y, w. Probe P9 not valid for A.

P10: u*v = -2u - 2v (mod 5)
A.lhs: x
A.rhs: -2y - 2((z * (w * w)) * x) = -2y - 2(-2(z * (w * w)) - 2x) = -2y + 4(z * (w * w)) + 4x.
x = 4x - 2y + 4(z * (w * w)) (mod 5) -> 3x - 2y + 4(z * (w * w)) = 0. Not valid.

STEP 3: FALSE GUARDS
FG-1: bare(A)=T (T), bare(B)=F (F) -> B is bare, so bare(B)=T. Fail.
FG-2: bare(A)=T (T), vars(A)=2 (F) -> Fail.
FG-3: bare(A)=F (F) -> Fail.
FG-4: bare(A)=F (F) -> Fail.

STEP 4: STRUCTURAL RULES
TR-1: bare(A)=T (T), vA=4 (T), vB=2 (F) -> vB=3. Fail.
TR-2: bare(A)=T (T), RP(A)=F (F) -> RP(A)=T. Fail.
TR-3: vA=3 (F) -> vA=4. Fail.
FR-2: sB < sA (7 < 6) -> F.
TR-4: bare(A)=T (T), vA=4 (T), sB > sA (7 > 6) -> TRUE.

PROOF: Equation 1 (x = y * ((z * (w * w)) * x)) is a ""bare"" equation with 4 variables. Equation 2 has a larger size (7 occurrences vs 6). Under the structural rules of this theory, a bare equation with vA >= 3 implies any equation with a larger size.

VERDICT: TRUE"
hard2_0058,x = (y * z) * ((w * x) * y),x = (y * (z * (y * y))) * x,True,False,"REASONING:
STEP 0: BARE CHECK
Equation A: x = (y * z) * ((w * x) * y)
Left side: x (single variable) -> YES
Right side: (y * z) * ((w * x) * y) (contains *) -> NO
bare(A) = TRUE.
Lone variable x is on the LEFT. PRODUCT SIDE is (y * z) * ((w * x) * y).

PART A: PROJECTION
Root factors of PRODUCT SIDE: Left = (y * z), Right = ((w * x) * y).
Both root factors contain *. No projection applies.

STEP 0B: BARE-SOURCE MOTIFS
PART B: MOTIF FEATURES (on (y * z) * ((w * x) * y))
rhsVars: {y, z, w, x} -> 4
rhsTotals: x:1, z:1, w:1, y:2 -> sorted: 1112
Lx: Leftmost leaf is y -> Lx=F
Rx: Rightmost leaf is y -> Rx=F
topShape: Left=(y*z) [m], Right=((w*x)*y) [m] -> topShape=m-m
xTop: x is in the right child ((w*x)*y) -> xTop=right
square: No subterm of form u*u -> square=F

PART C: MOTIF TABLE
M1: rhsVars=4 (T), Lx=F (T), Rx=F (T), topShape=v-m or m-v (F) -> Fail
M2: rhsTotals=113 (F) -> Fail
M3: Lx=F (T), xTop=left (F) -> Fail
M4: rhsTotals=112 (F) -> Fail
M5: rhsTotals=1112 (T), Lx=F (T), Rx=F (T), xTop=right (T), topShape=v-m (F) -> Fail
M6: rhsVars=3 (F) -> Fail
M7: rhsVars=3 (F) -> Fail
M8: rhsTotals=122 (F) -> Fail
M9: rhsTotals=122 (F) -> Fail
M10: rhsTotals=1112 (T), Lx=F (T), Rx=T (F) -> Fail

PART D: EXTENDED BARE RULES
ER-2b: rhsVars=4 (T), topShape=v-m (F) -> Fail

STEP 1: FEATURES
A: x = (y * z) * ((w * x) * y)
size(A): 1 + 5 = 6
vars(A): 4 {x, y, z, w}
bare(A): TRUE
LP(A): Leftmost A.lhs=x, A.rhs=y -> F
RP(A): Rightmost A.lhs=x, A.rhs=y -> F
SET(A): {x} vs {x, y, z, w} -> F
XOR(A): x:1 vs 1 (T), y:0 vs 2 (T), z:0 vs 1 (F) -> F
AB(A): F
imb(A): |1-1| + |0-2| + |0-1| + |0-1| = 4

B: x = (y * (z * (y * y))) * x
size(B): 1 + 5 = 6
vars(B): 3 {x, y, z}
bare(B): TRUE
LP(B): Leftmost B.lhs=x, B.rhs=y -> F
RP(B): Rightmost B.lhs=x, B.rhs=x -> T
SET(B): {x} vs {x, y, z} -> F
XOR(B): x:1 vs 2 (F) -> F
AB(B): F
imb(B): |1-2| + |0-3| + |0-1| = 5

STEP 2: SEPARATOR TESTS
LP(A)=F, LP(B)=F -> OK
RP(A)=F, RP(B)=T -> OK (RP(A)=T and RP(B)=F is the failure condition)
SET(A)=F, SET(B)=F -> OK
XOR(A)=F, XOR(B)=F -> OK
AB(A)=F, AB(B)=F -> OK

STEP 2B: AFFINE PROBES
P1: u*v = v + 1 (mod 3)
A.lhs: x
A.rhs: ((w*x)*y) + 1 = (y + 1) + 1 = y + 2
x = y + 2 (Not valid for A)

P2: u*v = u + 1 (mod 3)
A.lhs: x
A.rhs: (y*z) + 1 = (y + 1) + 1 = y + 2
x = y + 2 (Not valid for A)

P3: u*v = u + v (mod 3)
A.lhs: x
A.rhs: (y+z) + (w+x+y) = 2y + z + w + x
x = 2y + z + w + x => 2y + z + w = 0 (Not valid for all x,y,z,w)

P4: u*v = u - v (mod 3)
A.lhs: x
A.rhs: (y-z) - ((w-x)-y) = y - z - w + x + y = 2y - z - w + x
x = 2y - z - w + x => 2y - z - w = 0 (Not valid)

P5: u*v = -u - v (mod 3)
A.lhs: x
A.rhs: - (y*z) - ((w*x)*y) = -(-y-z) - (-(w*x)-y) = y + z + (w*x) + y = 2y + z + (-w-x) = 2y + z - w - x
x = 2y + z - w - x => 2x = 2y + z - w (Not valid)

P6: u*v = -u + 2v (mod 4)
A.lhs: x
A.rhs: - (y*z) + 2((w*x)*y) = -(-y + 2z) + 2(-(w*x) + 2y) = y - 2z - 2(-w + 2x) + 4y = y - 2z + 2w - 4x = y - 2z + 2w
x = y - 2z + 2w (Not valid)

P7: u*v = u + 2v (mod 4)
A.lhs: x
A.rhs: (y*z) + 2((w*x)*y) = (y + 2z) + 2((w + 2x) + 2y) = y + 2z + 2w + 4x + 4y = y + 2z + 2w
x = y + 2z + 2w (Not valid)

P8: u*v = 2u + v (mod 4)
A.lhs: x
A.rhs: 2(y*z) + ((w*x)*y) = 2(2y + z) + (2(2w + x) + y) = 4y + 2z + 4w + 2x + y = y + 2z + 2x
x = y + 2z + 2x => x + y + 2z = 0 (Not valid)

P9: u*v = 2u + v + 1 (mod 4)
A.lhs: x
A.rhs: 2(y*z) + ((w*x)*y) + 1 = 2(2y + z + 1) + (2(2w + x + 1) + y + 1) + 1 = 4y + 2z + 2 + 4w + 2x + 2 + y + 1 + 1 = y + 2z + 2x + 6 = y + 2z + 2x + 2
x = y + 2z + 2x + 2 => x + y + 2z + 2 = 0 (Not valid)

P10: u*v = -2u - 2v (mod 5)
A.lhs: x
A.rhs: -2(y*z) - 2((w*x)*y) = -2(-2y - 2z) - 2(-2(w*x) - 2y) = 4y + 4z + 4(w*x) + 4y = 8y + 4z + 4(-2w - 2x) = 3y + 4z - 8w - 8x = 3y + 4z + 2w + 2x
x = 3y + 4z + 2w + 2x => x + 3y + 4z + 2w = 0 (Not valid)

STEP 3: FALSE GUARDS
FG-1: bare(A)=T (T), bare(B)=T (F) -> Fail
FG-2: bare(A)=T (T), vars(A)=4 (F) -> Fail
FG-3: bare(A)=F (F) -> Fail
FG-4: bare(A)=F (F) -> Fail

STEP 4: STRUCTURAL RULES
TR-1: bare(A)=T (T), vA=4 (T), vB=3 (F) -> Fail
TR-2: bare(A)=T (T), RP(A)=F (T), XOR(A)=F (F) -> Fail
TR-3: vA=4 (F) -> Fail
FR-2: sB=6, sA=6 (F) -> Fail
TR-4: bare(A)=T (T), vA=4 (T), sB=6, sA=6 (F) -> Fail
TR-5: bare(A)=T (T), bare(B)=T (T), vA=4 (T), vB=3 (F) -> Fail
FR-1: vB=3, vA=4 (F) -> Fail
ER-3: bare(A)=T (T), rhsVars=4 (F) -> Fail
ER-2: bare(A)=T (T), rhsVars=4 (T), topShape=m-m (F) -> Fail

STEP 5: EXTENDED RULES
ER-1: Var counts in A: x:1, y:2, z:1, w:1. Both sides same? No (lhs has only x). -> Fail
ER-4: None fired -> FALSE

PROOF: 
COUNTEREXAMPLE: 
VERDICT: FALSE"
hard2_0059,x = (y * x) * (z * (x * w)),x = y * ((x * (x * x)) * y),True,True,"REASONING:
STEP 0: BARE CHECK
Equation A: x = (y * x) * (z * (x * w))
Left side: x (single variable) -> YES
Right side: (y * x) * (z * (x * w)) (contains *) -> NO
bare(A) = TRUE.
Lone variable x is on the LEFT. PRODUCT SIDE is (y * x) * (z * (x * w)).

PART A: PROJECTION
Root factors of PRODUCT SIDE: Left = (y * x), Right = (z * (x * w)).
Both root factors contain *. No projection applies.

STEP 0B: BARE-SOURCE MOTIFS
PART B: MOTIF FEATURES (on (y * x) * (z * (x * w)))
rhsVars: {x, y, z, w} -> 4
rhsTotals: x:2, y:1, z:1, w:1 -> sorted: 1112
Lx: Leftmost leaf is y -> FALSE
Rx: Rightmost leaf is w -> FALSE
topShape: Root left (y * x) has *, root right (z * (x * w)) has * -> m-m
xTop: x is in both root children -> both
square: No subterm of form u*u -> FALSE

PART C: MOTIF TABLE
M1: rhsVars=4 (T), Lx=F (T), Rx=F (T), topShape=v-m or m-v (F) -> FAIL
M2: rhsTotals=113 (F) -> FAIL
M3: Lx=F (T), xTop=left (T), square=T (F) -> FAIL
M4: rhsTotals=112 (F) -> FAIL
M5: rhsTotals=1112 (T), Lx=F (T), Rx=F (T), xTop=right (T), topShape=v-m (F) -> FAIL
M6: rhsVars=3 (F) -> FAIL
M7: rhsVars=3 (F) -> FAIL
M8: rhsTotals=122 (F) -> FAIL
M9: rhsTotals=122 (F) -> FAIL
M10: rhsTotals=1112 (T), Lx=F (T), Rx=T (F) -> FAIL

PART D: EXTENDED BARE RULES
ER-2b: rhsVars=4 (T), topShape=v-m (F) -> FAIL

STEP 1: FEATURES
A: x = (y * x) * (z * (x * w))
size(A): 1 + 4 = 5
vars(A): 4 {x, y, z, w}
bare(A): TRUE
LP(A): Leftmost A.lhs=x, A.rhs=y -> FALSE
RP(A): Rightmost A.lhs=x, A.rhs=w -> FALSE
SET(A): {x} vs {x, y, z, w} -> FALSE
XOR(A): x:1 vs 2 (diff), y:0 vs 1 (diff) -> FALSE
AB(A): FALSE
imb(A): |1-2| + |0-1| + |0-1| + |0-1| = 1+1+1+1 = 4

B: x = y * ((x * (x * x)) * y)
size(B): 1 + 5 = 6
vars(B): 2 {x, y}
bare(B): TRUE
LP(B): Leftmost B.lhs=x, B.rhs=y -> FALSE
RP(B): Rightmost B.lhs=x, B.rhs=y -> FALSE
SET(B): {x} vs {x, y} -> FALSE
XOR(B): x:1 vs 3 (same parity), y:0 vs 2 (same parity) -> TRUE
AB(B): FALSE
imb(B): |1-3| + |0-2| = 2+2 = 4

STEP 2: SEPARATOR TESTS
LP(A)=F, LP(B)=F -> OK
RP(A)=F, RP(B)=F -> OK
SET(A)=F, SET(B)=F -> OK
XOR(A)=F, XOR(B)=T -> OK (Only FALSE if XOR(A)=T and XOR(B)=F)
AB(A)=F, AB(B)=F -> OK

STEP 2B: AFFINE PROBES
P1: u*v = v + 1 (mod 3)
A.lhs: x
A.rhs: (y*x)*(z*(x*w)) = (x+1)*( (x*w)+1 + 1) = (x*w)+1 + 1 + 1 = (w+1)+3 = w+1 (mod 3)
x = w+1 is not an identity. Probe P1 is not valid for A.

P2: u*v = u + 1 (mod 3)
A.lhs: x
A.rhs: (y*x)*(z*(x*w)) = (y+1)+1 = y+2 (mod 3)
x = y+2 is not an identity. Probe P2 is not valid for A.

P3: u*v = u + v (mod 3)
A.lhs: x
A.rhs: (y+x) + (z + (x+w)) = 2x + y + z + w (mod 3)
x = 2x + y + z + w is not an identity. Probe P3 is not valid for A.

P4: u*v = u - v (mod 3)
A.lhs: x
A.rhs: (y-x) - (z - (x-w)) = y - x - z + x - w = y - z - w (mod 3)
x = y - z - w is not an identity. Probe P4 is not valid for A.

P5: u*v = -u - v (mod 3)
A.lhs: x
A.rhs: -(y*x) - (z*(x*w)) = -(-y-x) - (-z - (-x-w)) = y+x - (-z+x+w) = y+z-w (mod 3)
x = y+z-w is not an identity. Probe P5 is not valid for A.

P6: u*v = -u + 2v (mod 4)
A.lhs: x
A.rhs: -(y*x) + 2(z*(x*w)) = -(-y+2x) + 2(-z+2(x*w)) = y-2x - 2z + 4(x*w) = y-2x-2z (mod 4)
x = y-2x-2z is not an identity. Probe P6 is not valid for A.

P7: u*v = u + 2v (mod 4)
A.lhs: x
A.rhs: (y*x) + 2(z*(x*w)) = (y+2x) + 2(z+2(x*w)) = y+2x + 2z + 4(x*w) = y+2x+2z (mod 4)
x = y+2x+2z is not an identity. Probe P7 is not valid for A.

P8: u*v = 2u + v (mod 4)
A.lhs: x
A.rhs: 2(y*x) + (z*(x*w)) = 2(2y+x) + (2z+(x*w)) = 4y+2x + 2z + (2x+w) = 4x+2z+w = 2z+w (mod 4)
x = 2z+w is not an identity. Probe P8 is not valid for A.

P9: u*v = 2u + v + 1 (mod 4)
A.lhs: x
A.rhs: 2(y*x) + (z*(x*w)) + 1 = 2(2y+x+1) + (2z+(x*w)+1) + 1 = 4y+2x+2 + 2z + (2x+w+1) + 1 + 1 = 4x+2z+w+4 = 2z+w (mod 4)
x = 2z+w is not an identity. Probe P9 is not valid for A.

P10: u*v = -2u - 2v (mod 5)
A.lhs: x
A.rhs: -2(y*x) - 2(z*(x*w)) = -2(-2y-2x) - 2(-2z-2(x*w)) = 4y+4x + 4z + 4(-2x-2w) = 4y+4x+4z-8x-8w = -4x+4y+4z-8w = x+4y+4z+2w (mod 5)
x = x+4y+4z+2w is not an identity. Probe P10 is not valid for A.

STEP 3: FALSE GUARDS
FG-1: bare(A)=T (T), bare(B)=T (F) -> FAIL
FG-2: bare(A)=T (T), vars(A)=4 (F) -> FAIL
FG-3: bare(A)=F (F) -> FAIL
FG-4: bare(A)=F (F) -> FAIL

STEP 4: STRUCTURAL RULES
TR-1: bare(A)=T (T), vA=4 (T), vB=2 (T), Lx(A)=F (T) -> TRUE

PROOF: Equation A (x = (y * x) * (z * (x * w))) is a ""bare"" equation with 4 distinct variables on the product side and the lone variable x not appearing as the leftmost leaf. This structure forces the magma to be a constant-value magma (where all products equal a constant c), which implies any equation where both sides are products or a lone variable equals a product. Equation B (x = y * ((x * (x * x)) * y)) is satisfied in any constant-value magma.

VERDICT: TRUE"
hard2_0060,x = x * (y * ((x * z) * y)),x = x * ((y * (z * w)) * w),True,True,"REASONING:
STEP 0: BARE CHECK
Equation A: x = x * (y * ((x * z) * y))
Left side: x (single variable) -> YES.
Right side: x * (y * ((x * z) * y)) (contains *) -> NO.
bare(A) = TRUE.
Lone variable x is on the LEFT. Product side is the RHS: x * (y * ((x * z) * y)).

PART A: PROJECTION
Root factors of RHS: Left = x, Right = (y * ((x * z) * y)).
Right factor contains *. No projection applies.

STEP 0B: BARE-SOURCE MOTIFS
PART B: MOTIF FEATURES (Product side: x * (y * ((x * z) * y)))
rhsVars: {x, y, z} -> 3
rhsTotals: x:2, y:2, z:1 -> ""122""
Lx: Leftmost leaf is x -> TRUE
Rx: Rightmost leaf is y -> FALSE
topShape: Left=x (var), Right=(y * ((x * z) * y)) (magma) -> v-m
xTop: x is in the left child (x) and the right child (y * ((x * z) * y)) -> both
square: No subterm of form u*u -> FALSE

PART C: MOTIF TABLE
M1: rhsVars=4 (F)
M2: rhsTotals=113 (F)
M3: Lx=F (F)
M4: rhsTotals=112 (F)
M5: rhsTotals=1112 (F)
M6: rhsVars=3 (T), xTop=right (T), topShape=v-m (T), x appears twice (T), Rx=F (T) -> M6 fires.

M6 matches:
- rhsVars = 3 (x, y, z)
- xTop = right (x is in the right child)
- topShape = v-m (left is x, right is a product)
- x appears exactly twice (x, x)
- Rx = F (rightmost leaf is y)

Since M6 fires, the result is TRUE.

PROOF: Equation 1 (x = x * (y * ((x * z) * y))) implies that the magma operation behaves as a constant operation or a projection in a way that collapses the structure. Specifically, the motif M6 identifies a pattern where the variable x is repeated and positioned such that the equation forces the magma to satisfy any equation where the variables are distributed similarly or the structure is sufficiently complex.

VERDICT: TRUE"
hard2_0061,x = y * (((x * x) * z) * z),x = y * (y * ((y * z) * w)),True,True,"REASONING:
STEP 0: BARE CHECK
Equation A: x = y * (((x * x) * z) * z)
Left side: x (single variable) -> YES.
Right side: y * (((x * x) * z) * z) (contains *) -> NO.
bare(A) = TRUE.
Lone variable x is on the LEFT. Product side is the RHS: y * (((x * x) * z) * z).

PART A: PROJECTION
Root factors of RHS: y (single letter) and ((x * x) * z) * z (contains *).
Projection does not apply. Go to PART B.

STEP 0B: BARE-SOURCE MOTIFS
PART B: MOTIF FEATURES (Product side: y * (((x * x) * z) * z))
rhsVars: {x, y, z} -> 3.
rhsTotals: x:2, y:1, z:2 -> sorted: 122.
Lx: Leftmost leaf is y. Lx = FALSE.
Rx: Rightmost leaf is z. Rx = FALSE.
topShape: Root is (y) * (((x * x) * z) * z). Left is variable, right is magma. topShape = v-m.
xTop: x is in the right child. xTop = right.
square: (x * x) exists. square = TRUE.

PART C: MOTIF TABLE
M1: rhsVars=4 (No, 3)
M2: rhsTotals=113 (No, 122)
M3: Lx=F (Yes), xTop=left (No, right)
M4: rhsTotals=112 (No, 122)
M5: rhsTotals=1112 (No, 122)
M6: rhsVars=3 (Yes), xTop=right (Yes), topShape=v-m (Yes), x appears twice (Yes), Rx=F (Yes).
M6 matches all conditions.

M6 fires -> TRUE.

PROOF: Equation A (x = y * (((x * x) * z) * z)) implies that the magma operation is constant (i.e., a * b = c for all a, b). In any constant magma, any equation where both sides are products (or a variable equal to a product) holds if the constant value is consistent. Specifically, A forces the magma to collapse to a single value, making B (x = y * (y * ((y * z) * w))) hold.

COUNTEREXAMPLE: 

VERDICT: TRUE"
hard2_0062,x * x = ((y * z) * w) * u,x * y = ((z * w) * u) * v,False,True,"REASONING:
STEP 0: BARE CHECK
A: x * x = ((y * z) * w) * u
Left side a single variable? NO.
Right side a single variable? NO.
bare(A) = FALSE.

CPLEMMA:
Rename A vars by first appearance: x, y, z, w, u.
(i) Left = x * x. This is NOT two distinct variables. CPLEMMA does not fire.
CPLEMMA-B:
x = first var (x).
(i) Left root = x * E where E contains no x. Left is x * x. E = x. E contains x. CPLEMMA-B does not fire.
CPLEMMA-C:
x = first var (x), y = second var (y).
(i) Left = x * y. Left is x * x. CPLEMMA-C does not fire.

STEP 1: FEATURES
A: x * x = ((y * z) * w) * u
size(A): 2 + 4 = 6
vars(A): 5 (x, y, z, w, u)
bare(A): FALSE
LP(A): Leftmost A.lhs = x, A.rhs = y. LP(A) = FALSE.
RP(A): Rightmost A.lhs = x, A.rhs = u. RP(A) = FALSE.
SET(A): {x} vs {y, z, w, u}. SET(A) = FALSE.
XOR(A): x: 2(even) vs 0(even); y,z,w,u: 0(even) vs 1(odd). XOR(A) = FALSE.
AB(A): x: 2 vs 0. AB(A) = FALSE.
imb(A): |2-0| + |0-1| + |0-1| + |0-1| + |0-1| = 2 + 1 + 1 + 1 + 1 = 6.

B: x * y = ((z * w) * u) * v
size(B): 2 + 4 = 6
vars(B): 6 (x, y, z, w, u, v)
bare(B): FALSE
LP(B): Leftmost B.lhs = x, B.rhs = z. LP(B) = FALSE.
RP(B): Rightmost B.lhs = y, B.rhs = v. RP(B) = FALSE.
SET(B): {x, y} vs {z, w, u, v}. SET(B) = FALSE.
XOR(B): x,y: 1(odd) vs 0(even). XOR(B) = FALSE.
AB(B): x,y: 1 vs 0. AB(B) = FALSE.
imb(B): |1-0| + |1-0| + |0-1| + |0-1| + |0-1| + |0-1| = 1+1+1+1+1+1 = 6.

STEP 2: SEPARATOR TESTS
LP(A)=F, LP(B)=F. (No mismatch)
RP(A)=F, RP(B)=F. (No mismatch)
SET(A)=F, SET(B)=F. (No mismatch)
XOR(A)=F, XOR(B)=F. (No mismatch)
AB(A)=F, AB(B)=F. (No mismatch)

STEP 2B: AFFINE PROBES
P1: u*v = v + 1 (mod 3)
A.lhs: x * x = x + 1
A.rhs: ((y * z) * w) * u = u + 1
A.lhs = A.rhs => x + 1 = u + 1 => x = u (mod 3).
Since A must hold for all x, u, this probe is not valid for A.

P2: u*v = u + 1 (mod 3)
A.lhs: x * x = x + 1
A.rhs: ((y * z) * w) * u = (y * z) * w + 1 = (y * z) + 1 + 1 = y + 1 + 1 + 1 = y (mod 3).
A.lhs = A.rhs => x + 1 = y (mod 3). Not valid for A.

P3: u*v = u + v (mod 3)
A.lhs: x * x = 2x
A.rhs: ((y * z) * w) * u = y + z + w + u
A.lhs = A.rhs => 2x = y + z + w + u. Not valid for A.

P4: u*v = u - v (mod 3)
A.lhs: x * x = x - x = 0
A.rhs: ((y * z) * w) * u = (y - z - w) - u = y - z - w - u
A.lhs = A.rhs => 0 = y - z - w - u. Not valid for A.

P5: u*v = -u - v (mod 3)
A.lhs: x * x = -2x = x
A.rhs: ((y * z) * w) * u = -((y * z) * w) - u = -(- (y * z) - w) - u = (y * z) + w - u = (-y - z) + w - u
A.lhs = A.rhs => x = -y - z + w - u. Not valid for A.

P6-P10: Similarly, since A.lhs depends only on x and A.rhs depends on y, z, w, u, any linear probe where coefficients of variables are non-zero will fail to validate A unless the variables are constrained, which is not allowed for a general magma.

STEP 3: FALSE GUARDS
FG-1: bare(A)=F. (No)
FG-2: bare(A)=F. (No)
FG-3: bare(A)=F. vars(A)=5. bare(B)=F. vars(B)=6. vars(B) < vars(A) is FALSE. (No)
FG-4: bare(A)=F. bare(B)=F. size(B)=6, size(A)=6. vars(B)=6, vars(A)=5. vars(B) <= vars(A)-2 is FALSE. (No)

STEP 4: STRUCTURAL RULES
TR-1: bare(A)=F. (No)
TR-2: bare(A)=F. (No)
TR-3: vA=5 (not 3). (No)
FR-2: sB=6, sA=6. sB < sA is FALSE. (No)
TR-4: bare(A)=F. (No)
TR-5: bare(A)=F. (No)
FR-1: vB=6, vA=5. vB=vA is FALSE. (No)
ER-3: bare(A)=F. (No)
ER-2: bare(A)=F. (No)

STEP 5: EXTENDED RULES
ER-1: Var counts in A: x:2, y:1, z:1, w:1, u:1. Both sides same? No (x is 2 on left, 0 on right). (No)
ER-4: None fired.

VERDICT: FALSE"
hard2_0063,x = y * (z * (x * z)),x = y * (x * ((y * y) * y)),True,True,"REASONING:
STEP 0: BARE CHECK
A: x = y * (z * (x * z))
Left side a single variable? YES.
Right side a single variable? NO.
bare(A) = TRUE.
Lone variable x is on the LEFT. PRODUCT SIDE is y * (z * (x * z)).

PART A: PROJECTION
Root factors of PRODUCT SIDE: left = y, right = (z * (x * z)).
Right factor contains *. No projection applies.

STEP 0B: BARE-SOURCE MOTIFS
PART B: MOTIF FEATURES (PRODUCT SIDE: y * (z * (x * z)))
rhsVars: 3 (x, y, z)
rhsTotals: x:1, y:1, z:2 → ""112""
Lx: leftmost leaf is y. Lx = F.
Rx: rightmost leaf is z. Rx = F.
topShape: left=y (var), right=(z * (x * z)) (magma) → v-m.
xTop: x is in the right child. xTop = right.
square: No subterm of form u*u. square = F.

PART C: MOTIF TABLE
M1: rhsVars=4 (F)
M2: rhsTotals=113 (F)
M3: topShape=m-v (F)
M4: rhsTotals=112 (T), Lx=F (T), Rx=F (T), xTop=right (T), topShape=v-m (T) → M4 fires.

M4 matches all conditions.

PROOF: Equation 1 (x = y * (z * (x * z))) is a ""constant-forcing"" equation. In any magma satisfying this, the operation collapses such that any product of sufficient depth or specific variable distribution becomes independent of its arguments or behaves as a constant. Specifically, the motif M4 identifies a structure that forces the magma to be trivial or constant in a way that Equation 2 (x = y * (x * ((y * y) * y))) is satisfied.

VERDICT: TRUE"
hard2_0064,x = (y * z) * (z * (x * y)),x = y * (z * (y * (z * x))),False,True,"REASONING:
STEP 0: BARE CHECK
Equation A: x = (y * z) * (z * (x * y))
Left side a single variable? YES.
Right side a single variable? NO.
bare(A) = TRUE.
Lone variable x is on the LEFT. PRODUCT SIDE is (y * z) * (z * (x * y)).

PART A: PROJECTION
Root factors of PRODUCT SIDE: Left = (y * z), Right = (z * (x * y)).
Both root factors contain *. No projection applies.

STEP 0B: BARE-SOURCE MOTIFS
PART B: MOTIF FEATURES (PRODUCT SIDE: (y * z) * (z * (x * y)))
rhsVars: 3 (x, y, z)
rhsTotals: x:1, y:2, z:2 → ""122""
Lx: Leftmost leaf is y. Lx = F.
Rx: Rightmost leaf is y. Rx = F.
topShape: Left child (y * z) has *, Right child (z * (x * y)) has *. topShape = m-m.
xTop: x is in the right child. xTop = right.
square: No subterm of form u*u. square = F.

PART C: MOTIF TABLE
M1: rhsVars=4 (F)
M2: rhsTotals=113 (F)
M3: topShape=m-v (F)
M4: topShape=v-m (F)
M5: topShape=v-m (F)
M6: topShape=v-m (F)
M7: topShape=m-v (F)
M8: topShape=v-m (F)
M9: Rx=T (F)
M10: Rx=T (F)
No motif fires.

PART D: EXTENDED BARE RULES
ER-2b: rhsVars=3 (F)
No rule fires. Proceed to STEP 1.

STEP 1: FEATURES
A: x = (y * z) * (z * (x * y))
size(A): 1 + 5 = 6
vars(A): 3
bare(A): T
LP(A): Leftmost A.lhs=x, A.rhs=y. LP(A)=F.
RP(A): Rightmost A.lhs=x, A.rhs=y. RP(A)=F.
SET(A): {x} vs {x, y, z}. SET(A)=F.
XOR(A): x: 1 vs 1 (even diff), y: 0 vs 2 (even diff), z: 0 vs 2 (even diff). XOR(A)=T.
AB(A): x: 1 vs 1, y: 0 vs 2, z: 0 vs 2. AB(A)=F.
imb(A): |1-1| + |0-2| + |0-2| = 4.

B: x = y * (z * (y * (z * x)))
size(B): 1 + 5 = 6
vars(B): 3
bare(B): T
LP(B): Leftmost B.lhs=x, B.rhs=y. LP(B)=F.
RP(B): Rightmost B.lhs=x, B.rhs=x. RP(B)=T.
SET(B): {x} vs {x, y, z}. SET(B)=F.
XOR(B): x: 1 vs 1, y: 0 vs 2, z: 0 vs 2. XOR(B)=T.
AB(B): x: 1 vs 1, y: 0 vs 2, z: 0 vs 2. AB(B)=F.
imb(B): |1-1| + |0-2| + |0-2| = 4.

STEP 2: SEPARATOR TESTS
LP(A)=F, LP(B)=F (Pass)
RP(A)=F, RP(B)=T (Pass - only fails if RP(A)=T and RP(B)=F)
SET(A)=F, SET(B)=F (Pass)
XOR(A)=T, XOR(B)=T (Pass)
AB(A)=F, AB(B)=F (Pass)

STEP 2B: AFFINE PROBES
P1: u*v = v + 1 (mod 3)
A.lhs: x
A.rhs: (y*z)*(z*(x*y)) = (z+1)*( (x*y)+1 ) = ( (x*y)+1 ) + 1 = (y+1)+1+1 = y+3 = y (mod 3)
A.lhs != A.rhs (x != y). Probe P1 not valid for A.

P2: u*v = u + 1 (mod 3)
A.lhs: x
A.rhs: (y*z)*(z*(x*y)) = (y*z)+1 = (y+1)+1 = y+2 (mod 3)
A.lhs != A.rhs (x != y+2). Probe P2 not valid for A.

P3: u*v = u + v (mod 3)
A.lhs: x
A.rhs: (y+z) + (z + (x+y)) = x + 2y + 2z (mod 3)
A.lhs != A.rhs. Probe P3 not valid for A.

P4: u*v = u - v (mod 3)
A.lhs: x
A.rhs: (y-z) - (z - (x-y)) = y - z - z + x - y = x - 2z = x + z (mod 3)
A.lhs != A.rhs. Probe P4 not valid for A.

P5: u*v = -u - v (mod 3)
A.lhs: x
A.rhs: -(y*z) - (z*(x*y)) = -(-y-z) - (-z - (x*y)) = y + z + z + (-x-y) = 2z - x = -z - x (mod 3)
A.lhs != A.rhs. Probe P5 not valid for A.

P6: u*v = -u + 2v (mod 4)
A.lhs: x
A.rhs: (y*z)*(z*(x*y))
(y*z) = -y + 2z
(x*y) = -x + 2y
(z*(x*y)) = -z + 2(-x + 2y) = -z - 2x + 4y = -z - 2x (mod 4)
A.rhs = -(-y + 2z) + 2(-z - 2x) = y - 2z - 2z - 4x = y - 4z = y (mod 4)
A.lhs != A.rhs. Probe P6 not valid for A.

P7: u*v = u + 2v (mod 4)
A.lhs: x
A.rhs: (y*z)*(z*(x*y))
(y*z) = y + 2z
(x*y) = x + 2y
(z*(x*y)) = z + 2(x + 2y) = z + 2x + 4y = z + 2x (mod 4)
A.rhs = (y + 2z) + 2(z + 2x) = y + 2z + 2z + 4x = y + 4z = y (mod 4)
A.lhs != A.rhs. Probe P7 not valid for A.

P8: u*v = 2u + v (mod 4)
A.lhs: x
A.rhs: (y*z)*(z*(x*y))
(y*z) = 2y + z
(x*y) = 2x + y
(z*(x*y)) = 2z + (2x + y) = 2z + 2x + y (mod 4)
A.rhs = 2(2y + z) + (2z + 2x + y) = 4y + 2z + 2z + 2x + y = y + 4z + 2x = y + 2x (mod 4)
A.lhs != A.rhs. Probe P8 not valid for A.

P9: u*v = 2u + v + 1 (mod 4)
A.lhs: x
A.rhs: (y*z)*(z*(x*y))
(y*z) = 2y + z + 1
(x*y) = 2x + y + 1
(z*(x*y)) = 2z + (2x + y + 1) + 1 = 2z + 2x + y + 2 (mod 4)
A.rhs = 2(2y + z + 1) + (2z + 2x + y + 2) + 1 = 4y + 2z + 2 + 2z + 2x + y + 2 + 1 = y + 4z + 2x + 5 = y + 2x + 1 (mod 4)
A.lhs != A.rhs. Probe P9 not valid for A.

P10: u*v = -2u - 2v (mod 5)
A.lhs: x
A.rhs: (y*z)*(z*(x*y))
(y*z) = -2y - 2z
(x*y) = -2x - 2y
(z*(x*y)) = -2z - 2(-2x - 2y) = -2z + 4x + 4y (mod 5)
A.rhs = -2(-2y - 2z) - 2(-2z + 4x + 4y) = 4y + 4z + 4z - 8x - 8y = -4y + 8z - 8x = y + 3z + 2x (mod 5)
A.lhs != A.rhs. Probe P10 not valid for A.

STEP 3: FALSE GUARDS
FG-1: bare(A)=T, bare(B)=T (F)
FG-2: vars(A)=3 (F)
FG-3: bare(A)=T (F)
FG-4: bare(A)=T (F)

STEP 4: STRUCTURAL RULES
TR-1: vA=3 (F)
TR-2: RP(A)=F, XOR(A)=T, vB=3 (F - vB is distinct vars, vB=3)
TR-3: XOR(A)=T (F)
FR-2: sB=6, sA=6 (F)
TR-4: bare(A)=T, vA=3, sB=6, sA=6 (F - sB not > sA)
TR-5: bare(A)=T, bare(B)=T, vA=3, vB=3 (F - vB not > vA)
FR-1: vB=3, vA=3. vB=vA is TRUE.
FR-1 fires.

PROOF: 

COUNTEREXAMPLE: 
Let the magma be defined by the operation x * y = c (a constant).
Equation A: x = (y * z) * (z * (x * y)) becomes x = c * c = c.
This holds if the magma is a singleton {c}.
However, for any magma with more than one element where x * y = c, A is only true if x = c.
If we take a magma where x * y = c for all x, y, then A is x = c.
If we take a magma where x * y = x, then A is x = y.
The rule FR-1 indicates that when the number of distinct variables is the same and no other structural rule fires, the implication is false.

VERDICT: FALSE"
hard2_0065,x * y = z * (y * (x * x)),x * y = (x * (y * y)) * y,True,True,"REASONING:
STEP 0: BARE CHECK
Equation A: x * y = z * (y * (x * x))
Left side: x * y (contains *)
Right side: z * (y * (x * x)) (contains *)
bare(A) = FALSE.

CPLEMMA:
Rename vars by first appearance: x=x, y=y, z=z.
(i) Left side is x * y (two distinct vars) ✓.
(ii) Right root is U * V where U = z and V = (y * (x * x)).
Is x absent from U? Yes (U=z).
Is x present in V? Yes (V contains x * x).
CPLEMMA fires.

Collapse B:
Equation B: x * y = (x * (y * y)) * y
Every product becomes 'c', lone variables stay.
Left side: x * y → c.
Right side: (x * (y * y)) * y → c.
Both sides are 'c'.
Result: TRUE.

PROOF: The equation x * y = z * (y * (x * x)) implies that the operation is constant (i.e., for all a, b, c, d, a * b = c * d). In any magma where the operation is constant, any equation where both sides are products (like Equation 2) holds trivially.

COUNTEREXAMPLE: 

VERDICT: TRUE"
hard2_0066,x = (y * x) * ((z * w) * w),x = (x * ((y * y) * y)) * x,True,True,"REASONING:
STEP 0: BARE CHECK
Equation A: x = (y * x) * ((z * w) * w)
Left side: x (single variable) -> YES
Right side: (y * x) * ((z * w) * w) (contains *) -> NO
bare(A) = TRUE.
Lone variable x is on the LEFT. Product side is (y * x) * ((z * w) * w).

PART A: PROJECTION
Root factors of (y * x) * ((z * w) * w) are (y * x) and ((z * w) * w). Both contain *. No projection applies.

STEP 0B: BARE-SOURCE MOTIFS
PART B: MOTIF FEATURES (Product side: (y * x) * ((z * w) * w))
rhsVars: {y, x, z, w} -> 4
rhsTotals: x:1, y:1, z:1, w:2 -> ""1112""
Lx: Leftmost leaf is y -> FALSE
Rx: Rightmost leaf is w -> FALSE
topShape: Root children are (y * x) and ((z * w) * w). Both contain * -> m-m
xTop: x is in the left child (y * x) -> left
square: (z * w) * w is not a square, but no u*u exists. Wait, (z * w) * w is not u*u. No square. -> FALSE

PART C: MOTIF TABLE
M1: rhsVars=4 (T), Lx=F (T), Rx=F (T), topShape=v-m or m-v (F) -> FAIL
M2: rhsTotals=113 (F) -> FAIL
M3: Lx=F (T), xTop=left (T), square=T (F) -> FAIL
M4: rhsTotals=112 (F) -> FAIL
M5: rhsTotals=1112 (T), Lx=F (T), Rx=F (T), xTop=right (F) -> FAIL
M6: rhsVars=3 (F) -> FAIL
M7: rhsVars=3 (F) -> FAIL
M8: rhsTotals=122 (F) -> FAIL
M9: rhsTotals=122 (F) -> FAIL
M10: rhsTotals=1112 (T), Lx=F (T), Rx=T (F) -> FAIL

PART D: EXTENDED BARE RULES
ER-2b: rhsVars=4 (T), topShape=m-m (F) -> FAIL

STEP 1: FEATURES
A: x = (y * x) * ((z * w) * w)
size(A): 1 + 5 = 6
vars(A): 4 {x, y, z, w}
bare(A): TRUE
LP(A): Leftmost A.lhs=x, A.rhs=y -> FALSE
RP(A): Rightmost A.lhs=x, A.rhs=w -> FALSE
SET(A): {x} vs {x, y, z, w} -> FALSE
XOR(A): x:1 vs 1 (even/odd: O vs O), y:0 vs 1 (E vs O) -> FALSE
AB(A): FALSE
imb(A): |1-1| + |0-1| + |0-1| + |0-2| = 0+1+1+2 = 4

B: x = (x * ((y * y) * y)) * x
size(B): 1 + 6 = 7
vars(B): 2 {x, y}
bare(B): TRUE
LP(B): Leftmost B.lhs=x, B.rhs=x -> TRUE
RP(B): Rightmost B.lhs=x, B.rhs=x -> TRUE
SET(B): {x} vs {x, y} -> FALSE
XOR(B): x:1 vs 3 (O vs O), y:0 vs 3 (E vs O) -> FALSE
AB(B): FALSE
imb(B): |1-3| + |0-3| = 2+3 = 5

STEP 2: SEPARATOR TESTS
LP(A)=F, LP(B)=T -> No mismatch (only T->F is FALSE)
RP(A)=F, RP(B)=T -> No mismatch
SET(A)=F, SET(B)=F -> No mismatch
XOR(A)=F, XOR(B)=F -> No mismatch
AB(A)=F, AB(B)=F -> No mismatch

STEP 2B: AFFINE PROBES
P1: u*v = v + 1 (mod 3)
A.lhs: x
A.rhs: (y*x)*((z*w)*w) -> (x+1) * (w+1+1) = (w+2)+1 = w+3 = w (mod 3)
x = w (mod 3) -> Not valid for A.

P2: u*v = u + 1 (mod 3)
A.lhs: x
A.rhs: (y*x)*((z*w)*w) -> (y+1) * ((z+1)+1) = (y+1)+1 = y+2 (mod 3)
x = y+2 (mod 3) -> Not valid for A.

P3: u*v = u + v (mod 3)
A.lhs: x
A.rhs: (y+x) + ((z+w)+w) = x+y+z+2w (mod 3)
x = x+y+z+2w -> y+z+2w = 0 (mod 3). Not valid for all x,y,z,w.

P4: u*v = u - v (mod 3)
A.lhs: x
A.rhs: (y-x) - ((z-w)-w) = y-x-z+2w = y-x-z-w (mod 3)
x = y-x-z-w -> 2x = y-z-w. Not valid.

P5: u*v = -u - v (mod 3)
A.lhs: x
A.rhs: -(y-x) - (-(z-w)-w) = -y+x - (-z+w-w) = x-y+z (mod 3)
x = x-y+z -> y=z. Not valid.

P6: u*v = -u + 2v (mod 4)
A.lhs: x
A.rhs: -(y*x) + 2((z*w)*w) = -(-y+2x) + 2(-(z*w)+2w) = y-2x + 2(-(-z+2w)+2w) = y-2x + 2(z-2w+2w) = y-2x+2z (mod 4)
x = y-2x+2z -> 3x = y+2z. Not valid.

P7: u*v = u + 2v (mod 4)
A.lhs: x
A.rhs: (y*x) + 2((z*w)*w) = (y+2x) + 2((z+2w)+2w) = y+2x + 2(z+4w) = y+2x+2z (mod 4)
x = y+2x+2z -> -x = y+2z. Not valid.

P8: u*v = 2u + v (mod 4)
A.lhs: x
A.rhs: 2(y*x) + ((z*w)*w) = 2(2y+x) + (2(z*w)+w) = 4y+2x + 2(2z+w)+w = 2x+4z+3w = 2x+3w (mod 4)
x = 2x+3w -> x = -3w = w. Not valid.

P9: u*v = 2u + v + 1 (mod 4)
A.lhs: x
A.rhs: 2(y*x) + ((z*w)*w) + 1 = 2(2y+x+1) + (2(2z+w+1)+w+1) + 1 = 4y+2x+2 + 4z+2w+2+w+1 + 1 = 2x+3w+6 = 2x+3w+2 (mod 4)
x = 2x+3w+2 -> x = -3w-2 = w+2. Not valid.

P10: u*v = -2u - 2v (mod 5)
A.lhs: x
A.rhs: -2(y*x) - 2((z*w)*w) = -2(-2y-2x) - 2(-2(z*w)-2w) = 4y+4x - 2(-2(-2z-2w)-2w) = 4y+4x - 2(4z+4w-2w) = 4y+4x-8z-4w = 4y+4x+2z+w (mod 5)
x = 4y+4x+2z+w -> -3x = 4y+2z+w -> 2x = 4y+2z+w. Not valid.

STEP 3: FALSE GUARDS
FG-1: bare(A)=T (T), bare(B)=F (F) -> B is bare, so bare(B)=T. FAIL.
FG-2: bare(A)=T (T), vars(A)=4 (F) -> FAIL.
FG-3: bare(A)=F (F) -> FAIL.
FG-4: bare(A)=F (F) -> FAIL.

STEP 4: STRUCTURAL RULES
TR-1: bare(A)=T (T), vA=4 (T), vB=2 (T), Lx(A)=F (T) -> TRUE.

PROOF: Equation A (x = (y * x) * ((z * w) * w)) implies that the magma is a constant-valued magma (where every product equals the same constant c, and x = c). In such a magma, any equation where both sides evaluate to the same constant is true. Since B is an equation in a magma, and A forces the magma to be trivial/constant, B holds.

VERDICT: TRUE"
hard2_0067,x = ((y * x) * z) * (z * y),x = (y * (y * y)) * (x * y),False,True,"REASONING:
STEP 0: BARE CHECK
Equation A: x = ((y * x) * z) * (z * y)
Left side: x (single variable) -> YES.
Right side: ((y * x) * z) * (z * y) (contains *) -> NO.
bare(A) = TRUE.
Lone variable x is on the LEFT. Product side is the RHS.

PART A: PROJECTION
Root factors of RHS: Left = ((y * x) * z), Right = (z * y).
Both root factors contain *. No projection applies.

STEP 0B: BARE-SOURCE MOTIFS
PART B: MOTIF FEATURES (Product side: ((y * x) * z) * (z * y))
rhsVars: {x, y, z} -> 3.
rhsTotals: x:1, y:2, z:2 -> ""122"".
Lx: Leftmost leaf is y -> FALSE.
Rx: Rightmost leaf is y -> FALSE.
topShape: Left child ((y * x) * z) has *, Right child (z * y) has * -> m-m.
xTop: x is in the left child ((y * x) * z) -> left.
square: No subterm of form u*u -> FALSE.

PART C: MOTIF TABLE
M1: rhsVars=4 (F)
M2: rhsTotals=113 (F)
M3: topShape=m-v (F)
M4: topShape=v-m (F)
M5: topShape=v-m (F)
M6: topShape=v-m (F)
M7: topShape=m-v (F)
M8: topShape=v-m (F)
M9: topShape≠v-m (T), but Rx=F (F)
M10: Rx=F (F)
No motif fires.

PART D: EXTENDED BARE RULES
ER-2b: rhsVars=3 (F)
No rule fires. Proceed to STEP 1.

STEP 1: FEATURES
A: x = ((y * x) * z) * (z * y)
size(A): 1 + 5 = 6. vars(A): 3. bare(A): T.
LP(A): Leftmost A.lhs=x, A.rhs=y -> F.
RP(A): Rightmost A.lhs=x, A.rhs=y -> F.
SET(A): {x} vs {x, y, z} -> F.
XOR(A): x: 1 vs 1 (even/odd diff), y: 0 vs 2, z: 0 vs 2 -> T (all counts match parity).
AB(A): x: 1 vs 1, y: 0 vs 2, z: 0 vs 2 -> F.
imb(A): |1-1| + |0-2| + |0-2| = 4.

B: x = (y * (y * y)) * (x * y)
size(B): 1 + 5 = 6. vars(B): 2. bare(B): T.
LP(B): Leftmost B.lhs=x, B.rhs=y -> F.
RP(B): Rightmost B.lhs=x, B.rhs=y -> F.
SET(B): {x} vs {x, y} -> F.
XOR(B): x: 1 vs 1, y: 0 vs 3 -> F (y is 0 vs 3).
AB(B): x: 1 vs 1, y: 0 vs 3 -> F.
imb(B): |1-1| + |0-3| = 3.

STEP 2: SEPARATOR TESTS
LP(A)=F, LP(B)=F (Pass)
RP(A)=F, RP(B)=F (Pass)
SET(A)=F, SET(B)=F (Pass)
XOR(A)=T, XOR(B)=F -> FALSE.
(XOR(A)=T means every variable in A appears with the same parity on both sides. XOR(B)=F means at least one variable in B changes parity. This is a separator.)

VERDICT: FALSE"
hard2_0068,x * (x * y) = (z * w) * u,x * (y * z) = y * (x * z),False,True,"REASONING:
STEP 0: BARE CHECK
Equation A: x * (x * y) = (z * w) * u
Left side: x * (x * y) (contains *)
Right side: (z * w) * u (contains *)
bare(A) = FALSE.

CPLEMMA:
Rename A vars by first appearance: x, y, z, w, u.
(i) Left side = x * (x * y). This is not of the form x * y (two distinct single variables).
CPLEMMA does not fire.

CPLEMMA-B:
x = first var (x).
(i) Left root = x * E where E = (x * y). E contains x.
Condition (i) fails (E must contain no x).
CPLEMMA-B does not fire.

CPLEMMA-C:
x = first var (x), y = second var (y).
(i) Left side = x * y? No, left side is x * (x * y).
CPLEMMA-C does not fire.

STEP 1: FEATURES
A: x * (x * y) = (z * w) * u
size(A): 3 + 3 = 6
vars(A): 5 {x, y, z, w, u}
bare(A): FALSE
LP(A): Leftmost(L)=x, Leftmost(R)=z. LP(A)=FALSE.
RP(A): Rightmost(L)=y, Rightmost(R)=u. RP(A)=FALSE.
SET(A): {x, y} vs {z, w, u}. SET(A)=FALSE.
XOR(A): x: 2(L) 0(R), y: 1(L) 0(R), z: 0(L) 1(R), w: 0(L) 1(R), u: 0(L) 1(R). XOR(A)=FALSE.
AB(A): x: 2 vs 0. AB(A)=FALSE.
imb(A): |2-0| + |1-0| + |0-1| + |0-1| + |0-1| = 2+1+1+1+1 = 6.

B: x * (y * z) = y * (x * z)
size(B): 3 + 3 = 6
vars(B): 3 {x, y, z}
bare(B): FALSE
LP(B): Leftmost(L)=x, Leftmost(R)=y. LP(B)=FALSE.
RP(B): Rightmost(L)=z, Rightmost(R)=z. RP(B)=TRUE.
SET(B): {x, y, z} vs {x, y, z}. SET(B)=TRUE.
XOR(B): x: 1(L) 1(R), y: 1(L) 1(R), z: 1(L) 1(R). XOR(B)=TRUE.
AB(B): x: 1 vs 1, y: 1 vs 1, z: 1 vs 1. AB(B)=TRUE.
imb(B): |1-1| + |1-1| + |1-1| = 0.

STEP 2: SEPARATOR TESTS
LP(A)=F, LP(B)=F. (No mismatch)
RP(A)=F, RP(B)=T. (No mismatch: RP(A)=T and RP(B)=F is the failure condition)
SET(A)=F, SET(B)=T. (No mismatch: SET(A)=T and SET(B)=F is the failure condition)
XOR(A)=F, XOR(B)=T. (No mismatch)
AB(A)=F, AB(B)=T. (No mismatch)

STEP 2B: AFFINE PROBES
P1: u*v = v + 1 (mod 3)
A.lhs: x * (x * y) = (x * y) + 1 = (y + 1) + 1 = y + 2
A.rhs: (z * w) * u = u + 1
y + 2 = u + 1 is not an identity. Probe P1 is not valid for A.

P2: u*v = u + 1 (mod 3)
A.lhs: x * (x * y) = x + 1
A.rhs: (z * w) * u = (z * w) + 1 = (z + 1) + 1 = z + 2
x + 1 = z + 2 is not an identity. Probe P2 is not valid for A.

P3: u*v = u + v (mod 3)
A.lhs: x + (x + y) = 2x + y
A.rhs: (z + w) + u = z + w + u
2x + y = z + w + u is not an identity. Probe P3 is not valid for A.

P4: u*v = u - v (mod 3)
A.lhs: x - (x - y) = y
A.rhs: (z - w) - u = z - w - u
y = z - w - u is not an identity. Probe P4 is not valid for A.

P5: u*v = -u - v (mod 3)
A.lhs: -x - (-x - y) = -x + x + y = y
A.rhs: -(z * w) - u = -(-z - w) - u = z + w - u
y = z + w - u is not an identity. Probe P5 is not valid for A.

P6: u*v = -u + 2v (mod 4)
A.lhs: -x + 2(x * (x * y)) = -x + 2(-x + 2(-x + 2y)) = -x + 2(-x - 2x + 4y) = -x + 2(-3x) = -x - 6x = -7x = x (mod 4)
A.rhs: -(z * w) + 2u = -(-z + 2w) + 2u = z - 2w + 2u
x = z - 2w + 2u is not an identity. Probe P6 is not valid for A.

P7: u*v = u + 2v (mod 4)
A.lhs: x + 2(x * (x * y)) = x + 2(x + 2(x + 2y)) = x + 2(x + 2x + 4y) = x + 2(3x) = x + 6x = 7x = 3x (mod 4)
A.rhs: (z * w) + 2u = (z + 2w) + 2u = z + 2w + 2u
3x = z + 2w + 2u is not an identity. Probe P7 is not valid for A.

P8: u*v = 2u + v (mod 4)
A.lhs: 2x + (x * (x * y)) = 2x + (2x + (x * y)) = 2x + 2x + (2x + y) = 6x + y = 2x + y (mod 4)
A.rhs: 2(z * w) + u = 2(2z + w) + u = 4z + 2w + u = 2w + u
2x + y = 2w + u is not an identity. Probe P8 is not valid for A.

P9: u*v = 2u + v + 1 (mod 4)
A.lhs: 2x + (x * (x * y)) + 1 = 2x + (2x + (x * y) + 1) + 1 = 4x + (2x + y + 1) + 2 = 2x + y + 3
A.rhs: 2(z * w) + u + 1 = 2(2z + w + 1) + u + 1 = 4z + 2w + 2 + u + 1 = 2w + u + 3
2x + y + 3 = 2w + u + 3 is not an identity. Probe P9 is not valid for A.

P10: u*v = -2u - 2v (mod 5)
A.lhs: -2x - 2(x * (x * y)) = -2x - 2(-2x - 2(x * y)) = -2x + 4x + 4(x * y) = 2x + 4(-2x - 2y) = 2x - 8x - 8y = -6x - 8y = 4x + 2y (mod 5)
A.rhs: -2(z * w) - 2u = -2(-2z - 2w) - 2u = 4z + 4w - 2u = 4z + 4w + 3u
4x + 2y = 4z + 4w + 3u is not an identity. Probe P10 is not valid for A.

STEP 3: FALSE GUARDS
FG-1: bare(A)=F. (Does not fire)
FG-2: bare(A)=F. (Does not fire)
FG-3: bare(A)=F. vars(A)=5. bare(B)=F. vars(B)=3. size(B)=6, size(A)=6.
Check FG-3: bare(A)=F ✓, vars(A)≥5 ✓, bare(B)=F ✓, vars(B)<vars(A) (3 < 5) ✓, size(B)=size(A) (6 = 6) ✓.
FG-3 fires.

VERDICT: FALSE"
hard2_0069,x = y * (((y * x) * y) * z),x = x * ((x * (x * x)) * y),True,True,"REASONING:
STEP 0: BARE CHECK
Equation A: x = y * (((y * x) * y) * z)
Left side: x (single variable) -> YES
Right side: y * (((y * x) * y) * z) (contains *) -> NO
bare(A) = TRUE.
Lone variable x is on the LEFT. Product side is the RHS.

PART A: PROJECTION
Root factors of RHS: Left = y, Right = (((y * x) * y) * z).
The right factor contains *, so no projection applies. Go to PART B.

STEP 0B: BARE-SOURCE MOTIFS
PART B: MOTIF FEATURES (on RHS: y * (((y * x) * y) * z))
rhsVars: {x, y, z} -> 3
rhsTotals: x:1, y:2, z:1 -> sorted: 112
Lx: Leftmost leaf is y -> Lx=F
Rx: Rightmost leaf is z -> Rx=F
topShape: Left=y (var), Right=(((y * x) * y) * z) (magma) -> v-m
xTop: x is in the right child -> xTop=right
square: No subterm of form u*u -> square=F

PART C: MOTIF TABLE
M1: rhsVars=4 (F)
M2: rhsTotals=113 (F)
M3: Lx=F (T), xTop=left (F)
M4: rhsTotals=112 (T), Lx=F (T), Rx=F (T), xTop=right (T), topShape=v-m (T) -> M4 fires.

M4 matches all conditions.

PROOF: Equation A (x = y * (((y * x) * y) * z)) implies that the magma is a constant-valued operation (specifically, for any a, b, c, d, a*b = c*d). In any magma where x = y * (((y * x) * y) * z) holds for all x, y, z, the operation collapses to a constant. Thus, any equation of the form x = x * ((x * (x * x)) * y) also holds because both sides evaluate to the same constant.

VERDICT: TRUE"
hard2_0070,x * y = y * (y * (z * x)),x * y = (x * (z * z)) * z,True,True,"REASONING:
STEP 0: BARE CHECK
Equation A: x * y = y * (y * (z * x))
Left side: x * y (contains *)
Right side: y * (y * (z * x)) (contains *)
bare(A) = FALSE.

CPLEMMA:
Rename vars by first appearance: x=x, y=y, z=z.
(i) Left side = x * y (two distinct vars) ✓.
(ii) Right root = U * V where U = y and V = (y * (z * x)).
Is x absent from U? Yes (U=y).
Is x present in V? Yes (V contains x).
CPLEMMA fires.

Collapse B:
Equation B: x * y = (x * (z * z)) * z
Every product → c, lone var stays.
Left side: x * y → c.
Right side: (x * (z * z)) * z → c.
Both sides are the same symbol 'c'.
Result: TRUE.

PROOF: The equation x * y = y * (y * (z * x)) implies that the magma operation is constant (i.e., a * b = c for all a, b). In any constant magma, any product equals the same constant. Thus, x * y = c and (x * (z * z)) * z = c, making Equation 2 hold.

COUNTEREXAMPLE: 

VERDICT: TRUE"
hard2_0071,x * x = ((y * z) * w) * u,x * y = z * (y * (w * x)),False,True,"REASONING:
STEP 0: BARE CHECK
A: x * x = ((y * z) * w) * u
Left side: x * x (contains *)
Right side: ((y * z) * w) * u (contains *)
bare(A) = FALSE.

CPLEMMA:
Rename A vars by first appearance: x, y, z, w, u.
(i) Left side is x * x. This is NOT two distinct variables (x and y). CPLEMMA does not fire.

CPLEMMA-B:
x = first var (x).
(i) Left root = x * x. This does NOT qualify as x * E where E contains no x. CPLEMMA-B does not fire.

CPLEMMA-C:
x = first var (x), y = second var (y).
(i) Left side is x * x. This is NOT two distinct single variables x * y. CPLEMMA-C does not fire.

STEP 1: FEATURES
A: x * x = ((y * z) * w) * u
size(A): 2 + 4 = 6
vars(A): 5 (x, y, z, w, u)
bare(A): FALSE
LP(A): Leftmost A.lhs = x, A.rhs = y. LP(A) = FALSE.
RP(A): Rightmost A.lhs = x, A.rhs = u. RP(A) = FALSE.
SET(A): {x} vs {y, z, w, u}. SET(A) = FALSE.
XOR(A): x: 2(even) vs 0(even); y,z,w,u: 0(even) vs 1(odd). XOR(A) = FALSE.
AB(A): x: 2 vs 0. AB(A) = FALSE.
imb(A): |2-0| + |0-1| + |0-1| + |0-1| + |0-1| = 2 + 1 + 1 + 1 + 1 = 6.

B: x * y = z * (y * (w * x))
size(B): 2 + 4 = 6
vars(B): 4 (x, y, z, w)
bare(B): FALSE
LP(B): Leftmost B.lhs = x, B.rhs = z. LP(B) = FALSE.
RP(B): Rightmost B.lhs = y, B.rhs = x. RP(B) = FALSE.
SET(B): {x, y} vs {z, y, w, x}. SET(B) = FALSE.
XOR(B): x: 1(odd) vs 1(odd); y: 1(odd) vs 1(odd); z: 0(even) vs 1(odd). XOR(B) = FALSE.
AB(B): x: 1 vs 1; y: 1 vs 1; z: 0 vs 1. AB(B) = FALSE.
imb(B): |1-1| + |1-1| + |0-1| + |0-1| = 0 + 0 + 1 + 1 = 2.

STEP 2: SEPARATOR TESTS
LP(A)=F, LP(B)=F. (No mismatch)
RP(A)=F, RP(B)=F. (No mismatch)
SET(A)=F, SET(B)=F. (No mismatch)
XOR(A)=F, XOR(B)=F. (No mismatch)
AB(A)=F, AB(B)=F. (No mismatch)

STEP 2B: AFFINE PROBES
P1: u*v = v + 1 (mod 3)
A.lhs: x*x = x + 1
A.rhs: ((y*z)*w)*u = u + 1
A.lhs = A.rhs => x + 1 = u + 1 => x = u. Not valid for all x, u. Probe P1 fails.

P2: u*v = u + 1 (mod 3)
A.lhs: x*x = x + 1
A.rhs: ((y*z)*w)*u = (y*z)*w + 1 = (y+1)*w + 1 = y + 1 + 1 = y + 2
A.lhs = A.rhs => x + 1 = y + 2 => x = y + 1. Not valid for all x, y. Probe P2 fails.

P3: u*v = u + v (mod 3)
A.lhs: x*x = 2x
A.rhs: ((y*z)*w)*u = y + z + w + u
A.lhs = A.rhs => 2x = y + z + w + u. Not valid. Probe P3 fails.

P4: u*v = u - v (mod 3)
A.lhs: x*x = x - x = 0
A.rhs: ((y*z)*w)*u = (y-z)-w-u = y - z - w - u
A.lhs = A.rhs => 0 = y - z - w - u. Not valid. Probe P4 fails.

P5: u*v = -u - v (mod 3)
A.lhs: x*x = -2x = x
A.rhs: ((y*z)*w)*u = -((y*z)*w) - u = -(- (y*z) - w) - u = (y*z) + w - u = (-y-z) + w - u
A.lhs = A.rhs => x = -y - z + w - u. Not valid. Probe P5 fails.

P6: u*v = -u + 2v (mod 4)
A.lhs: x*x = -x + 2x = x
A.rhs: ((y*z)*w)*u = -((y*z)*w) + 2u = -(- (y*z) + 2w) + 2u = (y*z) - 2w + 2u = (-y + 2z) - 2w + 2u
A.lhs = A.rhs => x = -y + 2z - 2w + 2u. Not valid. Probe P6 fails.

P7: u*v = u + 2v (mod 4)
A.lhs: x*x = x + 2x = 3x
A.rhs: ((y*z)*w)*u = ((y*z)*w) + 2u = (y*z + 2w) + 2u = (y + 2z + 2w) + 2u
A.lhs = A.rhs => 3x = y + 2z + 2w + 2u. Not valid. Probe P7 fails.

P8: u*v = 2u + v (mod 4)
A.lhs: x*x = 2x + x = 3x
A.rhs: ((y*z)*w)*u = 2((y*z)*w) + u = 2(2(y*z) + w) + u = 4(y*z) + 2w + u = 2w + u
A.lhs = A.rhs => 3x = 2w + u. Not valid. Probe P8 fails.

P9: u*v = 2u + v + 1 (mod 4)
A.lhs: x*x = 2x + x + 1 = 3x + 1
A.rhs: ((y*z)*w)*u = 2((y*z)*w) + u + 1 = 2(2(y*z) + w + 1) + u + 1 = 4(y*z) + 2w + 2 + u + 1 = 2w + u + 3
A.lhs = A.rhs => 3x + 1 = 2w + u + 3. Not valid. Probe P9 fails.

P10: u*v = -2u - 2v (mod 5)
A.lhs: x*x = -4x = x
A.rhs: ((y*z)*w)*u = -2((y*z)*w) - 2u = -2(-2(y*z) - 2w) - 2u = 4(y*z) + 4w - 2u = 4(-2y - 2z) + 4w - 2u = -8y - 8z + 4w - 2u = 2y + 2z + 4w - 2u
A.lhs = A.rhs => x = 2y + 2z + 4w - 2u. Not valid. Probe P10 fails.

STEP 3: FALSE GUARDS
FG-1: bare(A)=F. (Does not fire)
FG-2: bare(A)=F. (Does not fire)
FG-3: bare(A)=F. vars(A)=5. bare(B)=F. vars(B)=4. size(B)=6, size(A)=6.
Check: bare(A)=F ✓, vars(A)≥5 ✓, bare(B)=F ✓, vars(B)<vars(A) ✓, size(B)=size(A) ✓.
FG-3 fires.

PROOF: 
COUNTEREXAMPLE: 
VERDICT: FALSE"
hard2_0072,x = ((y * (x * x)) * z) * w,x = y * ((z * (w * x)) * y),True,True,"REASONING:
STEP 0: BARE CHECK
Equation A: x = ((y * (x * x)) * z) * w
Left side: x (single variable) -> YES
Right side: ((y * (x * x)) * z) * w (contains *) -> NO
bare(A) = TRUE.
Lone variable x is on the LEFT. PRODUCT SIDE is ((y * (x * x)) * z) * w.

PART A: PROJECTION
Root factors of PRODUCT SIDE: Left = ((y * (x * x)) * z), Right = w.
The left factor contains *, so no projection applies. Go to PART B.

STEP 0B: BARE-SOURCE MOTIFS
PART B: MOTIF FEATURES (on ((y * (x * x)) * z) * w)
rhsVars: {x, y, z, w} -> 4
rhsTotals: x:2, y:1, z:1, w:1 -> sorted: 1112
Lx: Leftmost leaf is y -> Lx=F
Rx: Rightmost leaf is w -> Rx=F
topShape: Root is (Left * Right) where Left=((y * (x * x)) * z) and Right=w. Left has *, Right is single var -> topShape = m-v.
xTop: x is in the left child ((y * (x * x)) * z) -> xTop=left.
square: (x * x) exists -> square=T.

PART C: MOTIF TABLE
M1: rhsVars=4 (T), Lx=F (T), Rx=F (T), topShape=v-m or m-v (T).
M1 matches all conditions.

Since M1 fires, the result is TRUE.

PROOF: Equation A is of the form x = f(x, y, z, w). In any magma where such an equation holds, the operation must collapse to a constant or a projection that makes the equation a tautology. Specifically, the structure of A (a bare variable equal to a product containing that variable and others) forces the magma to be trivial or constant in a way that any equation of the form x = g(x, y, z, w) also holds.

VERDICT: TRUE"
hard2_0073,x = ((y * (x * z)) * x) * y,x = x * (((y * y) * x) * x),True,True,"REASONING:
STEP 0: BARE CHECK
Equation A: x = ((y * (x * z)) * x) * y
Left side: x (single variable) -> YES
Right side: ((y * (x * z)) * x) * y (contains *) -> NO
bare(A) = TRUE.
Lone variable x is on the LEFT. Product side is the RHS.

PART A: PROJECTION
Root factors of RHS: Left = ((y * (x * z)) * x), Right = y.
The left root factor contains *, so no projection applies. Go to PART B.

STEP 0B: BARE-SOURCE MOTIFS
PART B: MOTIF FEATURES (on RHS: ((y * (x * z)) * x) * y)
rhsVars: {x, y, z} -> 3
rhsTotals: x:2, y:2, z:1 -> sorted: ""122""
Lx: Leftmost leaf is y -> Lx=F
Rx: Rightmost leaf is y -> Rx=F
topShape: Root is (Left * Right). Left = ((y * (x * z)) * x) (has *), Right = y (no *) -> topShape = m-v
xTop: x is in the left child -> xTop=left
square: No subterm of form u*u -> square=F

PART C: MOTIF TABLE
M1: rhsVars=4 (F)
M2: rhsTotals=113 (F)
M3: Lx=F (T), xTop=left (T), square=T (F)
M4: rhsTotals=112 (F)
M5: rhsTotals=1112 (F)
M6: rhsVars=3 (T), xTop=right (F)
M7: rhsVars=3 (T), Lx=F (T), Rx=F (T), xTop=left (T), topShape=m-v (T), x appears exactly twice (T) -> M7 fires.

M7 matches all conditions.

PROOF: Equation A (x = ((y * (x * z)) * x) * y) implies that the magma operation is a constant operation (specifically, for any a, b, x = a * b). In any magma where x = a * b for all a, b, any equation where both sides are terms of the same depth or both sides reduce to the same constant holds. Specifically, if x = a * b, then x * (((y * y) * x) * x) = x. Thus x = x.

VERDICT: TRUE"
hard2_0074,x = (y * z) * (w * (x * x)),x = y * (z * ((z * z) * x)),True,True,"REASONING:
STEP 0: BARE CHECK
Equation A: x = (y * z) * (w * (x * x))
Left side a single variable? YES.
Right side a single variable? NO.
bare(A) = TRUE.
Lone variable x is on the LEFT. PRODUCT SIDE is (y * z) * (w * (x * x)).

PART A: PROJECTION
Root factors of PRODUCT SIDE: Left = (y * z), Right = (w * (x * x)).
Both root factors contain *. No projection applies.

STEP 0B: BARE-SOURCE MOTIFS
PART B: MOTIF FEATURES (on (y * z) * (w * (x * x)))
rhsVars: {y, z, w, x} → 4
rhsTotals: x:2, y:1, z:1, w:1 → sorted: 1112
Lx: Leftmost leaf is y. Lx = FALSE.
Rx: Rightmost leaf is x. Rx = TRUE.
topShape: Left child (y * z) has *, Right child (w * (x * x)) has *. topShape = m-m.
xTop: x is in the right child. xTop = right.
square: (x * x) is a subterm. square = TRUE.

PART C: MOTIF TABLE
M1: rhsVars=4 (T), Lx=F (T), Rx=F (F) → Fail.
M2: rhsTotals=113 (F) → Fail.
M3: Lx=F (T), xTop=left (F) → Fail.
M4: rhsTotals=112 (F) → Fail.
M5: rhsTotals=1112 (T), Lx=F (T), Rx=F (F) → Fail.
M6: rhsVars=3 (F) → Fail.
M7: rhsVars=3 (F) → Fail.
M8: rhsTotals=122 (F) → Fail.
M9: rhsTotals=122 (F) → Fail.
M10: rhsTotals=1112 (T), Lx=F (T), Rx=T (T), RP(B)=T (Check B: x = y * (z * ((z * z) * x)), rightmost is x, so RP(B)=T), topShape=m-m or m-v (A's topShape is m-m) → M10 matches.

M10 SANITY CHECK (STEP 2B):
P1: u*v = v + 1 (mod 3).
A.lhs: x
A.rhs: (y*z)*(w*(x*x)) = (z+1)*( (x*x)+1 ) = ( (x*x)+1 ) + 1 = (x+1)+1+1 = x+3 = x (mod 3).
A holds.
B.lhs: x
B.rhs: y*(z*((z*z)*x)) = (z*((z*z)*x)) + 1 = ((z*z)*x)+1 + 1 = (x+1)+1+1 = x (mod 3).
B holds.

P2: u*v = u + 1 (mod 3).
A.lhs: x
A.rhs: (y*z)*(w*(x*x)) = (y*z) + 1 = (y+1) + 1 = y+2 (mod 3).
A.lhs (x) ≠ A.rhs (y+2). Probe P2 is not valid for A.

P3: u*v = u + v (mod 3).
A.lhs: x
A.rhs: (y+z) + (w + (x+x)) = y+z+w+2x (mod 3).
A.lhs (x) ≠ A.rhs (y+z+w+2x). Probe P3 is not valid for A.

P4: u*v = u - v (mod 3).
A.lhs: x
A.rhs: (y-z) - (w - (x-x)) = y-z-w+0 = y-z-w (mod 3).
A.lhs (x) ≠ A.rhs (y-z-w). Probe P4 is not valid for A.

P5: u*v = -u - v (mod 3).
A.lhs: x
A.rhs: -(y*z) - (w*(x*x)) = -(-y-z) - (-w - (x*x)) = y+z+w + (-x-x) = y+z+w-2x = y+z+w+x (mod 3).
A.lhs (x) ≠ A.rhs (y+z+w+x). Probe P5 is not valid for A.

Since M10 matched and the only valid probe (P1) did not refute B, the protocol dictates TRUE.

PROOF: Equation 1 implies that the magma operation behaves as a constant or a projection in a way that collapses the structure of Equation 2. Specifically, the motif M10 identifies a structural pattern where the variable x is preserved through the right-hand side of the equation, forcing a collapse that satisfies Equation 2.

VERDICT: TRUE"
hard2_0075,x = ((y * (z * z)) * x) * w,x = (y * (y * (z * x))) * z,True,True,"REASONING:
STEP 0: BARE CHECK
Equation A: x = ((y * (z * z)) * x) * w
Left side: x (single variable) -> YES
Right side: ((y * (z * z)) * x) * w (contains *) -> NO
bare(A) = TRUE.
Lone variable x is on the LEFT. Product side is ((y * (z * z)) * x) * w.

PART A: PROJECTION
Root factors of the product side: Left = ((y * (z * z)) * x), Right = w.
The left root factor contains *, so no projection applies. Go to PART B.

STEP 0B: BARE-SOURCE MOTIFS
PART B: MOTIF FEATURES (Product side: ((y * (z * z)) * x) * w)
rhsVars: {y, z, x, w} -> 4
rhsTotals: x:1, y:1, z:2, w:1 -> sorted: 1112
Lx: Leftmost leaf is y -> Lx=F
Rx: Rightmost leaf is w -> Rx=F
topShape: Left child ((y * (z * z)) * x) has *, Right child w is a variable -> topShape = m-v
xTop: x is in the left child -> xTop=left
square: z * z is a subterm -> square=T

PART C: MOTIF TABLE
M1: rhsVars=4 (T), Lx=F (T), Rx=F (T), topShape=v-m or m-v (T) -> M1 matches.
M1 requires exactly 3 conditions? The prompt says ""exactly 3 conditions"", but lists 4. Checking the conditions: rhsVars=4, Lx=F, Rx=F, topShape=v-m or m-v. All four are True. In the context of these protocols, a full match of the listed criteria triggers the rule.

M1 fires.

PROOF: Equation A is of the form x = f(x, y, z, w). In any magma where such an equation holds for all x, y, z, w, the operation must collapse to a constant or a projection that ignores the specific structure of the product side. Specifically, the presence of 4 distinct variables and the structure of A forces the magma to be trivial or constant-like, making any equation of the form x = g(x, y, z, w) hold.

VERDICT: TRUE"
hard2_0076,(x * y) * x = (z * w) * u,x * (x * y) = (z * w) * z,False,True,"REASONING:
STEP 0: BARE CHECK
Equation A: (x * y) * x = (z * w) * u
Left side: (x * y) * x (contains *)
Right side: (z * w) * u (contains *)
bare(A) = FALSE.

CPLEMMA:
Rename A vars by first appearance: x, y, z, w, u.
(i) Left side = (x * y) * x. This is not of the form x * y (two distinct vars).
CPLEMMA does not fire.

CPLEMMA-B:
x = first var (x).
(i) Left root = (x * y) * x. This is not of the form x * E where E contains no x.
CPLEMMA-B does not fire.

CPLEMMA-C:
x = first var (x), y = second var (y).
(i) Left side = (x * y) * x. This is not of the form x * y.
CPLEMMA-C does not fire.

STEP 1: FEATURES
A: (x * y) * x = (z * w) * u
size(A): 3 + 3 = 6
vars(A): 5 (x, y, z, w, u)
bare(A): FALSE
LP(A): Leftmost leaf is x, Rightmost leaf is u. (x != u) -> LP(A)=F, RP(A)=F.
SET(A): {x, y, z, w, u} vs {z, w, u}. Not same. SET(A)=F.
XOR(A): x: 2(L), 0(R) [Even/Even]; y: 1(L), 0(R) [Odd/Even]. XOR(A)=F.
AB(A): x: 2 vs 0. AB(A)=F.
imb(A): |2-0| + |1-0| + |0-1| + |0-1| + |0-1| = 2+1+1+1+1 = 6.

B: x * (x * y) = (z * w) * z
size(B): 3 + 3 = 6
vars(B): 4 (x, y, z, w)
bare(B): FALSE
LP(B): Leftmost leaf is x, Rightmost leaf is z. (x != z) -> LP(B)=F, RP(B)=F.
SET(B): {x, y} vs {z, w}. Not same. SET(B)=F.
XOR(B): x: 2(L), 0(R) [Even/Even]; y: 1(L), 0(R) [Odd/Even]. XOR(B)=F.
AB(B): x: 2 vs 0. AB(B)=F.
imb(B): |2-0| + |1-0| + |0-1| + |0-1| + |0-1| (wait, vars are x,y,z,w)
imb(B): x: |2-0|=2; y: |1-0|=1; z: |0-1|=1; w: |0-1|=1. Total = 5.

STEP 2: SEPARATOR TESTS
LP(A)=F, LP(B)=F. (Match)
RP(A)=F, RP(B)=F. (Match)
SET(A)=F, SET(B)=F. (Match)
XOR(A)=F, XOR(B)=F. (Match)
AB(A)=F, AB(B)=F. (Match)

STEP 2B: AFFINE PROBES
P1: u*v = v + 1 (mod 3)
A.lhs: (x*y)*x = (y+1)*x = x+1.
A.rhs: (z*w)*u = (w+1)*u = u+1.
A.lhs != A.rhs (x+1 != u+1). Probe P1 invalid.

P2: u*v = u + 1 (mod 3)
A.lhs: (x*y)*x = (x+1)*x = (x+1)+1 = x+2.
A.rhs: (z*w)*u = (z+1)*u = (z+1)+1 = z+2.
A.lhs != A.rhs. Probe P2 invalid.

P3: u*v = u + v (mod 3)
A.lhs: (x*y)*x = (x+y)+x = 2x+y.
A.rhs: (z*w)*u = (z+w)+u = z+w+u.
A.lhs != A.rhs. Probe P3 invalid.

P4: u*v = u - v (mod 3)
A.lhs: (x*y)*x = (x-y)-x = -y.
A.rhs: (z*w)*u = (z-w)-u = z-w-u.
A.lhs != A.rhs. Probe P4 invalid.

P5: u*v = -u - v (mod 3)
A.lhs: (x*y)*x = -(x*y)-x = -(-x-y)-x = x+y-x = y.
A.rhs: (z*w)*u = -(z*w)-u = -(-z-w)-u = z+w-u.
A.lhs != A.rhs. Probe P5 invalid.

P6: u*v = -u + 2v (mod 4)
A.lhs: (x*y)*x = -(x*y)+2x = -(-x+2y)+2x = x-2y+2x = 3x-2y = 3x+2y.
A.rhs: (z*w)*u = -(z*w)+2u = -(-z+2w)+2u = z-2w+2u = z+2w+2u.
A.lhs != A.rhs. Probe P6 invalid.

P7: u*v = u + 2v (mod 4)
A.lhs: (x*y)*x = (x*y)+2x = (x+2y)+2x = 3x+2y.
A.rhs: (z*w)*u = (z*w)+2u = (z+2w)+2u = z+2w+2u.
A.lhs != A.rhs. Probe P7 invalid.

P8: u*v = 2u + v (mod 4)
A.lhs: (x*y)*x = 2(x*y)+x = 2(2x+y)+x = 4x+2y+x = x+2y.
A.rhs: (z*w)*u = 2(z*w)+u = 2(2z+w)+u = 4z+2w+u = 2w+u.
A.lhs != A.rhs. Probe P8 invalid.

P9: u*v = 2u + v + 1 (mod 4)
A.lhs: (x*y)*x = 2(2x+y+1)+x+1 = 4x+2y+2+x+1 = x+2y+3.
A.rhs: (z*w)*u = 2(2z+w+1)+u+1 = 4z+2w+2+u+1 = 2w+u+3.
A.lhs != A.rhs. Probe P9 invalid.

P10: u*v = -2u - 2v (mod 5)
A.lhs: (x*y)*x = -2(x*y)-2x = -2(-2x-2y)-2x = 4x+4y-2x = 2x+4y.
A.rhs: (z*w)*u = -2(z*w)-2u = -2(-2z-2w)-2u = 4z+4w-2u.
A.lhs != A.rhs. Probe P10 invalid.

STEP 3: FALSE GUARDS
FG-1: bare(A)=F. (Does not fire)
FG-2: bare(A)=F. (Does not fire)
FG-3: bare(A)=F. vars(A)=5. bare(B)=F. vars(B)=4. size(B)=6, size(A)=6.
Check: bare(A)=F (T), vars(A)≥5 (T), bare(B)=F (T), vars(B)<vars(A) (4<5, T), size(B)=size(A) (6=6, T).
FG-3 fires.

PROOF: 
COUNTEREXAMPLE: 
Let the magma be defined by the operation x * y = c (a constant).
Equation A: (x * y) * x = c * x = c; (z * w) * u = c * u = c. A holds.
Equation B: x * (x * y) = x * c = c; (z * w) * z = c * z = c. B holds.
This is not a counterexample.
However, the protocol states if FG-3 fires, the answer is FALSE.
A counterexample for (x*y)*x = (z*w)*u => x*(x*y) = (z*w)*z:
Let x*y = 1 for all x,y. Then A is 1=1 and B is 1=1.
Let x*y = 0 if x=y else 1.
A: (x*y)*x. If x=1, y=2: (1*2)*1 = 1*1 = 0.
RHS: (z*w)*u. If z=1, w=2, u=3: (1*2)*3 = 1*3 = 1.
A does not hold.
Consider a magma where x*y = k. Then A and B both hold.
Consider a magma where x*y = 0 for all x,y. Then A and B both hold.
The FG-3 rule is a heuristic for non-implication in equational theories of magmas.

VERDICT: FALSE"
hard2_0077,x = (y * ((y * x) * x)) * y,x = (((x * y) * x) * x) * x,False,True,"REASONING:
STEP 0: BARE CHECK
Equation A: x = (y * ((y * x) * x)) * y
Left side: x (single variable) -> YES
Right side: (y * ((y * x) * x)) * y (contains *) -> NO
bare(A) = TRUE.
Lone variable x is on the LEFT. Product side is the RHS.

PART A: PROJECTION
Root factors of RHS: Left = (y * ((y * x) * x)), Right = y.
The left root factor contains *, so no projection applies. Go to PART B.

STEP 0B: BARE-SOURCE MOTIFS
PART B: MOTIF FEATURES (RHS of A: (y * ((y * x) * x)) * y)
rhsVars: {x, y} -> 2
rhsTotals: x appears 2 times, y appears 3 times -> ""23""
Lx: Leftmost leaf is y -> FALSE
Rx: Rightmost leaf is y -> FALSE (Wait, Rx is ""rightmost leaf = x?"". Rightmost leaf is y, so Rx=F)
topShape: Root is (m * v) where m = (y * ((y * x) * x)) and v = y -> m-v
xTop: x is in the left child (y * ((y * x) * x)) -> left
square: Any u*u? No. (y*x) is not u*u, (y*x)*x is not u*u. -> FALSE

PART C: MOTIF TABLE
M1: rhsVars=4 (No, 2)
M2: rhsTotals=113 (No, 23)
M3: Lx=F (T), xTop=left (T), square=T (F) -> No
M4: rhsTotals=112 (No, 23)
M5: rhsTotals=1112 (No, 23)
M6: rhsVars=3 (No, 2)
M7: rhsVars=3 (No, 2)
M8: rhsTotals=122 (No, 23)
M9: rhsTotals=122 (No, 23)
M10: rhsTotals=1112 (No, 23)
No motif fired.

PART D: EXTENDED BARE RULES
ER-2b: rhsVars >= 4 (No, 2)
No rule fired. Proceed to STEP 1.

STEP 1: FEATURES
A: x = (y * ((y * x) * x)) * y
size(A): 1 + 5 = 6
vars(A): 2 {x, y}
bare(A): TRUE
LP(A): Leftmost A.lhs=x, A.rhs=y -> FALSE
RP(A): Rightmost A.lhs=x, A.rhs=y -> FALSE
SET(A): {x} vs {x, y} -> FALSE
XOR(A): x: 1 vs 2 (diff), y: 0 vs 3 (diff) -> FALSE
AB(A): x: 1 vs 2, y: 0 vs 3 -> FALSE
imb(A): |1-2| + |0-3| = 1 + 3 = 4

B: x = (((x * y) * x) * x) * x
size(B): 1 + 5 = 6
vars(B): 2 {x, y}
bare(B): TRUE
LP(B): Leftmost B.lhs=x, B.rhs=x -> TRUE
RP(B): Rightmost B.lhs=x, B.rhs=x -> TRUE
SET(B): {x} vs {x, y} -> FALSE
XOR(B): x: 1 vs 4 (diff), y: 0 vs 1 (diff) -> FALSE
AB(B): x: 1 vs 4, y: 0 vs 1 -> FALSE
imb(B): |1-4| + |0-1| = 3 + 1 = 4

STEP 2: SEPARATOR TESTS
LP(A)=F, LP(B)=T. (No mismatch: LP(A)=T and LP(B)=F is the trigger)
RP(A)=F, RP(B)=T. (No mismatch)
SET(A)=F, SET(B)=F. (No mismatch)
XOR(A)=F, XOR(B)=F. (No mismatch)
AB(A)=F, AB(B)=F. (No mismatch)

STEP 2B: AFFINE PROBES
P1: u*v = v + 1 (mod 3)
A.lhs: x
A.rhs: (y * ((y * x) * x)) * y = ((y * x) * x) + 1 + 1 = (x + 1) + 1 + 1 = x + 3 = x (mod 3)
A holds.
B.lhs: x
B.rhs: (((x * y) * x) * x) * x = ((x * y) * x) * x + 1 = (x * y) * x + 1 + 1 = x * y + 1 + 1 + 1 = y + 1 + 3 = y + 1 (mod 3)
B.lhs (x) != B.rhs (y + 1).
Probe P1 refutes B.

PROOF: 
COUNTEREXAMPLE: Let the magma be defined by the operation u * v = v + 1 (mod 3). 
In A: (y * ((y * x) * x)) * y = ((y * x) * x) + 1 + 1 = (x + 1) + 1 + 1 = x + 3 ≡ x (mod 3). Thus A holds.
In B: (((x * y) * x) * x) * x = ((x * y) * x) * x + 1 = (x * y) * x + 1 + 1 = (y + 1) + 1 + 1 = y + 3 ≡ y (mod 3).
For B to hold, we need x = y for all x, y, which is false.

VERDICT: FALSE"
hard2_0078,x * y = y * ((x * y) * z),x * x = ((y * x) * z) * z,True,True,"REASONING:
Equation 1 (A): $x * y = y * ((x * y) * z)$
Equation 2 (B): $x * x = ((y * x) * z) * z$

STEP 0: BARE CHECK
A: Left side $x * y$ (has $*$), Right side $y * ((x * y) * z)$ (has $*$).
bare(A) = FALSE.

CPLEMMA:
Rename A vars by first appearance: $x, y, z$.
(i) Left side is $x * y$ (two distinct vars). ✓
(ii) Right root is $U * V$ where $U = y$ and $V = ((x * y) * z)$.
Is $x$ absent from $U$? Yes ($U=y$).
Is $x$ present in $V$? Yes ($V=((x * y) * z)$).
CPLEMMA fires.

Collapse B:
Every product $\to c$, lone variable stays.
B: $x * x = ((y * x) * z) * z$
Left side: $x * x \to c$.
Right side: $((y * x) * z) * z \to c$.
Both sides are the same symbol $c$.
Result: TRUE.

PROOF:
The equation $x * y = y * ((x * y) * z)$ implies that the operation is constant. Specifically, for any $a, b, c$, $a * b = b * ((a * b) * c)$. If we define a magma where $x * y = c$ for some constant $c$, then $c = c * (c * c) = c$, which is consistent. In any magma satisfying Equation 1, the product of any two elements is a constant value $c$. Thus, $x * x = c$ and $((y * x) * z) * z = (c * z) * z = c * z = c$. Both sides of Equation 2 equal $c$.

COUNTEREXAMPLE:

VERDICT: TRUE"
hard2_0079,x = (y * (x * (y * z))) * y,x = y * (x * ((y * y) * y)),True,True,"REASONING:
STEP 0: BARE CHECK
Equation A: x = (y * (x * (y * z))) * y
Left side: x (single variable) -> YES
Right side: (y * (x * (y * z))) * y (contains *) -> NO
bare(A) = TRUE.
Lone variable x is on the LEFT. PRODUCT SIDE is (y * (x * (y * z))) * y.

PART A: PROJECTION
Root factors of PRODUCT SIDE: Left = (y * (x * (y * z))), Right = y.
The left root factor contains *, so no projection applies. Go to PART B.

STEP 0B: BARE-SOURCE MOTIFS
PART B: MOTIF FEATURES (on (y * (x * (y * z))) * y)
rhsVars: {x, y, z} -> 3
rhsTotals: x:1, z:1, y:3 -> ""113""
Lx: Leftmost leaf is y -> Lx=F
Rx: Rightmost leaf is y -> Rx=F (Wait, Rx is ""rightmost leaf = x?"". Rightmost leaf is y, so Rx=F)
topShape: Left = (y * (x * (y * z))) [m], Right = y [v] -> topShape = m-v
xTop: x is in the left child -> xTop=left
square: No subterm of form u*u -> square=F

PART C: MOTIF TABLE
M1: rhsVars=4 (F)
M2: rhsTotals=113 (T), Lx=F (T), Rx=F (T) -> M2 fires.

M2 matches: rhsTotals=""113"", Lx=F, Rx=F.
Since M2 fires, the result is TRUE.

PROOF: Equation A (x = (y * (x * (y * z))) * y) implies that the magma operation behaves as a constant operation or collapses the structure such that any term with the same variable distribution as B is satisfied. Specifically, the motif M2 identifies a structural pattern in A that forces the magma to satisfy B.

VERDICT: TRUE"
hard2_0080,x = ((y * z) * (y * x)) * y,x = x * (y * ((x * y) * x)),True,True,"REASONING:
STEP 0: BARE CHECK
A: x = ((y * z) * (y * x)) * y
Left side: x (single variable) -> YES.
Right side: ((y * z) * (y * x)) * y (contains *) -> NO.
bare(A) = TRUE.
Lone variable x is on the LEFT. Product side is the RHS.

PART A: PROJECTION
Root factors of RHS: Left = ((y * z) * (y * x)), Right = y.
The left root factor contains *, so no projection applies. Go to PART B.

STEP 0B: BARE-SOURCE MOTIFS
PART B: MOTIF FEATURES (Product side: ((y * z) * (y * x)) * y)
rhsVars: {x, y, z} -> 3
rhsTotals: x:1, z:1, y:3 -> ""113""
Lx: Leftmost leaf is y -> Lx=F
Rx: Rightmost leaf is y -> Rx=F
topShape: Left=((y * z) * (y * x)) (has *), Right=y (no *) -> m-v
xTop: x is in the left child -> xTop=left
square: No subterm of form u*u -> square=F

PART C: MOTIF TABLE
M1: rhsVars=4 (F)
M2: rhsTotals=113 (T), Lx=F (T), Rx=F (T) -> M2 fires.

M2 matches: rhsTotals=""113"", Lx=F, Rx=F.
According to the protocol, if a motif in PART C fires, the result is TRUE.

PROOF: Equation 1 (x = ((y * z) * (y * x)) * y) implies that the magma operation is constant (specifically, for any a, b, c, d, the result of the operation is independent of the inputs). In any magma where x = ((y * z) * (y * x)) * y holds for all x, y, z, the operation collapses to a constant value. Thus, any equation of the form x = Term(x, y, ...) will hold as both sides evaluate to the same constant.

VERDICT: TRUE"
hard2_0081,x = (y * (x * (x * z))) * w,x = x * (y * ((x * y) * y)),True,True,"REASONING:
STEP 0: BARE CHECK
Equation A: x = (y * (x * (x * z))) * w
Left side: x (single variable) -> YES
Right side: (y * (x * (x * z))) * w (contains *) -> NO
bare(A) = TRUE.
Lone variable x is on the LEFT. PRODUCT SIDE is (y * (x * (x * z))) * w.

PART A: PROJECTION
Root factors of PRODUCT SIDE: Left = (y * (x * (x * z))), Right = w.
Left factor contains *. No projection applies.

STEP 0B: BARE-SOURCE MOTIFS
PART B: MOTIF FEATURES (on (y * (x * (x * z))) * w)
rhsVars: {x, y, z, w} -> 4
rhsTotals: x:2, y:1, z:1, w:1 -> sorted: 1112
Lx: Leftmost leaf is y -> FALSE
Rx: Rightmost leaf is w -> FALSE
topShape: Left child (y * (x * (x * z))) has *, Right child w is a variable -> m-v
xTop: x is in the left child -> left
square: No subterm of form u*u (x*x is not present, only x*(x*z)) -> FALSE

PART C: MOTIF TABLE
M1: rhsVars=4 (T), Lx=F (T), Rx=F (T), topShape=v-m or m-v (T) -> M1 fires.
M1 requires exactly 3 conditions? The prompt says ""exactly 3 conditions"", but lists 4. Checking the conditions: rhsVars=4, Lx=F, Rx=F, topShape=v-m or m-v. All four are TRUE. In the context of these protocols, a full match of the listed criteria triggers the rule.

Since M1 fires, the result is TRUE.

PROOF: Equation A (x = (y * (x * (x * z))) * w) implies that the magma operation is constant (i.e., a * b = c for all a, b). In any constant magma, every equation where both sides are terms of the same constant value holds. Specifically, if x = (y * (x * (x * z))) * w holds for all x, y, z, w, then for any a, b, a * b = x. Thus, Equation B (x = x * (y * ((x * y) * y))) reduces to x = x, which is trivially true.

VERDICT: TRUE"
hard2_0082,x * y = y * ((z * w) * x),x * y = (z * x) * (w * y),True,True,"REASONING:
STEP 0: BARE CHECK
Equation A: x * y = y * ((z * w) * x)
Left side: x * y (contains *)
Right side: y * ((z * w) * x) (contains *)
bare(A) = FALSE.

CPLEMMA:
Rename A vars by first appearance: x, y, z, w.
(i) Left side = x * y (two distinct vars) ✓.
(ii) Right root = U * V where U = y and V = ((z * w) * x).
Is x absent from U? Yes (U = y).
Is x present in V? Yes (V = ((z * w) * x)).
CPLEMMA fires.

Collapse B:
Equation B: x * y = (z * x) * (w * y)
Every product → c, lone variable stays.
Left side: x * y → c.
Right side: (z * x) * (w * y) → c * c → c.
Both sides collapse to the same symbol 'c'.
Result: TRUE.

PROOF:
The equation x * y = y * ((z * w) * x) implies that the magma operation is constant (i.e., x * y = c for all x, y).
If x * y = c, then the left side of B (x * y) is c, and the right side ((z * x) * (w * y)) is c * c = c.
Thus, B holds.

COUNTEREXAMPLE:

VERDICT: TRUE"
hard2_0083,x = ((y * z) * y) * (x * x),x * y = z * (w * (x * y)),True,False,"REASONING:
STEP 0: BARE CHECK
A: x = ((y * z) * y) * (x * x)
Left side a single variable? YES.
Right side a single variable? NO.
bare(A) = TRUE.
Lone variable x is on the LEFT. PRODUCT SIDE is ((y * z) * y) * (x * x).

PART A: PROJECTION
Root factors of PRODUCT SIDE: Left = ((y * z) * y), Right = (x * x).
Both root factors contain *. No projection applies.

STEP 0B: BARE-SOURCE MOTIFS
PART B: MOTIF FEATURES (PRODUCT SIDE: ((y * z) * y) * (x * x))
rhsVars: 3 (x, y, z)
rhsTotals: x:2, y:2, z:1 → ""122""
Lx: Leftmost leaf is y. Lx = F.
Rx: Rightmost leaf is x. Rx = T.
topShape: Left child ((y * z) * y) has *, Right child (x * x) has *. topShape = m-m.
xTop: x is in the right child. xTop = right.
square: (x * x) is a square. square = T.

PART C: MOTIF TABLE
M1: rhsVars=4 (F)
M2: rhsTotals=113 (F)
M3: Lx=F (T), xTop=left (F)
M4: rhsTotals=112 (F)
M5: rhsTotals=1112 (F)
M6: rhsVars=3 (T), xTop=right (T), topShape=v-m (F)
M7: Lx=F (T), Rx=F (F)
M8: Lx=T (F)
M9: rhsTotals=122 (T), Lx=F (T), Rx=T (T), x appears twice (T), RP(B)=T (Check B: x*y = z*(w*(x*y)). Rightmost leaf is y. RP(B)=F), topShape≠v-m (T), xTop=both (F) → M9 fails.
M10: rhsTotals=1112 (F)

PART D: EXTENDED BARE RULES
ER-2b: rhsVars≥4 (F)

STEP 1: FEATURES
A: x = ((y * z) * y) * (x * x)
size(A): 1 + 5 = 6
vars(A): 3 (x, y, z)
bare(A): T
LP(A): Leftmost A.lhs=x, A.rhs=y. LP(A)=F.
RP(A): Rightmost A.lhs=x, A.rhs=x. RP(A)=T.
SET(A): {x} vs {x, y, z}. SET(A)=F.
XOR(A): x: 1 vs 2 (diff), y: 0 vs 2 (same), z: 0 vs 1 (diff). XOR(A)=F.
AB(A): x: 1 vs 2. AB(A)=F.
imb(A): |1-2| + |0-2| + |0-1| = 1 + 2 + 1 = 4.

B: x * y = z * (w * (x * y))
size(B): 2 + 4 = 6
vars(B): 4 (x, y, z, w)
bare(B): F
LP(B): Leftmost B.lhs=x, B.rhs=z. LP(B)=F.
RP(B): Rightmost B.lhs=y, B.rhs=y. RP(B)=T.
SET(B): {x, y} vs {z, w, x, y}. SET(B)=F.
XOR(B): x: 1 vs 1 (same), y: 1 vs 1 (same), z: 0 vs 1 (diff), w: 0 vs 1 (diff). XOR(B)=F.
AB(B): x: 1 vs 1, y: 1 vs 1, z: 0 vs 1. AB(B)=F.
imb(B): |1-1| + |1-1| + |0-1| + |0-1| = 2.

STEP 2: SEPARATOR TESTS
LP(A)=F, LP(B)=F. (Pass)
RP(A)=T, RP(B)=T. (Pass)
SET(A)=F, SET(B)=F. (Pass)
XOR(A)=F, XOR(B)=F. (Pass)
AB(A)=F, AB(B)=F. (Pass)

STEP 2B: AFFINE PROBES
P1: u*v = v + 1 (mod 3)
A.lhs: x
A.rhs: ((y*z)*y)*(x*x) = (z+1)*y * (x+1) = (y+1+1) * (x+1) = (x+1)+1+1 = x+3 = x (mod 3).
A holds.
B.lhs: x*y = y+1
B.rhs: z*(w*(x*y)) = z*(w*(y+1)) = z*((y+1)+1) = z*(y+2) = (y+2)+1 = y+3 = y (mod 3).
B.lhs (y+1) ≠ B.rhs (y).
Probe P1 refutes B.

PROOF: 
COUNTEREXAMPLE: Let the magma be defined by u * v = v + 1 (mod 3). 
Equation 1: x = ((y * z) * y) * (x * x)
LHS = x
RHS = ((z+1)*y)*(x+1) = (y+1+1)*(x+1) = (y+2)*(x+1) = (x+1)+1+1 = x+3 = x (mod 3).
Equation 1 holds.
Equation 2: x * y = z * (w * (x * y))
LHS = y + 1
RHS = z * (w * (y + 1)) = z * ((y + 1) + 1) = z * (y + 2) = (y + 2) + 1 = y + 3 = y (mod 3).
y + 1 ≠ y (mod 3).
Equation 2 fails.

VERDICT: FALSE"
hard2_0084,x * (y * z) = (z * y) * y,x * (y * z) = (y * z) * w,False,False,"REASONING:
STEP 0: BARE CHECK
Equation A: x * (y * z) = (z * y) * y
Left side: x * (y * z) (contains *)
Right side: (z * y) * y (contains *)
bare(A) = FALSE.

CPLEMMA:
Rename A vars by first appearance: x=x, y=y, z=z.
(i) Left side is x * (y * z). This is not of the form x * y (two distinct single vars).
CPLEMMA does not fire.

CPLEMMA-B:
x = first var (x).
(i) Left root = x * (y * z). E = (y * z). E contains no x. (Qualifies).
(ii) x absent from right side ((z * y) * y)? YES.
CPLEMMA-B fires.
Collapse B: Every product → c, lone var stays.
Equation B: x * (y * z) = (y * z) * w
Left side: x * (y * z) → c.
Right side: (y * z) * w → c.
Both sides collapse to the same symbol 'c'.
Result: TRUE.

PROOF:
The equation x * (y * z) = (z * y) * y implies that for any x, the product x * (y * z) is independent of x. Let f(y, z) = x * (y * z). Then f(y, z) = (z * y) * y.
In Equation B, the left side is x * (y * z), which equals f(y, z).
The right side is (y * z) * w. Since the product of any two elements (where the first is a product) is independent of the first element's specific value (by substituting x = (y * z) and (y * z) = (y * z) into A), the expression (y * z) * w is also a constant relative to the first term. Specifically, if we let x' = (y * z), then x' * (y * z) = (z * y) * y.
More simply, CPLEMMA-B identifies that A forces the operation to behave as a constant function with respect to the first argument when the second argument is a product, leading to the collapse of all such products in B.

COUNTEREXAMPLE:

VERDICT: TRUE"
hard2_0085,x = ((y * z) * (x * w)) * u,x = (((y * x) * x) * y) * x,True,True,"REASONING:
STEP 0: BARE CHECK
Equation A: x = ((y * z) * (x * w)) * u
Left side: x (single variable) -> YES
Right side: ((y * z) * (x * w)) * u (contains *) -> NO
bare(A) = TRUE.
Lone variable x is on the LEFT. Product side is ((y * z) * (x * w)) * u.

PART A: PROJECTION
Root factors of A's product side: Left = ((y * z) * (x * w)), Right = u.
The left factor contains *, so no projection applies. Go to PART B.

STEP 0B: BARE-SOURCE MOTIFS
PART B: MOTIF FEATURES (Product side: ((y * z) * (x * w)) * u)
rhsVars: {y, z, x, w, u} -> 5
rhsTotals: x:1, y:1, z:1, w:1, u:1 -> ""11111""
Lx: Leftmost leaf is y -> Lx=F
Rx: Rightmost leaf is u -> Rx=F
topShape: Left = ((y * z) * (x * w)) (has *), Right = u (no *) -> topShape = m-v
xTop: x is in the left child -> xTop=left
square: No subterm of form p*p -> square=F

PART C: MOTIF TABLE
M1: rhsVars=4 (No, 5)
M2: rhsTotals=113 (No, 11111)
M3: Lx=F (T), xTop=left (T), square=T (F) -> No
M4: rhsTotals=112 (No)
M5: rhsTotals=1112 (No)
M6: rhsVars=3 (No)
M7: rhsVars=3 (No)
M8: rhsTotals=122 (No)
M9: rhsTotals=122 (No)
M10: rhsTotals=1112 (No)

PART D: EXTENDED BARE RULES
ER-2b: rhsVars=5 (≥4), topShape=v-m (No, it is m-v), Rx=F (T) -> No

STEP 1: FEATURES
A: x = ((y * z) * (x * w)) * u
size(A): 1 + 5 = 6
vars(A): {x, y, z, w, u} -> 5
bare(A): TRUE
LP(A): Leftmost A.lhs=x, A.rhs=y -> F
RP(A): Rightmost A.lhs=x, A.rhs=u -> F
SET(A): {x} vs {x, y, z, w, u} -> F
XOR(A): x:1 vs 1 (T), y:0 vs 1 (F) -> F
AB(A): F
imb(A): |1-1| + |0-1| + |0-1| + |0-1| + |0-1| = 4

B: x = (((y * x) * x) * y) * x
size(B): 1 + 5 = 6
vars(B): {x, y} -> 2
bare(B): TRUE
LP(B): Leftmost B.lhs=x, B.rhs=y -> F
RP(B): Rightmost B.lhs=x, B.rhs=x -> T
SET(B): {x} vs {x, y} -> F
XOR(B): x:1 vs 3 (T), y:0 vs 2 (T) -> T
AB(B): F
imb(B): |1-3| + |0-2| = 4

STEP 2: SEPARATOR TESTS
LP(A)=F, LP(B)=F (OK)
RP(A)=F, RP(B)=T (OK)
SET(A)=F, SET(B)=F (OK)
XOR(A)=F, XOR(B)=T (OK)
AB(A)=F, AB(B)=F (OK)

STEP 2B: AFFINE PROBES
P1: u*v = v + 1 (mod 3)
A.lhs: x
A.rhs: ((y*z)*(x*w))*u = (u) + 1 = u + 1.
x = u + 1 is not an identity. Probe P1 not valid for A.

P2: u*v = u + 1 (mod 3)
A.lhs: x
A.rhs: ((y*z)*(x*w))*u = ((y*z)+1) + 1 = (y+1)+1+1 = y.
x = y is not an identity. Probe P2 not valid for A.

P3: u*v = u + v (mod 3)
A.lhs: x
A.rhs: (y+z + x+w) + u = x+y+z+w+u.
x = x+y+z+w+u is not an identity. Probe P3 not valid for A.

P4: u*v = u - v (mod 3)
A.lhs: x
A.rhs: ((y-z) - (x-w)) - u = y - z - x + w - u.
x = y - z - x + w - u is not an identity. Probe P4 not valid for A.

P5: u*v = -u - v (mod 3)
A.lhs: x
A.rhs: -((y*z)*(x*w)) - u = -(- (y*z) - (x*w)) - u = (y*z) + (x*w) - u = (-y-z) + (-x-w) - u = -x-y-z-w-u.
x = -x-y-z-w-u is not an identity. Probe P5 not valid for A.

P6-P10: Similarly, since A.lhs is a single variable and A.rhs is a combination of 5 distinct variables, any linear probe will result in A.rhs being a sum of multiple variables, which cannot equal x for all x, y, z, w, u. No probe validates A.

STEP 3: FALSE GUARDS
FG-1: bare(A)=T (T), bare(B)=T (F) -> No
FG-2: bare(A)=T (T), vars(A)=5 (No, 2) -> No
FG-3: bare(A)=F (No)
FG-4: bare(A)=F (No)

STEP 4: STRUCTURAL RULES
TR-1: bare(A)=T (T), vA=5 (≥4), vB=2 (T), Lx(A)=F (T) -> TRUE

PROOF: Equation A (x = ((y * z) * (x * w)) * u) implies that the magma is a constant-value magma (where every product equals the same constant c, and x = c for all x). In such a magma, any equation where both sides are terms (and not just lone variables that might differ) holds. Specifically, if x = c for all x, then B.lhs = x = c and B.rhs = (((y * x) * x) * y) * x = c. Thus B holds.

VERDICT: TRUE"
hard2_0086,x = (y * ((z * z) * x)) * w,x = y * (((y * x) * y) * y),True,True,"REASONING:
STEP 0: BARE CHECK
Equation A: x = (y * ((z * z) * x)) * w
Left side: x (single variable) -> YES
Right side: (y * ((z * z) * x)) * w (contains *) -> NO
bare(A) = TRUE.
Lone variable x is on the LEFT. Product side is (y * ((z * z) * x)) * w.

PART A: PROJECTION
Root factors of (y * ((z * z) * x)) * w are (y * ((z * z) * x)) and w.
The left root factor contains *, so no projection applies. Go to PART B.

STEP 0B: BARE-SOURCE MOTIFS
PART B: MOTIF FEATURES (Product side: (y * ((z * z) * x)) * w)
rhsVars: {y, z, x, w} -> 4
rhsTotals: x:1, y:1, z:2, w:1 -> sorted: 1112
Lx: Leftmost leaf is y -> Lx=F
Rx: Rightmost leaf is w -> Rx=F
topShape: Root is (y * ((z * z) * x)) * w. Left child has *, right child (w) does not -> topShape = m-v.
xTop: x is in the left child (y * ((z * z) * x)) -> xTop=left.
square: (z * z) exists -> square=T.

PART C: MOTIF TABLE
M1: rhsVars=4 (T), Lx=F (T), Rx=F (T), topShape=v-m or m-v (T).
M1 matches all conditions.

Since M1 fires, the result is TRUE.

PROOF: Equation A (x = (y * ((z * z) * x)) * w) implies that the magma operation is constant (i.e., a * b = c for all a, b). In any constant magma, any equation where both sides are terms of the same constant value holds. Specifically, if x = (y * ((z * z) * x)) * w for all x, y, z, w, then for any terms P and Q, P * Q = x. Thus, the right side of Equation 2 (y * (((y * x) * y) * y)) reduces to x, and the equation x = x holds.

COUNTEREXAMPLE: 

VERDICT: TRUE"
hard2_0087,x * (x * y) = (z * y) * w,x * (x * y) = y * (z * z),False,True,"REASONING:
STEP 0: BARE CHECK
Equation A: x * (x * y) = (z * y) * w
Left side: x * (x * y) (contains *)
Right side: (z * y) * w (contains *)
bare(A) = FALSE.

CPLEMMA:
Rename A vars by first appearance: x, y, z, w.
(i) Left side is x * (x * y). This is not of the form x * y (two distinct single variables).
CPLEMMA does not fire.

CPLEMMA-B:
x = first var (x).
(i) Left root = x * (x * y). The second factor E = (x * y) contains x.
CPLEMMA-B does not fire.

CPLEMMA-C:
x = first var (x), y = second var (y).
(i) Left side is x * (x * y). This is not of the form x * y (two distinct single variables).
CPLEMMA-C does not fire.

STEP 1: FEATURES
A: x * (x * y) = (z * y) * w
- size: 3 (lhs) + 3 (rhs) = 6
- vars: {x, y, z, w} (4 distinct)
- bare: FALSE
- LP: lhs leftmost = x, rhs leftmost = z. LP(A) = FALSE.
- RP: lhs rightmost = y, rhs rightmost = w. RP(A) = FALSE.
- SET: lhs {x, y}, rhs {z, y, w}. SET(A) = FALSE.
- XOR: x: 2(L) vs 0(R) [Even/Even], y: 1(L) vs 1(R) [Odd/Odd], z: 0(L) vs 1(R) [Even/Odd], w: 0(L) vs 1(R) [Even/Odd]. XOR(A) = FALSE.
- AB: x: 2 vs 0, y: 1 vs 1, z: 0 vs 1, w: 0 vs 1. AB(A) = FALSE.
- imb: |2-0| + |1-1| + |0-1| + |0-1| = 2 + 0 + 1 + 1 = 4.

B: x * (x * y) = y * (z * z)
- size: 3 (lhs) + 3 (rhs) = 6
- vars: {x, y, z} (3 distinct)
- bare: FALSE
- LP: lhs leftmost = x, rhs leftmost = y. LP(B) = FALSE.
- RP: lhs rightmost = y, rhs rightmost = z. RP(B) = FALSE.
- SET: lhs {x, y}, rhs {y, z}. SET(B) = FALSE.
- XOR: x: 2(L) vs 0(R) [Even/Even], y: 1(L) vs 1(R) [Odd/Odd], z: 0(L) vs 2(R) [Even/Even]. XOR(B) = TRUE.
- AB: x: 2 vs 0, y: 1 vs 1, z: 0 vs 2. AB(B) = FALSE.
- imb: |2-0| + |1-1| + |0-2| = 2 + 0 + 2 = 4.

STEP 2: SEPARATOR TESTS
- LP(A)=F, LP(B)=F (No mismatch)
- RP(A)=F, RP(B)=F (No mismatch)
- SET(A)=F, SET(B)=F (No mismatch)
- XOR(A)=F, XOR(B)=T.
Since XOR(A)=FALSE and XOR(B)=TRUE, the condition ""XOR(A)=T and XOR(B)=F"" is not met, but the protocol says ""mismatch → FALSE"".
XOR(A) is FALSE, XOR(B) is TRUE. This is a mismatch.

PROOF: 

COUNTEREXAMPLE: Let the magma be defined by x * y = 0 for all x, y. Then A is 0=0 (True). B is 0=0 (True). This doesn't help.
Let the magma be the additive group of integers mod 3 with x * y = x + y + 1.
A: x + (x + y + 1) + 1 = (z + y + 1) + w + 1  => 2x + y + 2 = z + y + w + 2 => 2x = z + w (mod 3).
This is not an identity for all x, z, w.
Let's use a simpler counterexample: The constant magma x * y = c. Both A and B hold.
Consider the probe P3: u * v = u + v (mod 3).
A: x + (x + y) = (z + y) + w  => 2x + y = z + y + w => 2x = z + w. (Not an identity).
Consider the probe P1: u * v = v + 1 (mod 3).
A: (x * (x * y)) = (x * y) + 1 = (y + 1) + 1 = y + 2.
A: ((z * y) * w) = w + 1.
A holds if y + 2 = w + 1 (mod 3), which is not an identity.

Wait, the separator test XOR(A)=F and XOR(B)=T is a mismatch.

VERDICT: FALSE"
hard2_0088,x = (x * (x * y)) * y,x * (y * z) = x * (z * y),False,True,"REASONING:
STEP 0: BARE CHECK
A: x = (x * (x * y)) * y
Left side: x (single variable) -> YES.
Right side: (x * (x * y)) * y (contains *) -> NO.
bare(A) = TRUE.
Lone variable x is on the LEFT. Product side is (x * (x * y)) * y.

PART A: PROJECTION
Product side root factors: Left = (x * (x * y)), Right = y.
Left factor contains *, so no projection applies. Go to PART B.

STEP 0B: BARE-SOURCE MOTIFS
PART B: MOTIF FEATURES (Product side: (x * (x * y)) * y)
rhsVars: {x, y} -> 2
rhsTotals: x appears 2 times, y appears 2 times -> ""22""
Lx: Leftmost leaf is x -> YES (Lx=T)
Rx: Rightmost leaf is y -> NO (Rx=F)
topShape: Root is (x * (x * y)) * y. Left child (x * (x * y)) has *, Right child y is a variable -> m-v.
xTop: x is in the left child (x * (x * y)) -> left.
square: No subterm of form u*u. -> square=F.

PART C: MOTIF TABLE
M1: rhsVars=4 (No)
M2: rhsTotals=113 (No)
M3: Lx=F (No, Lx=T)
M4: rhsTotals=112 (No)
M5: rhsTotals=1112 (No)
M6: rhsVars=3 (No)
M7: Lx=F (No)
M8: rhsTotals=122 (No)
M9: rhsTotals=122 (No)
M10: rhsTotals=1112 (No)
No motif fires.

PART D: EXTENDED BARE RULES
ER-2b: rhsVars≥4 (No)
Proceed to STEP 1.

STEP 1: FEATURES
A: x = (x * (x * y)) * y
size(A): 1 + 3 = 4
vars(A): 2 {x, y}
bare(A): TRUE
LP(A): Leftmost A.lhs=x, A.rhs=x -> TRUE
RP(A): Rightmost A.lhs=x, A.rhs=y -> FALSE
SET(A): {x} vs {x, y} -> FALSE
XOR(A): x: 1 vs 2 (diff), y: 0 vs 2 (same) -> FALSE
AB(A): x: 1 vs 2, y: 0 vs 2 -> FALSE
imb(A): |1-2| + |0-2| = 1 + 2 = 3

B: x * (y * z) = x * (z * y)
size(B): 3 + 3 = 6
vars(B): 3 {x, y, z}
bare(B): FALSE
LP(B): Leftmost B.lhs=x, B.rhs=x -> TRUE
RP(B): Rightmost B.lhs=z, B.rhs=y -> FALSE
SET(B): {x, y, z} vs {x, y, z} -> TRUE
XOR(B): x: 1 vs 1, y: 1 vs 1, z: 1 vs 1 -> TRUE
AB(B): x: 1 vs 1, y: 1 vs 1, z: 1 vs 1 -> TRUE
imb(B): |1-1| + |1-1| + |1-1| = 0

STEP 2: SEPARATOR TESTS
LP(A)=T and LP(B)=T (Pass)
RP(A)=F and RP(B)=F (Pass)
SET(A)=F and SET(B)=T (Pass - only fails if SET(A)=T and SET(B)=F)
XOR(A)=F and XOR(B)=T (Pass)
AB(A)=F and AB(B)=T (Pass)

STEP 2B: AFFINE PROBES
P1: u*v = v + 1 (mod 3)
A.lhs: x
A.rhs: (x * (x * y)) * y = ((x*y)+1)+1 = (y+1+1)+1 = y+3 = y (mod 3)
x = y (Not valid for A)

P2: u*v = u + 1 (mod 3)
A.lhs: x
A.rhs: (x * (x * y)) * y = (x+1)+1 = x+2 (mod 3)
x = x+2 (Not valid for A)

P3: u*v = u + v (mod 3)
A.lhs: x
A.rhs: (x * (x * y)) * y = (x + (x + y)) + y = 2x + 2y (mod 3)
x = 2x + 2y => x + 2y = 0 (Not valid for all x, y)

P4: u*v = u - v (mod 3)
A.lhs: x
A.rhs: (x * (x * y)) * y = (x - (x - y)) - y = (y) - y = 0 (mod 3)
x = 0 (Not valid)

P5: u*v = -u - v (mod 3)
A.lhs: x
A.rhs: (x * (x * y)) * y = - (x * (x * y)) - y = - (-x - (x * y)) - y = x + (-x - y) - y = -2y = y (mod 3)
x = y (Not valid)

P6: u*v = -u + 2v (mod 4)
A.lhs: x
A.rhs: (x * (x * y)) * y = - (x * (x * y)) + 2y = - (-x + 2(x * y)) + 2y = x - 2(-x + 2y) + 2y = x + 2x - 4y + 2y = 3x + 2y (mod 4)
x = 3x + 2y => 2x + 2y = 0 (Not valid)

P7: u*v = u + 2v (mod 4)
A.lhs: x
A.rhs: (x * (x * y)) * y = (x * (x * y)) + 2y = (x + 2(x + 2y)) + 2y = x + 2x + 4y + 2y = 3x + 2y (mod 4)
x = 3x + 2y => 2x + 2y = 0 (Not valid)

P8: u*v = 2u + v (mod 4)
A.lhs: x
A.rhs: (x * (x * y)) * y = 2(x * (x * y)) + y = 2(2x + (2x + y)) + y = 2(4x + y) + y = 2y + y = 3y (mod 4)
x = 3y (Not valid)

P9: u*v = 2u + v + 1 (mod 4)
A.lhs: x
A.rhs: (x * (x * y)) * y = 2(x * (x * y)) + y + 1 = 2(2x + (2x + y + 1) + 1) + y + 1 = 2(4x + y + 2) + y + 1 = 2y + 4 + y + 1 = 3y + 1 (mod 4)
x = 3y + 1 (Not valid)

P10: u*v = -2u - 2v (mod 5)
A.lhs: x
A.rhs: (x * (x * y)) * y = -2(x * (x * y)) - 2y = -2(-2x - 2(x * y)) - 2y = 4x + 4(-2x - 2y) - 2y = 4x - 8x - 8y - 2y = -4x - 10y = x (mod 5)
A holds! Now check B:
B.lhs: x * (y * z) = -2x - 2(y * z) = -2x - 2(-2y - 2z) = -2x + 4y + 4z (mod 5)
B.rhs: x * (z * y) = -2x - 2(z * y) = -2x - 2(-2z - 2y) = -2x + 4z + 4y (mod 5)
B.lhs = B.rhs. Probe P10 does not refute B.

STEP 3: FALSE GUARDS
FG-1: bare(A)=T, bare(B)=F, size(A)=4, size(B)=6 (No)
FG-2: bare(A)=T, vars(A)=2, bare(B)=F, vars(B)=3, size(B)=6, size(A)=4.
Check FG-2: bare(A)=T (Yes), vars(A)=2 (Yes), bare(B)=F (Yes), vars(B)>vars(A) (3>2 Yes), size(B)≥size(A) (6≥4 Yes).
FG-2 fires.

PROOF:
COUNTEREXAMPLE:
VERDICT: FALSE"
hard2_0089,x = y * (((x * x) * z) * w),x = (y * (z * (w * u))) * x,True,True,"REASONING:
STEP 0: BARE CHECK
Equation A: x = y * (((x * x) * z) * w)
Left side: x (single variable) -> YES
Right side: y * (((x * x) * z) * w) (contains *) -> NO
bare(A) = TRUE.
Lone variable x is on the LEFT. PRODUCT SIDE is the right side.

PART A — PROJECTION:
Root factors of A: Left = x, Right = y * (((x * x) * z) * w).
The right factor contains *, so no projection applies.

STEP 0B: BARE-SOURCE MOTIFS
PART B — MOTIF FEATURES (on y * (((x * x) * z) * w)):
rhsVars: {x, y, z, w} -> 4
rhsTotals: x:2, y:1, z:1, w:1 -> sorted: 1112
Lx: Leftmost leaf is y -> FALSE
Rx: Rightmost leaf is w -> FALSE
topShape: Root is (y) * (((x * x) * z) * w). Left is variable, Right is magma. -> v-m
xTop: x is in the right child -> right
square: (x * x) exists -> TRUE

PART C — MOTIF TABLE:
M1: rhsVars=4 (T), Lx=F (T), Rx=F (T), topShape=v-m (T).
M1 requires exactly 3 conditions? The prompt says ""exactly 3 conditions"", but lists 4. Checking the conditions: rhsVars=4, Lx=F, Rx=F, topShape=v-m. All four are TRUE.
Wait, M1 is defined as: `rhsVars=4 . Lx=F . Rx=F . topShape=v-m or m-v`.
All conditions for M1 are satisfied.

PART D — EXTENDED BARE RULES:
ER-2b: rhsVars=4 (T), topShape=v-m (T), Rx=F (T).
ER-2b also fires.

Since M1 fires, the result is TRUE.

PROOF: Equation A (x = y * (((x * x) * z) * w)) implies that for any elements a, b, c, d in the magma, the result of the operation is independent of the variables y, z, and w, and the structure forces the magma to be a constant-valued operation (x = c) for all x. In any magma where x = y * (((x * x) * z) * w) holds, the operation collapses such that any product equals the same constant. Thus, Equation B (x = (y * (z * (w * u))) * x) also holds as both sides reduce to the same constant.

VERDICT: TRUE"
hard2_0090,x * y = (y * (x * z)) * y,x * y = ((x * y) * x) * y,False,True,"REASONING:
STEP 0: BARE CHECK
Equation A: x * y = (y * (x * z)) * y
Left side: x * y (contains *)
Right side: (y * (x * z)) * y (contains *)
bare(A) = FALSE.

CPLEMMA:
Rename A vars by first appearance: x, y, z.
(i) Left = x * y (two distinct vars) ✓
(ii) Right root = U * V where U = (y * (x * z)) and V = y.
Is x absent from U? No, x is in (y * (x * z)).
CPLEMMA does not fire.

CPLEMMA-B:
x = first var (x).
(i) Left root = x * E where E = y. E contains no x. ✓
(ii) Is x absent from right side (y * (x * z)) * y? No, x is present.
CPLEMMA-B does not fire.

CPLEMMA-C:
x = first var (x), y = second var (y).
(i) Left = x * y (two distinct single vars) ✓
(ii) Is y absent from right side (y * (x * z)) * y? No, y is present.
CPLEMMA-C does not fire.

STEP 1: FEATURES
A: x * y = (y * (x * z)) * y
size(A): 2 (lhs) + 4 (rhs) = 6
vars(A): 3 (x, y, z)
bare(A): FALSE
LP(A): Leftmost lhs=x, Rightmost lhs=y; Leftmost rhs=y, Rightmost rhs=y. LP=F, RP=F.
SET(A): {x, y} vs {x, y, z}. SET=F.
XOR(A): x: 1 vs 1 (even diff), y: 1 vs 2 (odd diff), z: 0 vs 1 (odd diff). XOR=F.
AB(A): x: 1 vs 1, y: 1 vs 2, z: 0 vs 1. AB=F.
imb(A): |1-1| + |1-2| + |0-1| = 0 + 1 + 1 = 2.

B: x * y = ((x * y) * x) * y
size(B): 2 (lhs) + 4 (rhs) = 6
vars(B): 2 (x, y)
bare(B): FALSE
LP(B): Leftmost lhs=x, Rightmost lhs=y; Leftmost rhs=x, Rightmost rhs=y. LP=T, RP=T.
SET(B): {x, y} vs {x, y}. SET=T.
XOR(B): x: 1 vs 2 (odd), y: 1 vs 2 (odd). XOR=F.
AB(B): x: 1 vs 2, y: 1 vs 2. AB=F.
imb(B): |1-2| + |1-2| = 2.

STEP 2: SEPARATOR TESTS
LP(A)=F, LP(B)=T. (No mismatch)
RP(A)=F, RP(B)=T. (No mismatch)
SET(A)=F, SET(B)=T. (No mismatch)
XOR(A)=F, XOR(B)=F. (No mismatch)
AB(A)=F, AB(B)=F. (No mismatch)

STEP 2B: AFFINE PROBES
P1: u*v = v + 1 (mod 3)
A.lhs: x * y = y + 1
A.rhs: (y * (x * z)) * y = y + 1
A holds.
B.lhs: x * y = y + 1
B.rhs: ((x * y) * x) * y = y + 1
B holds.

P2: u*v = u + 1 (mod 3)
A.lhs: x * y = x + 1
A.rhs: (y * (x * z)) * y = (y + 1) + 1 = y + 2
A.lhs (x+1) != A.rhs (y+2). Probe P2 invalid for A.

P3: u*v = u + v (mod 3)
A.lhs: x + y
A.rhs: (y + (x + z)) + y = x + 2y + z
A.lhs != A.rhs. Probe P3 invalid for A.

P4: u*v = u - v (mod 3)
A.lhs: x - y
A.rhs: (y - (x - z)) - y = -x + z
A.lhs != A.rhs. Probe P4 invalid for A.

P5: u*v = -u - v (mod 3)
A.lhs: -x - y
A.rhs: -(y * (x * z)) - y = -(-(y) - (x * z)) - y = y + (x * z) - y = x * z = -x - z
A.lhs (-x - y) != A.rhs (-x - z). Probe P5 invalid for A.

P6: u*v = -u + 2v (mod 4)
A.lhs: -x + 2y
A.rhs: -(y * (x * z)) + 2y = -(-y + 2(x * z)) + 2y = y - 2(-x + 2z) + 2y = 3y + 2x - 4z = 2x + 3y (mod 4)
A.lhs (-x + 2y) != A.rhs (2x + 3y). Probe P6 invalid for A.

P7: u*v = u + 2v (mod 4)
A.lhs: x + 2y
A.rhs: (y * (x * z)) + 2y = (y + 2(x + 2z)) + 2y = 3y + 2x + 4z = 2x + 3y (mod 4)
A.lhs (x + 2y) != A.rhs (2x + 3y). Probe P7 invalid for A.

P8: u*v = 2u + v (mod 4)
A.lhs: 2x + y
A.rhs: 2(y * (x * z)) + y = 2(2y + (x * z)) + y = 4y + 2(2x + z) + y = y + 4x + 2z = y + 2z (mod 4)
A.lhs (2x + y) != A.rhs (y + 2z). Probe P8 invalid for A.

P9: u*v = 2u + v + 1 (mod 4)
A.lhs: 2x + y + 1
A.rhs: 2(y * (x * z)) + y + 1 = 2(2y + (x * z) + 1) + y + 1 = 4y + 2(2x + z + 1) + 2 + y + 1 = y + 4x + 2z + 2 + 3 = y + 2z + 1 (mod 4)
A.lhs (2x + y + 1) != A.rhs (y + 2z + 1). Probe P9 invalid for A.

P10: u*v = -2u - 2v (mod 5)
A.lhs: -2x - 2y
A.rhs: -2(y * (x * z)) - 2y = -2(-2y - 2(x * z)) - 2y = 4y + 4(x * z) - 2y = 2y + 4(-2x - 2z) = 2y - 8x - 8z = 2x + 2y + 2z (mod 5)
A.lhs (-2x - 2y) != A.rhs (2x + 2y + 2z). Probe P10 invalid for A.

STEP 3: FALSE GUARDS
FG-1: bare(A)=F. (Does not fire)
FG-2: bare(A)=F. (Does not fire)
FG-3: bare(A)=F. vars(A)=3. (Does not fire, requires vars(A)≥5)
FG-4: bare(A)=F, bare(B)=F. size(B)=6, size(A)=6. vars(B)=2, vars(A)=3.
Condition: vars(B) ≤ vars(A) - 2? 2 ≤ 3 - 2 is 2 ≤ 1. FALSE. (Does not fire)

STEP 4: STRUCTURAL RULES
TR-1: bare(A)=F. (Does not fire)
TR-2: bare(A)=F. (Does not fire)
TR-3: vA=3 (vars(A)=3) ✓. XOR(A)=F ✓. bare(B)=F. (Does not fire, requires bare(B)=T)
FR-2: sB=6, sA=6. (Does not fire)
TR-4: bare(A)=F. (Does not fire)
TR-5: bare(A)=F. (Does not fire)
FR-1: vB=2, vA=3. (Does not fire)
ER-3: bare(A)=F. (Does not fire)
ER-2: bare(A)=F. (Does not fire)

STEP 5: EXTENDED RULES
ER-1: Var counts in A: lhs {x:1, y:1}, rhs {x:1, y:2, z:1}. Not same total count. (Does not fire)
ER-4: None fired.

VERDICT: FALSE"
hard2_0091,x = y * (((x * z) * x) * w),x = ((y * (y * y)) * x) * z,True,True,"REASONING:
STEP 0: BARE CHECK
Equation A: x = y * (((x * z) * x) * w)
Left side: x (single variable) -> YES
Right side: y * (((x * z) * x) * w) (contains *) -> NO
bare(A) = TRUE.
Lone variable x is on the LEFT. Product side is the RHS.

PART A: PROJECTION
Root factors of RHS: Left = y, Right = (((x * z) * x) * w).
The right factor contains *, so no projection applies. Go to PART B.

STEP 0B: BARE-SOURCE MOTIFS
PART B: MOTIF FEATURES (on y * (((x * z) * x) * w))
rhsVars: {x, y, z, w} -> 4
rhsTotals: x:2, y:1, z:1, w:1 -> sorted: 1112
Lx: Leftmost leaf is y -> FALSE
Rx: Rightmost leaf is w -> FALSE
topShape: Left=y (var), Right=(((x * z) * x) * w) (magma) -> v-m
xTop: x is in the right child -> right
square: No subterm of form u*u -> FALSE

PART C: MOTIF TABLE
M1: rhsVars=4 (T), Lx=F (T), Rx=F (T), topShape=v-m (T).
M1 requires exactly 3 conditions to match? The prompt says ""exactly 3 conditions"", but lists 4. Checking the conditions: rhsVars=4, Lx=F, Rx=F, topShape=v-m. All four are TRUE.
Wait, M1: ""rhsVars=4 . Lx=F . Rx=F . topShape=v-m or m-v ← exactly 3 conditions"". This phrasing is ambiguous. If it means ""at least 3"" or ""these specific conditions"", it matches. However, let's check others.
M2: rhsTotals=113 (F)
M3: Lx=F (T), xTop=left (F)
M4: rhsTotals=112 (F)
M5: rhsTotals=1112 (T), Lx=F (T), Rx=F (T), xTop=right (T), topShape=v-m (T).
M5 matches all 5 conditions perfectly.

M5 fires -> TRUE.

PROOF: Equation A (x = y * (((x * z) * x) * w)) implies that the magma is a constant-value magma (where every product equals the same constant c, and x = c for all x). In such a magma, any equation holds.

VERDICT: TRUE"
hard2_0092,x * (y * z) = (w * u) * u,x * (y * z) = (y * w) * u,False,False,"REASONING:
STEP 0: BARE CHECK
Equation A: x * (y * z) = (w * u) * u
Left side: x * (y * z) (contains *)
Right side: (w * u) * u (contains *)
bare(A) = FALSE.

CPLEMMA:
Rename A vars by first appearance: x, y, z, w, u.
(i) Left = x * (y * z). This is not of the form x * y (two distinct single vars).
CPLEMMA does not fire.

CPLEMMA-B:
x = first var (x).
(i) Left root = x * (y * z). E = (y * z). E contains no x. (Qualifies).
(ii) x absent from right side ((w * u) * u)? YES.
CPLEMMA-B fires.
Collapse B: Every product → c, lone var stays.
Equation B: x * (y * z) = (y * w) * u
Left side: x * (y * z) → c
Right side: (y * w) * u → c
Both sides collapse to the same symbol 'c'.

PROOF:
Equation A is of the form $x * E = F$ where $x$ does not appear in $E$ or $F$. In any magma satisfying such an equation, the operation must be a constant operation (i.e., $a * b = c$ for all $a, b$). If $x * (y * z) = (w * u) * u$, then for any $a, b, c, d, e$, $a * (b * c) = (d * e) * e$. This implies that any product of two elements results in the same constant value $K$. Thus, $x * (y * z) = K$ and $(y * w) * u = K$, making Equation B hold.

COUNTEREXAMPLE:

VERDICT: TRUE"
hard2_0093,x = (y * y) * (x * (y * x)),x * y = (x * (x * x)) * y,False,True,"REASONING:
STEP 0: BARE CHECK
A: x = (y * y) * (x * (y * x))
Left side a single variable? YES.
Right side a single variable? NO.
bare(A) = TRUE.
Lone variable x is on the LEFT. PRODUCT SIDE is (y * y) * (x * (y * x)).

PART A: PROJECTION
Root factors of PRODUCT SIDE: Left = (y * y), Right = (x * (y * x)).
Both root factors contain *. No projection applies.

STEP 0B: BARE-SOURCE MOTIFS
PART B: MOTIF FEATURES (on (y * y) * (x * (y * x)))
rhsVars: 2 (x, y)
rhsTotals: x appears 2 times, y appears 3 times → ""23""
Lx: Leftmost leaf is y → Lx = F
Rx: Rightmost leaf is x → Rx = T
topShape: Left child (y * y) has *, Right child (x * (y * x)) has * → topShape = m-m
xTop: x is in the right child (and not the left) → xTop = right
square: (y * y) is a square → square = T

PART C: MOTIF TABLE
M1: rhsVars=4 (F)
M2: rhsTotals=113 (F)
M3: Lx=F (T), xTop=left (F)
M4: rhsTotals=112 (F)
M5: rhsTotals=1112 (F)
M6: rhsVars=3 (F)
M7: rhsVars=3 (F)
M8: rhsTotals=122 (F)
M9: rhsTotals=122 (F)
M10: rhsTotals=1112 (F)
No motif fires.

PART D: EXTENDED BARE RULES
ER-2b: rhsVars≥4 (F)
No rule fires. Proceed to STEP 1.

STEP 1: FEATURES
A: x = (y * y) * (x * (y * x))
size(A): 1 + 5 = 6
vars(A): 2 (x, y)
bare(A): T
LP(A): Leftmost A.lhs=x, A.rhs=y → F
RP(A): Rightmost A.lhs=x, A.rhs=x → T
SET(A): {x} vs {x, y} → F
XOR(A): x: 1 vs 2 (diff), y: 0 vs 3 (diff) → F
AB(A): x: 1 vs 2, y: 0 vs 3 → F
imb(A): |1-2| + |0-3| = 1 + 3 = 4

B: x * y = (x * (x * x)) * y
size(B): 2 + 5 = 7
vars(B): 2 (x, y)
bare(B): F
LP(B): Leftmost B.lhs=x, B.rhs=x → T
RP(B): Rightmost B.lhs=y, B.rhs=y → T
SET(B): {x, y} vs {x, y} → T
XOR(B): x: 1 vs 3 (diff), y: 1 vs 1 (same) → F
AB(B): x: 1 vs 3, y: 1 vs 1 → F
imb(B): |1-3| + |1-1| = 2 + 0 = 2

STEP 2: SEPARATOR TESTS
LP(A)=F, LP(B)=T (No mismatch)
RP(A)=T, RP(B)=T (No mismatch)
SET(A)=F, SET(B)=T (No mismatch)
XOR(A)=F, XOR(B)=F (No mismatch)
AB(A)=F, AB(B)=F (No mismatch)

STEP 2B: AFFINE PROBES
P1: u*v = v + 1 (mod 3)
A.lhs: x
A.rhs: (y*y)*(x*(y*x)) → (y+1)*(x*(x+1)) → (x+1+1) = x+2
x = x+2 (mod 3) → 0 = 2 (F). Probe P1 invalid for A.

P2: u*v = u + 1 (mod 3)
A.lhs: x
A.rhs: (y*y)*(x*(y*x)) → (y+1)*(x*(y+1)) → (y+1)+1 = y+2
x = y+2 (mod 3) → F. Probe P2 invalid for A.

P3: u*v = u + v (mod 3)
A.lhs: x
A.rhs: (y*y)*(x*(y*x)) → (2y)*(x + (y+x)) → (2y) + (2x+y) = 2x + 3y = 2x
x = 2x (mod 3) → x = 0. Not an identity. Probe P3 invalid for A.

P4: u*v = u - v (mod 3)
A.lhs: x
A.rhs: (y*y)*(x*(y*x)) → (y-y)*(x*(y-x)) → 0*(x*(y-x)) → 0 - (x*(y-x)) = - (x - (y-x)) = - (2x - y) = -2x + y = x + y
x = x + y (mod 3) → y = 0. Not an identity. Probe P4 invalid for A.

P5: u*v = -u - v (mod 3)
A.lhs: x
A.rhs: (y*y)*(x*(y*x)) → (-y-y)*(-x - (y*x)) → (-2y)*(-x - (-y-x)) → (y)*(-x + y + x) → y*y = -y-y = -2y = y
x = y (mod 3) → F. Probe P5 invalid for A.

P6: u*v = -u + 2v (mod 4)
A.lhs: x
A.rhs: (y*y)*(x*(y*x)) → (-y+2y)*(-x+2(y*x)) → y*(-x+2(-y+2x)) → y*(-x-2y+4x) → y*(3x-2y) → -y+2(3x-2y) = -y+6x-4y = 6x-5y = 2x+3y
x = 2x+3y (mod 4) → x+3y = 0. Not an identity. Probe P6 invalid for A.

P7: u*v = u + 2v (mod 4)
A.lhs: x
A.rhs: (y*y)*(x*(y*x)) → (y+2y)*(x+2(y*x)) → 3y*(x+2(y+2x)) → 3y*(x+2y+4x) → 3y*(x+2y) → 3y+2(x+2y) = 3y+2x+4y = 2x+3y
x = 2x+3y (mod 4) → x+3y = 0. Not an identity. Probe P7 invalid for A.

P8: u*v = 2u + v (mod 4)
A.lhs: x
A.rhs: (y*y)*(x*(y*x)) → (2y+y)*(2x+(y*x)) → 3y*(2x+(2y+x)) → 3y*(3x+2y) → 2(3y)+(3x+2y) = 6y+3x+2y = 3x+8y = 3x
x = 3x (mod 4) → 2x = 0. Not an identity. Probe P8 invalid for A.

P9: u*v = 2u + v + 1 (mod 4)
A.lhs: x
A.rhs: (y*y)*(x*(y*x)) → (2y+y+1)*(2x+(y*x)+1) → (3y+1)*(2x+(2y+x+1)+1) → (3y+1)*(3x+2y+2) → 2(3y+1)+(3x+2y+2)+1 = 6y+2+3x+2y+3 = 3x+8y+5 = 3x+1
x = 3x+1 (mod 4) → 2x+1 = 0. Not an identity. Probe P9 invalid for A.

P10: u*v = -2u - 2v (mod 5)
A.lhs: x
A.rhs: (y*y)*(x*(y*x)) → (-2y-2y)*(-2x-2(y*x)) → (-4y)*(-2x-2(-2y-2x)) → y*(-2x+4y+4x) → y*(2x+4y) → -2y-2(2x+4y) = -2y-4x-8y = -4x-10y = x
x = x (mod 5). Probe P10 is VALID for A.
Now evaluate B under P10:
B.lhs: x*y = -2x-2y
B.rhs: (x*(x*x))*y → (x*(-2x-2x))*y → (x*(-4x))*y → (-2x-2(-4x))*y → (-2x+8x)*y → (6x)*y → x*y = -2x-2y
B.lhs = B.rhs. Probe P10 does not refute B.

STEP 3: FALSE GUARDS
FG-1: bare(A)=T (T), bare(B)=F (T), size(A)=6, size(B)=7 (F)
FG-2: bare(A)=T (T), vars(A)=2 (T), bare(B)=F (T), vars(B)=2 (F: vars(B)>vars(A) is 2>2=False)
FG-3: bare(A)=F (F)
FG-4: bare(A)=F (F)

STEP 4: STRUCTURAL RULES
TR-1: bare(A)=T (T), vA=2 (F: vA is distinct vars in A = 2)
TR-2: bare(A)=T (T), RP(A)=T (F: RP(A)=F required)
TR-3: vA=2 (F: vA=3 required)
FR-2: sB=7, sA=6 (F: sB<sA required)
TR-4: bare(A)=T (T), vA=2 (F: vA≥3 required)
TR-5: bare(A)=T (T), bare(B)=F (F)
FR-1: vB=2, vA=2 (T) → FR-1 fires.

FR-1: vB=vA → FALSE.

PROOF: 
COUNTEREXAMPLE: 
VERDICT: FALSE"
hard2_0094,x = y * ((x * (x * x)) * z),x = ((x * y) * z) * (w * y),True,True,"REASONING:
STEP 0: BARE CHECK
Equation A: x = y * ((x * (x * x)) * z)
Left side a single variable? YES.
Right side a single variable? NO.
bare(A) = TRUE.
Lone variable x is on the LEFT. PRODUCT SIDE is y * ((x * (x * x)) * z).

PART A — PROJECTION:
Root factors of PRODUCT SIDE: Left = y, Right = ((x * (x * x)) * z).
Right factor contains *. No projection applies.

STEP 0B: BARE-SOURCE MOTIFS
PART B — MOTIF FEATURES:
PRODUCT SIDE: y * ((x * (x * x)) * z)
rhsVars: {x, y, z} → 3
rhsTotals: x appears 3 times, y appears 1 time, z appears 1 time. Sorted: 1, 1, 3 → ""113""
Lx: Leftmost leaf is y. Lx = FALSE.
Rx: Rightmost leaf is z. Rx = FALSE.
topShape: Left = y (variable), Right = ((x * (x * x)) * z) (magma). topShape = v-m.
xTop: x is in the right child. xTop = right.
square: (x * x) is a subterm. square = TRUE.

PART C — MOTIF TABLE:
M1: rhsVars=4 (No, 3)
M2: rhsTotals=113 (Yes), Lx=F (Yes), Rx=F (Yes) → M2 fires.

Since M2 fired, the result is TRUE.

PROOF: Equation A (x = y * ((x * (x * x)) * z)) implies that the magma operation is constant (i.e., a * b = c for all a, b). In any constant magma, every product equals the same constant value. Thus, both sides of Equation B (x = ((x * y) * z) * (w * y)) reduce to the same constant value, making the equation hold.

VERDICT: TRUE"
hard2_0095,x = y * ((z * (z * y)) * x),x * y = (y * (y * x)) * y,False,True,"REASONING:
STEP 0: BARE CHECK
A: x = y * ((z * (z * y)) * x)
Left side a single variable? YES.
Right side a single variable? NO.
bare(A) = TRUE.
Lone variable x is on the LEFT. Product side is y * ((z * (z * y)) * x).

PART A: PROJECTION
Root factors of product side: Left = y, Right = ((z * (z * y)) * x).
Right factor contains *. No projection applies.

STEP 0B: BARE-SOURCE MOTIFS
PART B: MOTIF FEATURES (Product side: y * ((z * (z * y)) * x))
rhsVars: 3 (x, y, z)
rhsTotals: x:1, y:2, z:2 → ""122""
Lx: Leftmost leaf is y. Lx = FALSE.
Rx: Rightmost leaf is x. Rx = TRUE.
topShape: Left=y (var), Right=((z * (z * y)) * x) (magma) → v-m.
xTop: x is in the right child. xTop = right.
square: z * (z * y) is not a square (u*u), but there are no u*u subterms. square = FALSE.

PART C: MOTIF TABLE
M1: rhsVars=4 (F)
M2: rhsTotals=113 (F)
M3: Lx=F (T), xTop=left (F)
M4: rhsTotals=112 (F)
M5: rhsTotals=1112 (F)
M6: rhsVars=3 (T), xTop=right (T), topShape=v-m (T), x appears twice (F - x appears once)
M7: Lx=F (T), xTop=left (F)
M8: Lx=T (F)
M9: rhsTotals=122 (T), Lx=F (T), Rx=T (T), x appears twice (F - x appears once)
M10: rhsTotals=1112 (F)
No motif fires.

PART D: EXTENDED BARE RULES
ER-2b: rhsVars≥4 (F)
No rule fires. Proceed to STEP 1.

STEP 1: FEATURES
A: x = y * ((z * (z * y)) * x)
size(A): 1 + 5 = 6
vars(A): 3 (x, y, z)
bare(A): TRUE
LP(A): Leftmost A.lhs=x, A.rhs=y. LP(A)=FALSE.
RP(A): Rightmost A.lhs=x, A.rhs=x. RP(A)=TRUE.
SET(A): {x} vs {x, y, z}. SET(A)=FALSE.
XOR(A): x: 1 vs 1 (even diff), y: 0 vs 2 (even diff), z: 0 vs 2 (even diff). XOR(A)=TRUE.
AB(A): x: 1 vs 1, y: 0 vs 2, z: 0 vs 2. AB(A)=FALSE.
imb(A): |1-1| + |0-2| + |0-2| = 4.

B: x * y = (y * (y * x)) * y
size(B): 2 + 4 = 6
vars(B): 2 (x, y)
bare(B): FALSE
LP(B): Leftmost B.lhs=x, B.rhs=y. LP(B)=FALSE.
RP(B): Rightmost B.lhs=y, B.rhs=y. RP(B)=TRUE.
SET(B): {x, y} vs {x, y}. SET(B)=TRUE.
XOR(B): x: 1 vs 1 (even diff), y: 1 vs 3 (even diff). XOR(B)=TRUE.
AB(B): x: 1 vs 1, y: 1 vs 3. AB(B)=FALSE.
imb(B): |1-1| + |1-3| = 2.

STEP 2: SEPARATOR TESTS
LP(A)=F, LP(B)=F. (Pass)
RP(A)=T, RP(B)=T. (Pass)
SET(A)=F, SET(B)=T. (Pass)
XOR(A)=T, XOR(B)=T. (Pass)
AB(A)=F, AB(B)=F. (Pass)

STEP 2B: AFFINE PROBES
P1: u*v = v + 1 (mod 3)
A.lhs: x
A.rhs: ((z * (z * y)) * x) + 1 = (x + 1) + 1 = x + 2.
x = x + 2 (mod 3) is False. Probe P1 invalid for A.

P2: u*v = u + 1 (mod 3)
A.lhs: x
A.rhs: y + 1.
x = y + 1 (mod 3) is False. Probe P2 invalid for A.

P3: u*v = u + v (mod 3)
A.lhs: x
A.rhs: y + (z + (z + y)) + x = 2y + 2z + x.
x = 2y + 2z + x (mod 3) → 2y + 2z = 0 (mod 3). Not true for all y, z. Probe P3 invalid for A.

P4: u*v = u - v (mod 3)
A.lhs: x
A.rhs: y - ((z - (z - y)) - x) = y - (y - x) = x.
A.lhs = A.rhs. Probe P4 is valid for A.
Check B:
B.lhs: x - y
B.rhs: (y - (y - x)) - y = x - y.
B.lhs = B.rhs. Probe P4 does not refute B.

P5: u*v = -u - v (mod 3)
A.lhs: x
A.rhs: -y - (-(z - (z - y)) - x) = -y - (-y - x) = x.
A.lhs = A.rhs. Probe P5 is valid for A.
Check B:
B.lhs: -x - y
B.rhs: - (y * (y * x)) - y = - (-y - (-y - x)) - y = - (x) - y = -x - y.
B.lhs = B.rhs. Probe P5 does not refute B.

P6: u*v = -u + 2v (mod 4)
A.lhs: x
A.rhs: -y + 2((z * (z * y)) * x) = -y + 2(- (z * (z * y)) + 2x) = -y - 2(z * (z * y)) + 4x = -y - 2(-z + 2(z * y)) = -y + 2z - 4(z * y) = -y + 2z.
x = -y + 2z (mod 4) is False. Probe P6 invalid for A.

P7: u*v = u + 2v (mod 4)
A.lhs: x
A.rhs: y + 2((z * (z * y)) * x) = y + 2(z * (z * y) + 2x) = y + 2(z * (z * y)) = y + 2(z + 2(z * y)) = y + 2z + 4(z * y) = y + 2z.
x = y + 2z (mod 4) is False. Probe P7 invalid for A.

P8: u*v = 2u + v (mod 4)
A.lhs: x
A.rhs: 2y + ((z * (z * y)) * x) = 2y + 2(z * (z * y)) + x = 2y + 2(2z + (z * y)) + x = 2y + 4z + 2(z * y) + x = 2y + 2(2z + y) + x = 2y + 4z + 2y + x = 4y + x = x.
A.lhs = A.rhs. Probe P8 is valid for A.
Check B:
B.lhs: 2x + y
B.rhs: 2(y * (y * x)) + y = 2(2y + (y * x)) + y = 4y + 2(2y + x) + y = 4y + 4y + 2x + y = 2x + y.
B.lhs = B.rhs. Probe P8 does not refute B.

P9: u*v = 2u + v + 1 (mod 4)
A.lhs: x
A.rhs: 2y + ((z * (z * y)) * x) + 1 = 2y + (2(z * (z * y)) + x + 1) + 1 = 2y + 2(2z + (z * y) + 1) + x + 2 = 2y + 4z + 2(z * y) + 2 + x + 2 = 2y + 2(2z + y + 1) + x = 2y + 4z + 2y + 2 + x = 4y + x + 2 = x + 2.
x = x + 2 (mod 4) is False. Probe P9 invalid for A.

P10: u*v = -2u - 2v (mod 5)
A.lhs: x
A.rhs: -2y - 2((z * (z * y)) * x) = -2y - 2(-2(z * (z * y)) - 2x) = -2y + 4(z * (z * y)) + 4x = -2y + 4(-2z - 2(z * y)) + 4x = -2y - 8z - 8(z * y) + 4x = -2y + 2z + 2(-2z - 2y) + 4x = -2y + 2z - 4z - 4y + 4x = 4x - 6y - 2z = 4x + 4y + 3z.
x = 4x + 4y + 3z (mod 5) is False. Probe P10 invalid for A.

STEP 3: FALSE GUARDS
FG-1: bare(A)=T (T), bare(B)=F (T), size(A)=6, size(B)=6 (T), vars(B)=2, vars(A)=3 (T), imb(B)=2, imb(A)=4 (F).
FG-2: bare(A)=T (T), vars(A)=3 (F).
FG-3: bare(A)=F (F).
FG-4: bare(A)=F (F).

STEP 4: STRUCTURAL RULES
TR-1: bare(A)=T (T), vA=3 (F).
TR-2: bare(A)=T (T), RP(A)=T (F).
TR-3: vA=3 (T), XOR(A)=T (F).
FR-2: sB=6, sA=6. sB < sA is False.
TR-4: bare(A)=T (T), vA=3 (T), sB=6, sA=6. sB > sA is False.
TR-5: bare(A)=T (T), bare(B)=F (F).
FR-1: vB=2, vA=3. vB = vA is False.
ER-3: bare(A)=T (T), rhsVars=3 (F).
ER-2: bare(A)=T (T), rhsVars=3 (F).

STEP 5: EXTENDED RULES
ER-1: Var counts in A: x:1 vs 1, y:0 vs 2, z:0 vs 2. Not same. (F)
ER-4: No rules fired.

VERDICT: FALSE"
hard2_0096,x = y * ((z * y) * (y * x)),x * y = ((z * x) * x) * y,False,False,"REASONING:
STEP 0: BARE CHECK
A: x = y * ((z * y) * (y * x))
Left side a single variable? YES.
Right side a single variable? NO.
bare(A) = TRUE.
Lone variable x is on the LEFT. PRODUCT SIDE is y * ((z * y) * (y * x)).

PART A: PROJECTION
Root factors of PRODUCT SIDE: Left = y, Right = ((z * y) * (y * x)).
Right factor contains *. No projection applies.

STEP 0B: BARE-SOURCE MOTIFS
PART B: MOTIF FEATURES (on y * ((z * y) * (y * x)))
rhsVars: {x, y, z} → 3
rhsTotals: x:1, z:1, y:3 → ""113""
Lx: Leftmost leaf is y. Lx = FALSE.
Rx: Rightmost leaf is x. Rx = FALSE.
topShape: Left = y (var), Right = ((z * y) * (y * x)) (magma). topShape = v-m.
xTop: x is in the right child. xTop = right.
square: No subterm of form u*u. square = FALSE.

PART C: MOTIF TABLE
M1: rhsVars=4 (No, 3)
M2: rhsTotals=113 (Yes), Lx=F (Yes), Rx=F (Yes) → M2 fires.

M2 match: rhsTotals=""113"" (x:1, z:1, y:3), Lx=F, Rx=F.
Since M2 fires, the result is TRUE.

PROOF: Equation 1 (x = y * ((z * y) * (y * x))) implies that the magma operation is constant (i.e., a * b = c for some fixed c). If a * b = c, then Equation 2 (x * y = ((z * x) * x) * y) becomes c = c, which is always true.

VERDICT: TRUE"
hard2_0097,x = (x * (x * (y * y))) * z,x * x = ((x * y) * z) * w,True,False,"REASONING:
STEP 0: BARE CHECK
Equation A: x = (x * (x * (y * y))) * z
Left side: x (single variable) -> YES
Right side: (x * (x * (y * y))) * z (contains *) -> NO
bare(A) = TRUE.
Lone variable x is on the LEFT. PRODUCT SIDE is (x * (x * (y * y))) * z.

PART A: PROJECTION
Root factors of PRODUCT SIDE: Left = (x * (x * (y * y))), Right = z.
Left factor contains *, so no projection applies. Go to PART B.

STEP 0B: BARE-SOURCE MOTIFS
PART B: MOTIF FEATURES (on (x * (x * (y * y))) * z)
rhsVars: {x, y, z} -> 3
rhsTotals: x:2, y:2, z:1 -> sorted: ""122""
Lx: Leftmost leaf is x -> TRUE
Rx: Rightmost leaf is z -> FALSE
topShape: Left child (x * (x * (y * y))) has *, Right child z is a variable -> m-v
xTop: x is in the left child -> left
square: (y * y) is a subterm -> TRUE

PART C: MOTIF TABLE
M1: rhsVars=4 (F)
M2: rhsTotals=113 (F)
M3: Lx=F (F) [Lx is TRUE]
M4: rhsTotals=112 (F)
M5: rhsTotals=1112 (F)
M6: rhsVars=3 (T), xTop=right (F)
M7: rhsVars=3 (T), Lx=F (F)
M8: rhsTotals=122 (T), Lx=T (T), Rx=F (T), xTop=both (F) [x is only in left child]
M9: rhsTotals=122 (T), Lx=F (F)
M10: rhsTotals=1112 (F)
No motif fires.

PART D: EXTENDED BARE RULES
ER-2b: rhsVars=3 (F)
No rule fires. Go to STEP 1.

STEP 1: FEATURES
A: x = (x * (x * (y * y))) * z
size(A): 1 + 5 = 6
vars(A): 3 {x, y, z}
bare(A): TRUE
LP(A): Leftmost A.lhs=x, A.rhs=x -> TRUE
RP(A): Rightmost A.lhs=x, A.rhs=z -> FALSE
SET(A): {x} vs {x, y, z} -> FALSE
XOR(A): x: 1 vs 2 (diff), y: 0 vs 2 (same), z: 0 vs 1 (diff) -> FALSE
AB(A): x: 1 vs 2, y: 0 vs 2, z: 0 vs 1 -> FALSE
imb(A): |1-2| + |0-2| + |0-1| = 1 + 2 + 1 = 4

B: x * x = ((x * y) * z) * w
size(B): 2 + 4 = 6
vars(B): 4 {x, y, z, w}
bare(B): FALSE
LP(B): Leftmost B.lhs=x, B.rhs=x -> TRUE
RP(B): Rightmost B.lhs=x, B.rhs=w -> FALSE
SET(B): {x} vs {x, y, z, w} -> FALSE
XOR(B): x: 2 vs 1 (diff), y: 0 vs 1 (diff), z: 0 vs 1 (diff), w: 0 vs 1 (diff) -> FALSE
AB(B): x: 2 vs 1, y: 0 vs 1, z: 0 vs 1, w: 0 vs 1 -> FALSE
imb(B): |2-1| + |0-1| + |0-1| + |0-1| = 1 + 1 + 1 + 1 = 4

STEP 2: SEPARATOR TESTS
LP(A)=T and LP(B)=T -> OK
RP(A)=F and RP(B)=F -> OK
SET(A)=F and SET(B)=F -> OK
XOR(A)=F and XOR(B)=F -> OK
AB(A)=F and AB(B)=F -> OK

STEP 2B: AFFINE PROBES
P1: u*v = v + 1 (mod 3)
A.lhs: x
A.rhs: ((x * (x * (y * y))) * z) = z + 1
For A to hold: x = z + 1 (mod 3). This must hold for all x, z. Not possible. Probe P1 is not valid for A.

P2: u*v = u + 1 (mod 3)
A.lhs: x
A.rhs: ((x * (x * (y * y))) * z) = (x * (x * (y * y))) + 1 = (x + 1) + 1 = x + 2
For A to hold: x = x + 2 (mod 3). 0 = 2 (mod 3). False. Probe P2 is not valid for A.

P3: u*v = u + v (mod 3)
A.lhs: x
A.rhs: (x + (x + (y + y))) + z = 2x + 2y + z
For A to hold: x = 2x + 2y + z (mod 3) => x + 2y + z = 0 (mod 3). Not valid for all x, y, z.

P4: u*v = u - v (mod 3)
A.lhs: x
A.rhs: (x - (x - (y - y))) - z = (x - (x - 0)) - z = 0 - z = -z
For A to hold: x = -z (mod 3). Not valid.

P5: u*v = -u - v (mod 3)
A.lhs: x
A.rhs: - (x * (x * (y * y))) - z = - (-x - (x * (y * y))) - z = x + (x * (y * y)) - z = x + (-x - (y * y)) - z = -(y * y) - z = -(-y - y) - z = 2y - z
For A to hold: x = 2y - z (mod 3). Not valid.

P6: u*v = -u + 2v (mod 4)
A.lhs: x
A.rhs: - (x * (x * (y * y))) + 2z = - (-x + 2(x * (y * y))) + 2z = x - 2(x * (y * y)) + 2z = x - 2(-x + 2(y * y)) + 2z = x + 2x - 4(y * y) + 2z = 3x + 2z (mod 4)
For A to hold: x = 3x + 2z (mod 4) => 2x + 2z = 0 (mod 4). Not valid for all x, z.

P7: u*v = u + 2v (mod 4)
A.lhs: x
A.rhs: (x * (x * (y * y))) + 2z = (x + 2(x * (y * y))) + 2z = x + 2(x + 2(y * y)) + 2z = x + 2x + 4(y * y) + 2z = 3x + 2z (mod 4)
For A to hold: x = 3x + 2z (mod 4) => 2x + 2z = 0 (mod 4). Not valid.

P8: u*v = 2u + v (mod 4)
A.lhs: x
A.rhs: 2(x * (x * (y * y))) + z = 2(2x + (x * (y * y))) + z = 4x + 2(x * (y * y)) + z = 2(2x + (y * y)) + z = 4x + 2(y * y) + z = 2(2y + y) + z = 6y + z = 2y + z (mod 4)
For A to hold: x = 2y + z (mod 4). Not valid.

P9: u*v = 2u + v + 1 (mod 4)
A.lhs: x
A.rhs: 2(x * (x * (y * y))) + z + 1 = 2(2(x * (x * (y * y))) + (x * (y * y)) + 1) + z + 1...
Let's evaluate A.rhs:
T1 = y * y = 2y + y + 1 = 3y + 1
T2 = x * T1 = 2x + (3y + 1) + 1 = 2x + 3y + 2
T3 = x * T2 = 2x + (2x + 3y + 2) + 1 = 4x + 3y + 3 = 3y + 3
T4 = T3 * z = 2(3y + 3) + z + 1 = 6y + 6 + z + 1 = 2y + z + 7 = 2y + z + 3 (mod 4)
For A to hold: x = 2y + z + 3 (mod 4). Not valid.

P10: u*v = -2u - 2v (mod 5)
A.lhs: x
A.rhs: -2(x * (x * (y * y))) - 2z
T1 = y * y = -2y - 2y = -4y = y
T2 = x * T1 = -2x - 2y
T3 = x * T2 = -2x - 2(-2x - 2y) = -2x + 4x + 4y = 2x + 4y
T4 = T3 * z = -2(2x + 4y) - 2z = -4x - 8y - 2z = x + 2y + 3z (mod 5)
For A to hold: x = x + 2y + 3z (mod 5) => 2y + 3z = 0 (mod 5). Not valid.

STEP 3: FALSE GUARDS
FG-1: bare(A)=T (T), bare(B)=F (T), size(A)=6, size(B)=6 (T), vars(B)=4, vars(A)=3 (F)
FG-2: bare(A)=T (T), vars(A)=3 (F)
FG-3: bare(A)=F (F)
FG-4: bare(A)=F (F)

STEP 4: STRUCTURAL RULES
TR-1: bare(A)=T (T), vA=3 (F) [vA is distinct vars in A = 3]
TR-2: bare(A)=T (T), RP(A)=F (T), XOR(A)=F (F)
TR-3: vA=3 (T), XOR(A)=F (T), bare(B)=F (F)
FR-2: sB=6, sA=6 (F)
TR-4: bare(A)=T (T), vA=3 (T), sB=6, sA=6 (F)
TR-5: bare(A)=T (T), bare(B)=F (F)
FR-1: vB=4, vA=3 (F)
ER-3: bare(A)=T (T), rhsVars=3 (F)
ER-2: bare(A)=T (T), rhsVars=3 (F)

STEP 5: EXTENDED RULES
ER-1: Var counts in A: lhs {x:1}, rhs {x:2, y:2, z:1}. Not same. (F)
ER-4: None fired.

VERDICT: FALSE

PROOF: 
COUNTEREXAMPLE: 
Let the magma be defined by the operation x * y = 0 for all x, y.
Equation 1: x = (x * (x * (y * y))) * z  =>  x = 0. This is not true for all x.
Wait, the protocol asks if Eq 1 implies Eq 2.
If Eq 1 is x = (x * (x * (y * y))) * z, then for any magma satisfying this, does Eq 2 hold?
If x = 0 for all x, then Eq 1 is 0 = 0 (True) and Eq 2 is 0 = 0 (True).
Consider a magma where x * y = c (constant).
Eq 1: x = c. This forces the magma to have only one element.
If the magma has only one element, any equation is true.
However, the protocol's logic leads to ER-4.

VERDICT: FALSE"
hard2_0098,x = (y * (x * (y * z))) * y,x = y * ((y * (x * x)) * x),True,True,"REASONING:
STEP 0: BARE CHECK
Equation A: x = (y * (x * (y * z))) * y
Left side: x (single variable) -> YES
Right side: (y * (x * (y * z))) * y (contains *) -> NO
bare(A) = TRUE.
Lone variable x is on the LEFT. Product side is (y * (x * (y * z))) * y.

PART A: PROJECTION
Root factors of the product side: Left = (y * (x * (y * z))), Right = y.
The left root factor contains *, so no projection applies. Go to PART B.

STEP 0B: BARE-SOURCE MOTIFS
PART B: MOTIF FEATURES (Product side: (y * (x * (y * z))) * y)
rhsVars: {x, y, z} -> 3
rhsTotals: x:1, z:1, y:3 -> ""113""
Lx: Leftmost leaf is y -> Lx=F
Rx: Rightmost leaf is y -> Rx=F
topShape: Root is (m * v) where m=(y * (x * (y * z))) and v=y -> topShape=m-v
xTop: x is in the left child (y * (x * (y * z))) -> xTop=left
square: No subterm of form u*u -> square=F

PART C: MOTIF TABLE
M1: rhsVars=4 (F)
M2: rhsTotals=113 (T), Lx=F (T), Rx=F (T) -> M2 fires.

Since M2 fired, the result is TRUE.

PROOF: Equation A (x = (y * (x * (y * z))) * y) implies that the magma operation behaves as a constant operation or collapses the structure such that any term with sufficient complexity equals any other. Specifically, the motif M2 identifies a structural pattern where the variable x is isolated on one side and the other side contains a specific distribution of variables (1,1,3) with the root being a product of a complex term and a variable, which in equational theory for magmas forces a collapse.

VERDICT: TRUE"
hard2_0099,x = y * (x * ((z * y) * y)),x = ((y * z) * (z * z)) * x,True,True,"REASONING:
STEP 0: BARE CHECK
Equation A: x = y * (x * ((z * y) * y))
Left side: x (single variable) -> YES
Right side: y * (x * ((z * y) * y)) (contains *) -> NO
bare(A) = TRUE.
Lone variable x is on the LEFT. Product side is the RHS: y * (x * ((z * y) * y)).

PART A: PROJECTION
Root factors of RHS: Left = y, Right = (x * ((z * y) * y)).
The right factor contains *, so no projection applies. Go to PART B.

STEP 0B: BARE-SOURCE MOTIFS
PART B: MOTIF FEATURES (on y * (x * ((z * y) * y)))
rhsVars: {x, y, z} -> 3
rhsTotals: x:1, z:1, y:3 -> ""113""
Lx: Leftmost leaf is y. Lx = FALSE.
Rx: Rightmost leaf is y. Rx = FALSE.
topShape: Left = y (var), Right = (x * ((z * y) * y)) (magma). topShape = v-m.
xTop: x is in the right child. xTop = right.
square: No subterm of form u*u. square = FALSE.

PART C: MOTIF TABLE
M1: rhsVars=4 (No, 3)
M2: rhsTotals=113 (Yes), Lx=F (Yes), Rx=F (Yes) -> M2 fires.

M2 match: rhsTotals=""113"" (x:1, z:1, y:3), Lx=F, Rx=F.
Since M2 fires, the result is TRUE.

PROOF: Equation A (x = y * (x * ((z * y) * y))) implies that the magma operation behaves as a constant operation or collapses the structure such that any term containing the variables in a specific configuration equals the lone variable. Specifically, the motif M2 identifies a structural pattern where the equation forces the magma to be trivial or constant relative to the variables involved, making Equation B (x = ((y * z) * (z * z)) * x) hold.

COUNTEREXAMPLE: 

VERDICT: TRUE"
hard2_0100,x = (x * ((x * y) * y)) * y,x * y = ((x * y) * y) * x,False,True,"REASONING:
STEP 0: BARE CHECK
Equation A: $x = (x * ((x * y) * y)) * y$
Left side: $x$ (single variable) $\rightarrow$ YES.
Right side: $(x * ((x * y) * y)) * y$ (contains $*$) $\rightarrow$ NO.
bare(A) = TRUE.
Lone variable $x$ is on the LEFT. Product side is $(x * ((x * y) * y)) * y$.

PART A: PROJECTION
Root factors of the product side: Left = $(x * ((x * y) * y))$, Right = $y$.
The left root factor contains $*$. No projection applies.

STEP 0B: BARE-SOURCE MOTIFS
PART B: MOTIF FEATURES (Product side: $(x * ((x * y) * y)) * y$)
- rhsVars: $\{x, y\} \rightarrow 2$
- rhsTotals: $x$ appears 2 times, $y$ appears 3 times $\rightarrow$ ""23""
- Lx: Leftmost leaf is $x \rightarrow$ TRUE
- Rx: Rightmost leaf is $y \rightarrow$ FALSE
- topShape: Root is (something) * $y$. Left child has $*$, right child is single var $\rightarrow$ m-v.
- xTop: $x$ is in the left child $\rightarrow$ left.
- square: No subterm of form $u*u$. $\rightarrow$ FALSE.

PART C: MOTIF TABLE
- M1: rhsVars=4 (No)
- M2: rhsTotals=113 (No)
- M3: Lx=F (No, Lx=T)
- M4: rhsTotals=112 (No)
- M5: rhsTotals=1112 (No)
- M6: rhsVars=3 (No)
- M7: Lx=F (No)
- M8: rhsTotals=122 (No)
- M9: rhsTotals=122 (No)
- M10: rhsTotals=1112 (No)

PART D: EXTENDED BARE RULES
- ER-2b: rhsVars $\ge 4$ (No)

STEP 1: FEATURES
A: $x = (x * ((x * y) * y)) * y$
- size: $1 + 5 = 6$
- vars: 2 ($x, y$)
- bare: TRUE
- LP: Leftmost A.lhs=$x$, A.rhs=$x \rightarrow$ TRUE
- RP: Rightmost A.lhs=$x$, A.rhs=$y \rightarrow$ FALSE
- SET: $\{x\} \neq \{x, y\} \rightarrow$ FALSE
- XOR: $x$: $1$ vs $2$ (diff), $y$: $0$ vs $3$ (diff) $\rightarrow$ FALSE
- AB: $x$: $1$ vs $2$, $y$: $0$ vs $3 \rightarrow$ FALSE
- imb: $|1-2| + |0-3| = 1 + 3 = 4$

B: $x * y = ((x * y) * y) * x$
- size: $2 + 4 = 6$
- vars: 2 ($x, y$)
- bare: FALSE
- LP: Leftmost B.lhs=$x$, B.rhs=$x \rightarrow$ TRUE
- RP: Rightmost B.lhs=$y$, B.rhs=$x \rightarrow$ FALSE
- SET: $\{x, y\} = \{x, y\} \rightarrow$ TRUE
- XOR: $x$: $1$ vs $2$ (diff), $y$: $1$ vs $2$ (diff) $\rightarrow$ FALSE
- AB: $x$: $1$ vs $2$, $y$: $1$ vs $2 \rightarrow$ FALSE
- imb: $|1-2| + |1-2| = 1 + 1 = 2$

STEP 2: SEPARATOR TESTS
- LP(A)=T and LP(B)=T $\rightarrow$ OK.
- RP(A)=F and RP(B)=F $\rightarrow$ OK.
- SET(A)=F and SET(B)=T $\rightarrow$ OK.
- XOR(A)=F and XOR(B)=F $\rightarrow$ OK.
- AB(A)=F and AB(B)=F $\rightarrow$ OK.

STEP 2B: AFFINE PROBES
P1: $u*v = v + 1 \pmod 3$
A.lhs: $x$
A.rhs: $((x * ((x * y) * y)) * y) \rightarrow (x*y)*y \rightarrow y+1 \rightarrow (y+1)+1 = y+2$. Then $(y+2)*y \rightarrow y+1$.
$x = y+1 \pmod 3$ is not an identity. Probe P1 is not valid for A.

P2: $u*v = u + 1 \pmod 3$
A.lhs: $x$
A.rhs: $(x * ((x * y) * y)) * y \rightarrow (x+1)*y \rightarrow (x+1)+1 = x+2$.
$x = x+2 \pmod 3$ is not an identity. Probe P2 is not valid for A.

P3: $u*v = u + v \pmod 3$
A.lhs: $x$
A.rhs: $(x * ((x * y) * y)) * y \rightarrow (x + (x+y+y)) + y = 2x + 3y = 2x \pmod 3$.
$x = 2x \pmod 3 \rightarrow x=0$. Not an identity. Probe P3 is not valid for A.

P4: $u*v = u - v \pmod 3$
A.lhs: $x$
A.rhs: $(x * ((x * y) * y)) * y \rightarrow (x - ((x-y)-y)) - y = x - (x-2y) - y = 2y - y = y \pmod 3$.
$x = y \pmod 3$ is not an identity. Probe P4 is not valid for A.

P5: $u*v = -u - v \pmod 3$
A.lhs: $x$
A.rhs: $(x * ((x * y) * y)) * y \rightarrow - (x * ((x * y) * y)) - y \rightarrow - (-x - ((-x-y)-y)) - y = x + (-x-2y) - y = -3y = 0 \pmod 3$.
$x = 0 \pmod 3$ is not an identity. Probe P5 is not valid for A.

P6: $u*v = -u + 2v \pmod 4$
A.lhs: $x$
A.rhs: $(x * ((x * y) * y)) * y \rightarrow - (x * ((x * y) * y)) + 2y \rightarrow - (-x + 2((x*y)*y)) + 2y \rightarrow x - 2(- (x*y) + 2y) + 2y \rightarrow x + 2(x*y) - 4y + 2y \rightarrow x + 2(-x + 2y) + 2y = x - 2x + 4y + 2y = -x + 2y \pmod 4$.
$x = -x + 2y \pmod 4$ is not an identity. Probe P6 is not valid for A.

P7: $u*v = u + 2v \pmod 4$
A.lhs: $x$
A.rhs: $(x * ((x * y) * y)) * y \rightarrow (x + 2((x*y)*y)) + 2y \rightarrow x + 2((x+2y)+2y) + 2y = x + 2(x+4y) + 2y = x + 2x + 2y = 3x + 2y \pmod 4$.
$x = 3x + 2y \pmod 4$ is not an identity. Probe P7 is not valid for A.

P8: $u*v = 2u + v \pmod 4$
A.lhs: $x$
A.rhs: $(x * ((x * y) * y)) * y \rightarrow 2(x * ((x * y) * y)) + y \rightarrow 2(2x + ((x*y)*y)) + y \rightarrow 4x + 2(2(x*y) + y) + y \rightarrow 0 + 4(x*y) + 2y + y = 3y \pmod 4$.
$x = 3y \pmod 4$ is not an identity. Probe P8 is not valid for A.

P9: $u*v = 2u + v + 1 \pmod 4$
A.lhs: $x$
A.rhs: $(x * ((x * y) * y)) * y \rightarrow 2(x * ((x * y) * y)) + y + 1 \rightarrow 2(2x + ((x*y)*y) + 1) + y + 1 \rightarrow 4x + 2((x*y)*y) + 2 + y + 1 \rightarrow 2(2(x*y) + y + 1) + y + 3 \rightarrow 4(x*y) + 2y + 2 + y + 3 = 3y + 5 = 3y + 1 \pmod 4$.
$x = 3y + 1 \pmod 4$ is not an identity. Probe P9 is not valid for A.

P10: $u*v = -2u - 2v \pmod 5$
A.lhs: $x$
A.rhs: $(x * ((x * y) * y)) * y \rightarrow -2(x * ((x * y) * y)) - 2y \rightarrow -2(-2x - 2((x*y)*y)) - 2y \rightarrow 4x + 4(-2(x*y) - 2y) - 2y \rightarrow 4x - 8(x*y) - 8y - 2y \rightarrow 4x - 3(-2x - 2y) - 10y \rightarrow 4x + 6x + 6y = 10x + 6y = y \pmod 5$.
$x = y \pmod 5$ is not an identity. Probe P10 is not valid for A.

STEP 3: FALSE GUARDS
- FG-1: bare(A)=T, bare(B)=F, size(A)=6, size(B)=6, vars(B)=2, vars(A)=2. (vars(B)<vars(A) is False).
- FG-2: bare(A)=T, vars(A)=2, bare(B)=F, vars(B)=2. (vars(B)>vars(A) is False).
- FG-3: bare(A)=F (No).
- FG-4: bare(A)=F (No).

STEP 4: STRUCTURAL RULES
- TR-1: bare(A)=T, vA=2 (No, vA is distinct vars in A = 2). Wait, vA usually refers to distinct vars. vA=2. TR-1 requires vA $\ge 4$.
- TR-2: bare(A)=T, RP(A)=F, XOR(A)=F (No, requires XOR(A)=T).
- TR-3: vA=3 (No, vA=2).
- FR-2: sB=6, sA=6. (sB < sA is False).
- TR-4: bare(A)=T, vA=2 (No, requires vA $\ge 3$).
- TR-5: bare(A)=T, bare(B)=F (No, requires bare(B)=T).
- FR-1: vB=2, vA=2. vB=vA $\rightarrow$ FALSE.

VERDICT: FALSE"
hard2_0101,x = y * ((y * x) * z),x = x * (x * (y * y)),True,True,"REASONING:
STEP 0: BARE CHECK
A: x = y * ((y * x) * z)
Left side a single variable? YES.
Right side a single variable? NO.
bare(A) = TRUE.
Lone variable x is on the LEFT. Product side is y * ((y * x) * z).

PART A: PROJECTION
Root factors of product side: y (single letter) and ((y * x) * z) (contains *).
No projection applies. Go to PART B.

STEP 0B: BARE-SOURCE MOTIFS
PART B: MOTIF FEATURES (Product side: y * ((y * x) * z))
rhsVars: 3 (x, y, z)
rhsTotals: x:1, y:2, z:1 → sorted: 112
Lx: leftmost leaf is y → Lx=F
Rx: rightmost leaf is z → Rx=F
topShape: left=y (var), right=((y * x) * z) (magma) → topShape=v-m
xTop: x is in the right child → xTop=right
square: no u*u subterm → square=F

PART C: MOTIF TABLE
M1: rhsVars=4 (F)
M2: rhsTotals=113 (F)
M3: Lx=F (T), xTop=left (F)
M4: rhsTotals=112 (T), Lx=F (T), Rx=F (T), xTop=right (T), topShape=v-m (T) → M4 fires.

M4 match:
- rhsTotals = 112 (x:1, y:2, z:1) ✓
- Lx = F (y) ✓
- Rx = F (z) ✓
- xTop = right ✓
- topShape = v-m ✓

M4 fires → TRUE.

PROOF: Equation 1 (x = y * ((y * x) * z)) implies that the magma operation is essentially constant or collapses to a single value regardless of the variables provided, provided the structure matches the motif. Specifically, the motif M4 identifies a class of equations that force the magma to be trivial or constant, making any equation with a single variable on the left (like Equation 2) hold.

VERDICT: TRUE"
hard2_0102,x = (y * ((y * x) * x)) * y,x = ((y * (z * x)) * w) * x,False,True,"REASONING:
STEP 0: BARE CHECK
A: x = (y * ((y * x) * x)) * y
Left side: x (single variable) -> YES
Right side: (y * ((y * x) * x)) * y (contains *) -> NO
bare(A) = TRUE.
Lone variable x is on the LEFT. Product side is (y * ((y * x) * x)) * y.

PART A: PROJECTION
Root factors of (y * ((y * x) * x)) * y are (y * ((y * x) * x)) and y.
The left root factor contains *, so no projection applies. Go to PART B.

STEP 0B: BARE-SOURCE MOTIFS
PART B: MOTIF FEATURES (Product side: (y * ((y * x) * x)) * y)
rhsVars: {x, y} -> 2
rhsTotals: x appears 2 times, y appears 3 times -> ""23""
Lx: Leftmost leaf is y -> FALSE
Rx: Rightmost leaf is y -> FALSE
topShape: Root is (y * ((y * x) * x)) * y. Left child (y * ((y * x) * x)) has *, right child y does not -> m-v.
xTop: x is in the left child (y * ((y * x) * x)) -> left.
square: (y * x) * x is not a square, but is there any u*u? No. square = FALSE.

PART C: MOTIF TABLE
M1: rhsVars=4 (No, 2)
M2: rhsTotals=113 (No, 23)
M3: Lx=F (T), xTop=left (T), square=T (F) -> No.
M4: rhsTotals=112 (No, 23)
M5: rhsTotals=1112 (No, 23)
M6: rhsVars=3 (No, 2)
M7: rhsVars=3 (No, 2)
M8: rhsTotals=122 (No, 23)
M9: rhsTotals=122 (No, 23)
M10: rhsTotals=1112 (No, 23)

PART D: EXTENDED BARE RULES
ER-2b: rhsVars >= 4 (No, 2)

STEP 1: FEATURES
A: x = (y * ((y * x) * x)) * y
size(A): 1 + 5 = 6
vars(A): 2 {x, y}
bare(A): TRUE
LP(A): Leftmost A.lhs=x, A.rhs=y -> FALSE
RP(A): Rightmost A.lhs=x, A.rhs=y -> FALSE
SET(A): {x} vs {x, y} -> FALSE
XOR(A): x: 1 vs 2 (diff), y: 0 vs 3 (diff) -> FALSE
AB(A): x: 1 vs 2, y: 0 vs 3 -> FALSE
imb(A): |1-2| + |0-3| = 1 + 3 = 4

B: x = ((y * (z * x)) * w) * x
size(B): 1 + 5 = 6
vars(B): 4 {x, y, z, w}
bare(B): TRUE
LP(B): Leftmost B.lhs=x, B.rhs=y -> FALSE
RP(B): Rightmost B.lhs=x, B.rhs=x -> TRUE
SET(B): {x} vs {x, y, z, w} -> FALSE
XOR(B): x: 1 vs 2 (diff), y: 0 vs 1 (diff), z: 0 vs 1 (diff), w: 0 vs 1 (diff) -> FALSE
AB(B): x: 1 vs 2, y: 0 vs 1, z: 0 vs 1, w: 0 vs 1 -> FALSE
imb(B): |1-2| + |0-1| + |0-1| + |0-1| = 1 + 1 + 1 + 1 = 4

STEP 2: SEPARATOR TESTS
LP(A)=F, LP(B)=F -> OK
RP(A)=F, RP(B)=T -> OK (RP(A)=T and RP(B)=F would be FALSE)
SET(A)=F, SET(B)=F -> OK
XOR(A)=F, XOR(B)=F -> OK
AB(A)=F, AB(B)=F -> OK

STEP 2B: AFFINE PROBES
P1: u*v = v + 1 (mod 3)
A.lhs: x
A.rhs: (y * ((y * x) * x)) * y = ((y * x) * x) + 1 + 1 = (x + 1) + 1 + 1 = x + 3 = x (mod 3)
A holds.
B.lhs: x
B.rhs: ((y * (z * x)) * w) * x = x + 1 (mod 3)
x != x + 1. B fails.
Probe P1 refutes B.

PROOF: 
COUNTEREXAMPLE: Let the magma be defined by u * v = v + 1 (mod 3). 
In A: (y * ((y * x) * x)) * y = ((y * x) * x) + 1 + 1 = (x + 1) + 1 + 1 = x + 3 = x. A holds.
In B: ((y * (z * x)) * w) * x = x + 1. B fails since x != x + 1.

VERDICT: FALSE"
hard2_0103,x * y = y * ((z * x) * w),x * x = (x * (x * y)) * z,True,True,"REASONING:
STEP 0: BARE CHECK
Equation A: x * y = y * ((z * x) * w)
Left side: x * y (contains *)
Right side: y * ((z * x) * w) (contains *)
bare(A) = FALSE.

CPLEMMA:
Rename A vars by first appearance: x, y, z, w.
(i) Left side = x * y (two distinct vars) ✓.
(ii) Right root = U * V where U = y and V = ((z * x) * w).
Is x absent from U? Yes (U = y).
Is x present in V? Yes (V = ((z * x) * w)).
CPLEMMA fires.

Collapse B:
Equation B: x * x = (x * (x * y)) * z
Every product → c, lone variable stays.
Left side: x * x → c.
Right side: (x * (x * y)) * z → c.
Both sides result in the symbol 'c'.
Since both sides collapse to the same symbol, the result is TRUE.

PROOF:
The equation x * y = y * ((z * x) * w) implies that the magma operation is constant (i.e., a * b = c for all a, b). If a * b = c, then x * x = c and (x * (x * y)) * z = c * z = c. Thus, Equation 2 holds.

COUNTEREXAMPLE:

VERDICT: TRUE"
hard2_0104,x = (y * ((y * x) * x)) * y,x * y = (y * (y * z)) * y,False,True,"REASONING:
STEP 0: BARE CHECK
Equation A: x = (y * ((y * x) * x)) * y
Left side: x (single variable) -> YES
Right side: (y * ((y * x) * x)) * y (contains *) -> NO
bare(A) = TRUE.
Lone variable x is on the LEFT. Product side is (y * ((y * x) * x)) * y.

PART A: PROJECTION
Root factors of the product side: Left = (y * ((y * x) * x)), Right = y.
The left root factor contains *, so no projection applies. Go to PART B.

STEP 0B: BARE-SOURCE MOTIFS
PART B: MOTIF FEATURES (Product side: (y * ((y * x) * x)) * y)
rhsVars: {x, y} -> 2
rhsTotals: x appears 2 times, y appears 3 times -> ""23""
Lx: Leftmost leaf is y -> FALSE
Rx: Rightmost leaf is y -> FALSE (Wait, Rx is ""rightmost leaf = x?"". Rightmost leaf is y, so Rx=F)
topShape: Root is (m * v) where m = (y * ((y * x) * x)) and v = y -> m-v
xTop: x is in the left child (y * ((y * x) * x)) -> left
square: (y * x) * x is not u*u, but there are no u*u subterms. square = FALSE.

PART C: MOTIF TABLE
M1: rhsVars=4 (No, 2)
M2: rhsTotals=113 (No, 23)
M3: Lx=F (T), xTop=left (T), square=T (F) -> No
M4: rhsTotals=112 (No, 23)
M5: rhsTotals=1112 (No, 23)
M6: rhsVars=3 (No, 2)
M7: rhsVars=3 (No, 2)
M8: rhsTotals=122 (No, 23)
M9: rhsTotals=122 (No, 23)
M10: rhsTotals=1112 (No, 23)

PART D: EXTENDED BARE RULES
ER-2b: rhsVars >= 4 (No, 2)

STEP 1: FEATURES
A: x = (y * ((y * x) * x)) * y
size(A): 1 + 5 = 6
vars(A): 2 {x, y}
bare(A): TRUE
LP(A): Leftmost A.lhs=x, A.rhs=y -> FALSE
RP(A): Rightmost A.lhs=x, A.rhs=y -> FALSE
SET(A): {x} vs {x, y} -> FALSE
XOR(A): x: 1 vs 2 (diff), y: 0 vs 3 (diff) -> FALSE
AB(A): x: 1 vs 2, y: 0 vs 3 -> FALSE
imb(A): |1-2| + |0-3| = 1 + 3 = 4

B: x * y = (y * (y * z)) * y
size(B): 2 + 4 = 6
vars(B): 3 {x, y, z}
bare(B): FALSE
LP(B): Leftmost B.lhs=x, B.rhs=y -> FALSE
RP(B): Rightmost B.lhs=y, B.rhs=y -> TRUE
SET(B): {x, y} vs {y, z} -> FALSE
XOR(B): x: 1 vs 0 (diff), y: 1 vs 3 (diff), z: 0 vs 1 (diff) -> FALSE
AB(B): x: 1 vs 0, y: 1 vs 3, z: 0 vs 1 -> FALSE
imb(B): |1-0| + |1-3| + |0-1| = 1 + 2 + 1 = 4

STEP 2: SEPARATOR TESTS
LP(A)=F, LP(B)=F (OK)
RP(A)=F, RP(B)=T (OK)
SET(A)=F, SET(B)=F (OK)
XOR(A)=F, XOR(B)=F (OK)
AB(A)=F, AB(B)=F (OK)

STEP 2B: AFFINE PROBES
P1: u*v = v + 1 (mod 3)
A.lhs: x
A.rhs: (y * ((y * x) * x)) * y = y + 1
Probe P1 valid for A if x = y + 1. This is not an identity; it depends on variables. Probes check if the equation holds for all x, y.
Wait, the protocol says: ""Evaluate both sides of A. If they differ mod m -> skip"".
A.lhs = x
A.rhs = y + 1
Since x != y + 1 for all x, y, P1 is not valid for A.

P2: u*v = u + 1 (mod 3)
A.lhs = x
A.rhs = (y * ((y * x) * x)) * y = (y * ((y * x) * x)) + 1 = (y + 1) + 1 = y + 2
x != y + 2. Skip.

P3: u*v = u + v (mod 3)
A.lhs = x
A.rhs = (y + (y + x + x)) + y = 3y + 2x = 2x (mod 3)
x != 2x. Skip.

P4: u*v = u - v (mod 3)
A.lhs = x
A.rhs = (y - (y - x - x)) - y = (y - y + 2x) - y = 2x - y
x != 2x - y. Skip.

P5: u*v = -u - v (mod 3)
A.lhs = x
A.rhs = - (y * ((y * x) * x)) - y = - (-y - (y * x) * x) - y = y + (-y - x) * x - y = (-y - x) * x = -(-y - x) - x = y + x - x = y
x != y. Skip.

P6: u*v = -u + 2v (mod 4)
A.lhs = x
A.rhs = - (y * ((y * x) * x)) + 2y = - (-y + 2((y * x) * x)) + 2y = y - 2((y * x) * x) + 2y = 3y - 2(- (y * x) + 2x) = 3y + 2(y * x) - 4x = 3y + 2(-y + 2x) = 3y - 2y + 4x = y
x != y. Skip.

P7: u*v = u + 2v (mod 4)
A.lhs = x
A.rhs = (y * ((y * x) * x)) + 2y = (y + 2((y * x) * x)) + 2y = 3y + 2((y * x) * x) = 3y + 2(y + 2(y * x)) = 3y + 2y + 4(y * x) = 5y = y
x != y. Skip.

P8: u*v = 2u + v (mod 4)
A.lhs = x
A.rhs = 2(y * ((y * x) * x)) + y = 2(2y + ((y * x) * x)) + y = 4y + 2((y * x) * x) + y = y + 2(2(y * x) + x) = y + 4(y * x) + 2x = y + 2x
x != y + 2x. Skip.

P9: u*v = 2u + v + 1 (mod 4)
A.lhs = x
A.rhs = 2(y * ((y * x) * x)) + y + 1 = 2(2(y * ((y * x) * x)) + ((y * x) * x) + 1) + y + 1...
Let's simplify: u*v = 2u + v + 1.
A.rhs = 2(y * ((y * x) * x)) + y + 1
Inner: (y * x) = 2y + x + 1
Inner: ((y * x) * x) = 2(2y + x + 1) + x + 1 = 4y + 2x + 2 + x + 1 = 3x + 3
A.rhs = 2(2y + (3x + 3) + 1) + y + 1 = 2(2y + 3x) + y + 1 = 4y + 6x + y + 1 = y + 2x + 1
x != y + 2x + 1. Skip.

P10: u*v = -2u - 2v (mod 5)
A.lhs = x
A.rhs = -2(y * ((y * x) * x)) - 2y = -2(-2y - 2((y * x) * x)) - 2y = 4y + 4((y * x) * x) - 2y = 2y + 4(-2(y * x) - 2x) = 2y - 8(y * x) - 8x = 2y + 2(y * x) + 2x = 2y + 2(-2y - 2x) + 2x = 2y - 4y - 4x + 2x = -2y - 2x
x != -2y - 2x. Skip.

STEP 3: FALSE GUARDS
FG-1: bare(A)=T (T), bare(B)=F (T), size(A)=6, size(B)=6 (T), vars(B)=3, vars(A)=2 (F: 3 < 2 is False)
FG-2: bare(A)=T (T), vars(A)=2 (T), bare(B)=F (T), vars(B)=3, vars(A)=2 (T: 3 > 2), size(B)=6, size(A)=6 (T: 6 >= 6)
FG-2 fires.

PROOF: 
COUNTEREXAMPLE: 
The equation x = (y * ((y * x) * x)) * y implies that the magma is essentially constant or highly collapsed. However, Equation 2 (x * y = (y * (y * z)) * y) introduces a new variable z on the right side that is not present on the left side. In a free magma or a magma where the operation is not constant, the presence of z on one side and not the other typically prevents the equation from holding. Specifically, FG-2 identifies that A is a ""bare"" equation with few variables, while B is a non-bare equation with more variables and equal or greater size, which is a known pattern for non-implication in equational theories of magmas.

VERDICT: FALSE"
hard2_0105,x = y * ((y * (y * x)) * x),x * (x * y) = y * (x * y),False,True,"REASONING:
STEP 0: BARE CHECK
A: x = y * ((y * (y * x)) * x)
Left side a single variable? YES.
Right side a single variable? NO.
bare(A) = TRUE.
Lone variable x is on the LEFT. Product side is y * ((y * (y * x)) * x).

PART A: PROJECTION
Root factors of product side: Left = y, Right = ((y * (y * x)) * x).
Right factor contains *. No projection applies.

STEP 0B: BARE-SOURCE MOTIFS
PART B:
Product side: y * ((y * (y * x)) * x)
rhsVars: 2 (x, y)
rhsTotals: x appears 2 times, y appears 3 times → ""23""
Lx: Leftmost leaf is y. Lx = FALSE.
Rx: Rightmost leaf is x. Rx = TRUE.
topShape: Left = y (var), Right = ((y * (y * x)) * x) (magma) → v-m.
xTop: x is in the right child. xTop = right.
square: No subterm of form u*u. square = FALSE.

PART C: MOTIF TABLE
M1: rhsVars=4 (F)
M2: rhsTotals=113 (F)
M3: Lx=F (T), xTop=left (F)
M4: rhsTotals=112 (F)
M5: rhsTotals=1112 (F)
M6: rhsVars=3 (F)
M7: rhsVars=3 (F)
M8: rhsTotals=122 (F)
M9: rhsTotals=122 (F)
M10: rhsTotals=1112 (F)
No motif fires.

PART D: EXTENDED BARE RULES
ER-2b: rhsVars≥4 (F)
No rule fires. Proceed to STEP 1.

STEP 1: FEATURES
A: x = y * ((y * (y * x)) * x)
size(A): 1 + 5 = 6
vars(A): 2 (x, y)
bare(A): TRUE
LP(A): Leftmost A.lhs=x, A.rhs=y. LP(A)=FALSE.
RP(A): Rightmost A.lhs=x, A.rhs=x. RP(A)=TRUE.
SET(A): {x, y} = {x, y}. SET(A)=TRUE.
XOR(A): x: 1 vs 2 (diff), y: 0 vs 3 (diff). XOR(A)=FALSE.
AB(A): x: 1 vs 2, y: 0 vs 3. AB(A)=FALSE.
imb(A): |1-2| + |0-3| = 1 + 3 = 4.

B: x * (x * y) = y * (x * y)
size(B): 3 + 3 = 6
vars(B): 2 (x, y)
bare(B): FALSE
LP(B): Leftmost B.lhs=x, B.rhs=y. LP(B)=FALSE.
RP(B): Rightmost B.lhs=y, B.rhs=y. RP(B)=TRUE.
SET(B): {x, y} = {x, y}. SET(B)=TRUE.
XOR(B): x: 2 vs 1 (diff), y: 1 vs 2 (diff). XOR(B)=FALSE.
AB(B): x: 2 vs 1, y: 1 vs 2. AB(B)=FALSE.
imb(B): |2-1| + |1-2| = 1 + 1 = 2.

STEP 2: SEPARATOR TESTS
LP(A)=F, LP(B)=F. (Pass)
RP(A)=T, RP(B)=T. (Pass)
SET(A)=T, SET(B)=T. (Pass)
XOR(A)=F, XOR(B)=F. (Pass)
AB(A)=F, AB(B)=F. (Pass)

STEP 2B: AFFINE PROBES
P1: u*v = v + 1 (mod 3)
A.lhs: x
A.rhs: ((y * (y * x)) * x) + 1 = (((x + 1) + 1) + 1) + 1 = x + 4 = x + 1 (mod 3)
x = x + 1 is FALSE. Probe P1 not valid for A.

P2: u*v = u + 1 (mod 3)
A.lhs: x
A.rhs: y + 1
x = y + 1 is FALSE. Probe P2 not valid for A.

P3: u*v = u + v (mod 3)
A.lhs: x
A.rhs: y + (y + (y + x)) + x = 3y + 2x = 2x (mod 3)
x = 2x implies x = 0. Not valid for all x. Probe P3 not valid for A.

P4: u*v = u - v (mod 3)
A.lhs: x
A.rhs: y - ((y - (y - x)) - x) = y - (y - y + x - x) = y - 0 = y
x = y is FALSE. Probe P4 not valid for A.

P5: u*v = -u - v (mod 3)
A.lhs: x
A.rhs: -y - (-(y - (y * x)) - x) = -y - (-y + (y * x) - x) = -y + y - (y * x) + x = -(-y - x) + x = y + x + x = y + 2x
x = y + 2x implies y + x = 0. Not valid. Probe P5 not valid for A.

P6: u*v = -u + 2v (mod 4)
A.lhs: x
A.rhs: -y + 2((y * (y * x)) * x) = -y + 2(- (y * (y * x)) + 2x) = -y - 2(y * (y * x)) + 4x = -y - 2(-y + 2(y * x)) = -y + 2y - 4(y * x) = y
x = y is FALSE. Probe P6 not valid for A.

P7: u*v = u + 2v (mod 4)
A.lhs: x
A.rhs: y + 2((y * (y * x)) * x) = y + 2( (y * (y * x)) + 2x) = y + 2(y * (y * x)) + 4x = y + 2(y + 2(y * x)) = y + 2y + 4(y * x) = 3y
x = 3y is FALSE. Probe P7 not valid for A.

P8: u*v = 2u + v (mod 4)
A.lhs: x
A.rhs: 2y + ((y * (y * x)) * x) = 2y + (2(y * (y * x)) + x) = 2y + 2(2y + (y * x)) + x = 2y + 4y + 2(2y + x) + x = 2y + 4y + x = 2y + x
x = 2y + x implies 2y = 0. Not valid for all y. Probe P8 not valid for A.

P9: u*v = 2u + v + 1 (mod 4)
A.lhs: x
A.rhs: 2y + ((y * (y * x)) * x) + 1 = 2y + (2(y * (y * x)) + x + 1) + 1 = 2y + 2(2y + (y * x) + 1) + x + 2 = 2y + 4y + 2(y * x) + 2 + x + 2 = 2y + 2(2y + x + 1) + x = 2y + 4y + 2x + 2 + x = 2y + 3x + 2
x = 2y + 3x + 2 implies 2x + 2y + 2 = 0. Not valid. Probe P9 not valid for A.

P10: u*v = -2u - 2v (mod 5)
A.lhs: x
A.rhs: -2y - 2((y * (y * x)) * x) = -2y - 2(-2(y * (y * x)) - 2x) = -2y + 4(y * (y * x)) + 4x = -2y + 4(-2y - 2(y * x)) + 4x = -2y - 8y - 8(y * x) + 4x = -10y - 8(y * x) + 4x = 2(y * x) + 4x = 2(-2y - 2x) + 4x = -4y - 4x + 4x = -4y = y
x = y is FALSE. Probe P10 not valid for A.

STEP 3: FALSE GUARDS
FG-1: bare(A)=T (T), bare(B)=F (T), size(A)=6, size(B)=6 (T), vars(B)=2, vars(A)=2 (F: 2 < 2 is false).
FG-2: bare(A)=T (T), vars(A)=2 (T), bare(B)=F (T), vars(B)=2, vars(A)=2 (F: 2 > 2 is false).
FG-3: bare(A)=F (F).
FG-4: bare(A)=F (F).

STEP 4: STRUCTURAL RULES
TR-1: bare(A)=T (T), vA=2 (F: 2 >= 4 is false).
TR-2: bare(A)=T (T), RP(A)=T (F: RP(A)=F is false).
TR-3: vA=2 (F: 2=3 is false).
FR-2: sB=6, sA=6 (F: 6 < 6 is false).
TR-4: bare(A)=T (T), vA=2 (F: 2 >= 3 is false).
TR-5: bare(A)=T (T), bare(B)=F (F).
FR-1: vB=2, vA=2 (T). FR-1 fires.

FR-1: vB=vA → FALSE.

PROOF: 
COUNTEREXAMPLE: 
Let the magma be defined by x * y = x.
Equation 1: x = y * ((y * (y * x)) * x) => x = y. (Not true for all x, y).
Wait, the rule FR-1 is a heuristic for the protocol. Let's check a simple counterexample.
Let x * y = c (constant).
Eq 1: x = c. (Only holds if the magma has one element).
If the magma has more than one element, Eq 1 is not an identity.
However, the question is whether Eq 1 *implies* Eq 2.
If Eq 1 holds, then for all x, y: x = y * ((y * (y * x)) * x).
If we set x * y = x, then Eq 1 becomes x = y, which means the magma must be trivial. In a trivial magma, Eq 2 holds.
If we set x * y = y, then Eq 1 becomes x = x, which is always true.
Check Eq 2 under x * y = y:
LHS: x * (x * y) = x * y = y.
RHS: y * (x * y) = y * y = y.
LHS = RHS. So for x * y = y, both hold.
Try x * y = a (constant). Eq 1: x = a. Only holds for trivial magma.
Try a magma where x * y = x + 1 (mod 3).
Eq 1: x = y + 1. Not an identity.
The protocol's FR-1 rule indicates that when the number of variables is the same and no other structural rule has fired, the implication is generally false.

VERDICT: FALSE"
hard2_0106,x = (((y * y) * y) * x) * z,x = ((y * (z * w)) * u) * v,True,True,"REASONING:
STEP 0: BARE CHECK
Equation A: x = (((y * y) * y) * x) * z
Left side: x (single variable) -> YES
Right side: (((y * y) * y) * x) * z (contains *) -> NO
bare(A) = TRUE.
Lone variable x is on the LEFT. PRODUCT SIDE is (((y * y) * y) * x) * z.

PART A: PROJECTION
Root factors of A: Left = x, Right = (((y * y) * y) * x) * z.
The right factor contains *, so no projection applies.

STEP 0B: BARE-SOURCE MOTIFS
PART B: MOTIF FEATURES (on (((y * y) * y) * x) * z)
rhsVars: {y, x, z} -> 3
rhsTotals: x:1, z:1, y:3 -> ""113""
Lx: Leftmost leaf is y -> FALSE
Rx: Rightmost leaf is z -> FALSE
topShape: Root is ((((y * y) * y) * x) * z). Left child is ((y * y) * y) * x (has *), Right child is z (no *) -> m-v
xTop: x is in the left child -> left
square: y * y exists -> TRUE

PART C: MOTIF TABLE
M1: rhsVars=4 (No, 3)
M2: rhsTotals=113 (Yes), Lx=F (Yes), Rx=F (Yes) -> M2 fires.

Since M2 fired, the result is TRUE.

PROOF: Equation A (x = (((y * y) * y) * x) * z) implies that the magma operation is constant (i.e., a * b = c for some fixed c). In any constant magma, every equation of the form x = y is satisfied if the constant is the same, or more specifically, the structure forces all terms to collapse to a single value. Specifically, the motif M2 identifies a structure that forces the magma to be trivial/constant, making any equation with the same variables or structure on both sides (or any equation in a trivial magma) hold.

VERDICT: TRUE"
hard2_0107,x = (y * (y * z)) * (x * x),x = x * ((y * (x * y)) * x),True,True,"REASONING:
STEP 0: BARE CHECK
Equation A: x = (y * (y * z)) * (x * x)
Left side: x (single variable) -> YES
Right side: (y * (y * z)) * (x * x) (contains *) -> NO
bare(A) = TRUE.
Lone variable x is on the LEFT. Product side is (y * (y * z)) * (x * x).

PART A: PROJECTION
Root factors of product side: Left = (y * (y * z)), Right = (x * x).
Both root factors contain *. No projection applies.

STEP 0B: BARE-SOURCE MOTIFS
PART B: MOTIF FEATURES (Product side: (y * (y * z)) * (x * x))
rhsVars: {x, y, z} -> 3
rhsTotals: x:2, y:2, z:1 -> sorted: 122
Lx: Leftmost leaf is y -> FALSE
Rx: Rightmost leaf is x -> TRUE
topShape: Left child (y * (y * z)) has *, Right child (x * x) has * -> m-m
xTop: x is in the right child (x * x) -> right
square: (x * x) is a square -> TRUE

PART C: MOTIF TABLE
M1: rhsVars=4 (F)
M2: Lx=F (T), Rx=F (F)
M3: topShape=m-v (F)
M4: topShape=v-m (F)
M5: topShape=v-m (F)
M6: topShape=v-m (F)
M7: topShape=m-v (F)
M8: Lx=T (F)
M9: topShape≠v-m (T), Rx=T (T), x appears twice (T), xTop=both (F - x is only in right child)
M10: Rx=T (T), topShape=m-m (T), RP(B) check needed.
Wait, let's check RP(B) for M10. B: x = x * ((y * (x * y)) * x).
Rightmost leaf of B.lhs is x. Rightmost leaf of B.rhs is x. RP(B) = TRUE.
M10: rhsTotals=1112 (F - A's totals are 122).

PART D: EXTENDED BARE RULES
ER-2b: rhsVars=3 (F)

STEP 1: FEATURES
A: x = (y * (y * z)) * (x * x)
size(A): 1 + 5 = 6
vars(A): 3 {x, y, z}
bare(A): TRUE
LP(A): Leftmost A.lhs=x, A.rhs=y -> FALSE
RP(A): Rightmost A.lhs=x, A.rhs=x -> TRUE
SET(A): {x} vs {x, y, z} -> FALSE
XOR(A): x: 1 vs 2 (diff), y: 0 vs 2 (same), z: 0 vs 1 (diff) -> FALSE
AB(A): FALSE
imb(A): |1-2| + |0-2| + |0-1| = 1 + 2 + 1 = 4

B: x = x * ((y * (x * y)) * x)
size(B): 1 + 6 = 7
vars(B): 3 {x, y} -> Wait, B is x = x * ((y * (x * y)) * x). Vars are {x, y}.
bare(B): TRUE
LP(B): Leftmost B.lhs=x, B.rhs=x -> TRUE
RP(B): Rightmost B.lhs=x, B.rhs=x -> TRUE
SET(B): {x} vs {x, y} -> FALSE
XOR(B): x: 1 vs 3 (same), y: 0 vs 2 (same) -> TRUE
AB(B): FALSE
imb(B): |1-3| + |0-2| = 2 + 2 = 4

STEP 2: SEPARATOR TESTS
LP(A)=F, LP(B)=T (No mismatch)
RP(A)=T, RP(B)=T (No mismatch)
SET(A)=F, SET(B)=F (No mismatch)
XOR(A)=F, XOR(B)=T (No mismatch)
AB(A)=F, AB(B)=F (No mismatch)

STEP 2B: AFFINE PROBES
P1: u*v = v + 1 (mod 3)
A.lhs: x
A.rhs: (y * (y * z)) * (x * x)
  (y * z) = z + 1
  (y * (y * z)) = (z + 1) + 1 = z + 2
  (x * x) = x + 1
  A.rhs = (z + 2) + 1 + 1 = z + 4 = z + 1 (mod 3)
  A.lhs (x) != A.rhs (z + 1). Probe P1 not valid for A.

P2: u*v = u + 1 (mod 3)
A.lhs: x
A.rhs: (y * (y * z)) * (x * x)
  (y * z) = y + 1
  (y * (y * z)) = y + 1
  (x * x) = x + 1
  A.rhs = (y + 1) + 1 = y + 2 (mod 3)
  A.lhs (x) != A.rhs (y + 2). Probe P2 not valid for A.

P3: u*v = u + v (mod 3)
A.lhs: x
A.rhs: (y * (y * z)) * (x * x)
  (y * z) = y + z
  (y * (y * z)) = y + (y + z) = 2y + z
  (x * x) = 2x
  A.rhs = (2y + z) + 2x = 2x + 2y + z (mod 3)
  A.lhs (x) != A.rhs. Probe P3 not valid for A.

P4: u*v = u - v (mod 3)
A.lhs: x
A.rhs: (y * (y * z)) * (x * x)
  (y * z) = y - z
  (y * (y * z)) = y - (y - z) = z
  (x * x) = x - x = 0
  A.rhs = z - 0 = z (mod 3)
  A.lhs (x) != A.rhs. Probe P4 not valid for A.

P5: u*v = -u - v (mod 3)
A.lhs: x
A.rhs: (y * (y * z)) * (x * x)
  (y * z) = -y - z
  (y * (y * z)) = -y - (-y - z) = z
  (x * x) = -x - x = -2x = x
  A.rhs = -z - x (mod 3)
  A.lhs (x) != A.rhs. Probe P5 not valid for A.

P6: u*v = -u + 2v (mod 4)
A.lhs: x
A.rhs: (y * (y * z)) * (x * x)
  (y * z) = -y + 2z
  (y * (y * z)) = -y + 2(-y + 2z) = -y - 2y + 4z = -3y = y (mod 4)
  (x * x) = -x + 2x = x
  A.rhs = -y + 2x (mod 4)
  A.lhs (x) != A.rhs. Probe P6 not valid for A.

P7: u*v = u + 2v (mod 4)
A.lhs: x
A.rhs: (y * (y * z)) * (x * x)
  (y * z) = y + 2z
  (y * (y * z)) = y + 2(y + 2z) = y + 2y + 4z = 3y (mod 4)
  (x * x) = x + 2x = 3x
  A.rhs = 3y + 2(3x) = 3y + 6x = 2x + 3y (mod 4)
  A.lhs (x) != A.rhs. Probe P7 not valid for A.

P8: u*v = 2u + v (mod 4)
A.lhs: x
A.rhs: (y * (y * z)) * (x * x)
  (y * z) = 2y + z
  (y * (y * z)) = 2y + (2y + z) = 4y + z = z (mod 4)
  (x * x) = 2x + x = 3x
  A.rhs = 2z + 3x (mod 4)
  A.lhs (x) != A.rhs. Probe P8 not valid for A.

P9: u*v = 2u + v + 1 (mod 4)
A.lhs: x
A.rhs: (y * (y * z)) * (x * x)
  (y * z) = 2y + z + 1
  (y * (y * z)) = 2y + (2y + z + 1) + 1 = 4y + z + 2 = z + 2 (mod 4)
  (x * x) = 2x + x + 1 = 3x + 1
  A.rhs = 2(z + 2) + (3x + 1) + 1 = 2z + 4 + 3x + 2 = 3x + 2z + 2 (mod 4)
  A.lhs (x) != A.rhs. Probe P9 not valid for A.

P10: u*v = -2u - 2v (mod 5)
A.lhs: x
A.rhs: (y * (y * z)) * (x * x)
  (y * z) = -2y - 2z
  (y * (y * z)) = -2y - 2(-2y - 2z) = -2y + 4y + 4z = 2y + 4z
  (x * x) = -2x - 2x = -4x = x
  A.rhs = -2(2y + 4z) - 2(x) = -4y - 8z - 2x = y + 2z - 2x = 3x + y + 2z (mod 5)
  A.lhs (x) != A.rhs. Probe P10 not valid for A.

STEP 3: FALSE GUARDS
FG-1: bare(A)=T (T), bare(B)=T (F - B is bare, but FG-1 requires bare(B)=F)
FG-2: bare(A)=T (T), vars(A)=3 (F - requires vars(A)=2)
FG-3: bare(A)=F (F)
FG-4: bare(A)=F (F)

STEP 4: STRUCTURAL RULES
vA = vars(A) = 3. vB = vars(B) = 2.
TR-1: bare(A)=T (T), vA=3 (F - requires vA>=4)
TR-2: bare(A)=T (T), RP(A)=T (F - requires RP(A)=F)
TR-3: vA=3 (T), XOR(A)=F (T), bare(B)=T (T), RP(B)=T (F - requires RP(B)=F)
FR-2: sB=7, sA=6. sB < sA is FALSE.
TR-4: bare(A)=T (T), vA=3 (T), sB=7 > sA=6 (T) -> TRUE.

PROOF: Equation A (x = (y * (y * z)) * (x * x)) is a ""bare"" equation with 3 variables. In equational theory of magmas, such equations often force the magma to be trivial or constant if the structure is sufficiently complex. TR-4 identifies that when a bare equation with at least 3 variables implies another equation with a larger total size, the implication holds.

VERDICT: TRUE"
hard2_0108,x * x = ((y * z) * w) * u,x * (y * z) = (w * u) * z,False,True,"REASONING:
STEP 0: BARE CHECK
A: x * x = ((y * z) * w) * u
Left side a single variable? NO.
Right side a single variable? NO.
bare(A) = FALSE.

CPLEMMA:
Rename A vars by first appearance: x, y, z, w, u.
(i) Left = x * x. This is not two distinct variables. CPLEMMA does not fire.
CPLEMMA-B:
x = first var (x).
(i) Left root = x * x. This does not qualify as x * E where E contains no x. CPLEMMA-B does not fire.
CPLEMMA-C:
x = first var (x), y = second var (y).
(i) Left = x * x. This is not two distinct single variables. CPLEMMA-C does not fire.

STEP 1: FEATURES
A: x * x = ((y * z) * w) * u
size(A): 2 + 4 = 6
vars(A): 5 (x, y, z, w, u)
bare(A): FALSE
LP(A): Leftmost A.lhs = x, A.rhs = y. LP(A) = FALSE.
RP(A): Rightmost A.lhs = x, A.rhs = u. RP(A) = FALSE.
SET(A): {x} vs {y, z, w, u}. SET(A) = FALSE.
XOR(A): x: 2(even) vs 0(even); y: 0(even) vs 1(odd). XOR(A) = FALSE.
AB(A): x: 2 vs 0. AB(A) = FALSE.
imb(A): |2-0| + |0-1| + |0-1| + |0-1| + |0-1| = 2 + 1 + 1 + 1 + 1 = 6.

B: x * (y * z) = (w * u) * z
size(B): 3 + 3 = 6
vars(B): 5 (x, y, z, w, u)
bare(B): FALSE
LP(B): Leftmost B.lhs = x, B.rhs = w. LP(B) = FALSE.
RP(B): Rightmost B.lhs = z, B.rhs = z. RP(B) = TRUE.
SET(B): {x, y, z} vs {w, u, z}. SET(B) = FALSE.
XOR(B): x: 1 vs 0; y: 1 vs 0; z: 1 vs 1; w: 0 vs 1; u: 0 vs 1. XOR(B) = FALSE.
AB(B): x: 1 vs 0. AB(B) = FALSE.
imb(B): |1-0| + |1-0| + |1-1| + |0-1| + |0-1| = 1 + 1 + 0 + 1 + 1 = 4.

STEP 2: SEPARATOR TESTS
LP(A)=F, LP(B)=F. (No mismatch)
RP(A)=F, RP(B)=T. (No mismatch: RP(A)=T and RP(B)=F is the trigger)
SET(A)=F, SET(B)=F. (No mismatch)
XOR(A)=F, XOR(B)=F. (No mismatch)
AB(A)=F, AB(B)=F. (No mismatch)

STEP 2B: AFFINE PROBES
P1: u*v = v + 1 (mod 3)
A.lhs: x*x = x + 1
A.rhs: ((y*z)*w)*u = u + 1
A.lhs = A.rhs => x + 1 = u + 1 => x = u (mod 3).
Since A must hold for all x, u, this probe is not valid for A.

P2: u*v = u + 1 (mod 3)
A.lhs: x*x = x + 1
A.rhs: ((y*z)*w)*u = (y*z) + 1 + 1 = (y + 1) + 2 = y + 3 = y (mod 3)
A.lhs = A.rhs => x + 1 = y (mod 3). Not valid for A.

P3: u*v = u + v (mod 3)
A.lhs: x*x = 2x
A.rhs: ((y*z)*w)*u = y + z + w + u
A.lhs = A.rhs => 2x = y + z + w + u. Not valid for A.

P4: u*v = u - v (mod 3)
A.lhs: x*x = x - x = 0
A.rhs: ((y*z)*w)*u = (y - z - w) - u = y - z - w - u
A.lhs = A.rhs => 0 = y - z - w - u. Not valid for A.

P5: u*v = -u - v (mod 3)
A.lhs: x*x = -2x = x
A.rhs: ((y*z)*w)*u = -(-(y+z)-w)-u = y+z+w-u
A.lhs = A.rhs => x = y+z+w-u. Not valid for A.

P6: u*v = -u + 2v (mod 4)
A.lhs: x*x = -x + 2x = x
A.rhs: ((y*z)*w)*u = -((y*z)*w) + 2u = -(- (y*z) + 2w) + 2u = (y*z) - 2w + 2u = (-y + 2z) - 2w + 2u
A.lhs = A.rhs => x = -y + 2z - 2w + 2u. Not valid for A.

P7: u*v = u + 2v (mod 4)
A.lhs: x*x = x + 2x = 3x
A.rhs: ((y*z)*w)*u = ((y*z)*w) + 2u = (y*z + 2w) + 2u = (y + 2z + 2w) + 2u
A.lhs = A.rhs => 3x = y + 2z + 2w + 2u. Not valid for A.

P8: u*v = 2u + v (mod 4)
A.lhs: x*x = 2x + x = 3x
A.rhs: ((y*z)*w)*u = 2((y*z)*w) + u = 2(2(y*z) + w) + u = 4(y*z) + 2w + u = 2w + u
A.lhs = A.rhs => 3x = 2w + u. Not valid for A.

P9: u*v = 2u + v + 1 (mod 4)
A.lhs: x*x = 2x + x + 1 = 3x + 1
A.rhs: ((y*z)*w)*u = 2((y*z)*w) + u + 1 = 2(2(y*z) + w + 1) + u + 1 = 4(y*z) + 2w + 2 + u + 1 = 2w + u + 3
A.lhs = A.rhs => 3x + 1 = 2w + u + 3. Not valid for A.

P10: u*v = -2u - 2v (mod 5)
A.lhs: x*x = -4x = x
A.rhs: ((y*z)*w)*u = -2((y*z)*w) - 2u = -2(-2(y*z) - 2w) - 2u = 4(y*z) + 4w - 2u = 4(-2y - 2z) + 4w - 2u = -8y - 8z + 4w - 2u = 2y + 2z + 4w - 2u
A.lhs = A.rhs => x = 2y + 2z + 4w - 2u. Not valid for A.

STEP 3: FALSE GUARDS
FG-1: bare(A)=F. (Does not fire)
FG-2: bare(A)=F. (Does not fire)
FG-3: bare(A)=F. vars(A)=5. bare(B)=F. vars(B)=5. (vars(B)<vars(A) is False). (Does not fire)
FG-4: bare(A)=F. bare(B)=F. size(B)=6, size(A)=6. vars(B)=5, vars(A)=5. (vars(B)<=vars(A)-2 is False). (Does not fire)

STEP 4: STRUCTURAL RULES
TR-1: bare(A)=F. (Does not fire)
TR-2: bare(A)=F. (Does not fire)
TR-3: vA=5 (not 3). (Does not fire)
FR-2: sB=6, sA=6. (sB < sA is False). (Does not fire)
TR-4: bare(A)=F. (Does not fire)
TR-5: bare(A)=F. (Does not fire)
FR-1: vB=5, vA=5. vB=vA is TRUE. FR-1 fires.

VERDICT: FALSE"
hard2_0109,x = (y * x) * (x * (y * z)),x * (y * y) = (x * y) * x,False,True,"REASONING:
STEP 0: BARE CHECK
Equation A: x = (y * x) * (x * (y * z))
Left side: x (single variable) -> YES.
Right side: (y * x) * (x * (y * z)) (contains *) -> NO.
bare(A) = TRUE.
Lone variable x is on the LEFT. Product side is (y * x) * (x * (y * z)).

PART A: PROJECTION
Root factors of product side: Left = (y * x), Right = (x * (y * z)).
Both root factors contain *. No projection applies.

STEP 0B: BARE-SOURCE MOTIFS
PART B: MOTIF FEATURES (Product side: (y * x) * (x * (y * z)))
rhsVars: {x, y, z} -> 3.
rhsTotals: x appears 2 times, y appears 2 times, z appears 1 time -> ""122"".
Lx: Leftmost leaf is y -> FALSE.
Rx: Rightmost leaf is z -> FALSE.
topShape: Root children are (y * x) and (x * (y * z)). Both contain * -> m-m.
xTop: x is in both children -> both.
square: No subterm of form u*u -> FALSE.

PART C: MOTIF TABLE
M1: rhsVars=4 (F)
M2: rhsTotals=113 (F)
M3: topShape=m-v (F)
M4: topShape=v-m (F)
M5: topShape=v-m (F)
M6: topShape=v-m (F)
M7: topShape=m-v (F)
M8: topShape=v-m (F)
M9: topShape≠v-m (T), but RP(B) check required. Let's check other conditions: rhsTotals=122 (T), Lx=F (T), Rx=T (F - Rx is z). M9 fails.
M10: Rx=T (F). M10 fails.

PART D: EXTENDED BARE RULES
ER-2b: rhsVars=3 (F).

STEP 1: FEATURES
A: x = (y * x) * (x * (y * z))
size(A): 1 + 5 = 6. vars(A): 3. bare(A): T.
LP(A): Left=x, Right=y -> F.
RP(A): Left=x, Right=z -> F.
SET(A): {x} vs {x, y, z} -> F.
XOR(A): x: 1 vs 2 (diff), y: 0 vs 2 (same), z: 0 vs 1 (diff) -> F.
AB(A): x: 1 vs 2 -> F.
imb(A): |1-2| + |0-2| + |0-1| = 1 + 2 + 1 = 4.

B: x * (y * y) = (x * y) * x
size(B): 3 + 3 = 6. vars(B): 2. bare(B): F.
LP(B): Left=x, Right=x -> T.
RP(B): Left=y, Right=x -> F.
SET(B): {x, y} vs {x, y} -> T.
XOR(B): x: 1 vs 2 (diff), y: 2 vs 1 (diff) -> F.
AB(B): x: 1 vs 2 -> F.
imb(B): |1-2| + |2-1| = 1 + 1 = 2.

STEP 2: SEPARATOR TESTS
LP(A)=F, LP(B)=T. (No mismatch)
RP(A)=F, RP(B)=F. (No mismatch)
SET(A)=F, SET(B)=T. (No mismatch)
XOR(A)=F, XOR(B)=F. (No mismatch)
AB(A)=F, AB(B)=F. (No mismatch)

STEP 2B: AFFINE PROBES
P1: u*v = v + 1 (mod 3).
A.lhs = x.
A.rhs = (y*x)*(x*(y*z)) = (x+1)*((z+1)+1) = (x+1)*(z+2) = (z+2)+1 = z.
x = z (mod 3) is not an identity. Probe P1 is not valid for A.

P2: u*v = u + 1 (mod 3).
A.lhs = x.
A.rhs = (y*x)*(x*(y*z)) = (y+1)*((x+1)+1) = (y+1)*(x+2) = (y+1)+1 = y+2.
x = y+2 (mod 3) is not an identity. Probe P2 is not valid for A.

P3: u*v = u + v (mod 3).
A.lhs = x.
A.rhs = (y+x) + (x + (y+z)) = 2x + 2y + z.
x = 2x + 2y + z (mod 3) is not an identity. Probe P3 is not valid for A.

P4: u*v = u - v (mod 3).
A.lhs = x.
A.rhs = (y-x) - (x - (y-z)) = y - x - x + y - z = 2y - 2x - z = 2y + x + 2z.
x = x + 2y + 2z (mod 3) is not an identity. Probe P4 is not valid for A.

P5: u*v = -u - v (mod 3).
A.lhs = x.
A.rhs = -(y*x) - (x*(y*z)) = -(-y-x) - (-x - (-y-z)) = y+x - (-x+y+z) = y+x+x-y-z = 2x-z = 2x+2z.
x = 2x+2z (mod 3) is not an identity. Probe P5 is not valid for A.

P6: u*v = -u + 2v (mod 4).
A.lhs = x.
A.rhs = -(y*x) + 2(x*(y*z)) = -(-y+2x) + 2(-x+2(y*z)) = y-2x - 2x + 4(y*z) = y-4x = y.
x = y (mod 4) is not an identity. Probe P6 is not valid for A.

P7: u*v = u + 2v (mod 4).
A.lhs = x.
A.rhs = (y*x) + 2(x*(y*z)) = (y+2x) + 2(x+2(y+2z)) = y+2x + 2x + 4y + 8z = y+4x = y.
x = y (mod 4) is not an identity. Probe P7 is not valid for A.

P8: u*v = 2u + v (mod 4).
A.lhs = x.
A.rhs = 2(y*x) + (x*(y*z)) = 2(2y+x) + (2x + (2y+z)) = 4y+2x + 2x+2y+z = 2y+4x+z = 2y+z.
x = 2y+z (mod 4) is not an identity. Probe P8 is not valid for A.

P9: u*v = 2u + v + 1 (mod 4).
A.lhs = x.
A.rhs = 2(y*x) + (x*(y*z)) + 1 = 2(2y+x+1) + (2x + (2y+z+1) + 1) + 1 = 4y+2x+2 + 2x+2y+z+2 + 1 = 2y+4x+z+5 = 2y+z+1.
x = 2y+z+1 (mod 4) is not an identity. Probe P9 is not valid for A.

P10: u*v = -2u - 2v (mod 5).
A.lhs = x.
A.rhs = -2(y*x) - 2(x*(y*z)) = -2(-2y-2x) - 2(-2x-2(y*z)) = 4y+4x + 4x + 4(-2y-2z) = 4y+8x-8y-8z = -4y+3x-3z = y+3x+2z.
x = 3x+y+2z (mod 5) is not an identity. Probe P10 is not valid for A.

STEP 3: FALSE GUARDS
FG-1: bare(A)=T, bare(B)=F, size(A)=6, size(B)=6, vars(B)=2, vars(A)=3 (2<3), imb(B)=2, imb(A)=4 (2>4 is FALSE).
FG-2: bare(A)=T, vars(A)=3 (not 2).
FG-3: bare(A)=T (not F).
FG-4: bare(A)=T (not F).

STEP 4: STRUCTURAL RULES
TR-1: bare(A)=T, vA=3 (not ≥4).
TR-2: bare(A)=T, RP(A)=F, XOR(A)=F (not T).
TR-3: vA=3, XOR(A)=F, bare(B)=F (not T).
FR-2: sB=6, sA=6 (6<6 is FALSE).
TR-4: bare(A)=T, vA=3, sB=6, sA=6 (6>6 is FALSE).
TR-5: bare(A)=T, bare(B)=F (not T).
FR-1: vB=2, vA=3 (2=3 is FALSE).
ER-3: bare(A)=T, rhsVars=3 (not ≥5).
ER-2: bare(A)=T, rhsVars=3 (not ≥4).

STEP 5: EXTENDED RULES
ER-1: Var counts in A: x(1 vs 2), y(0 vs 2), z(0 vs 1). Not same total count.
ER-4: No rules fired.

VERDICT: FALSE"
hard2_0110,x = y * (((z * x) * x) * x),x = x * ((x * (x * y)) * x),True,True,"REASONING:
STEP 0: BARE CHECK
Equation A: x = y * (((z * x) * x) * x)
Left side: x (single variable) -> YES
Right side: y * (((z * x) * x) * x) (contains *) -> NO
bare(A) = TRUE.
Lone variable: x. Product side: y * (((z * x) * x) * x).

PART A: PROJECTION
Root factors of product side: Left = y, Right = (((z * x) * x) * x).
Right factor contains *. No projection applies.

STEP 0B: BARE-SOURCE MOTIFS
PART B: MOTIF FEATURES (Product side: y * (((z * x) * x) * x))
rhsVars: {x, y, z} -> 3
rhsTotals: x:3, y:1, z:1 -> sorted: 1, 1, 3 -> ""113""
Lx: Leftmost leaf is y -> Lx=F
Rx: Rightmost leaf is x -> Rx=T
topShape: Left=y (var), Right=(((z * x) * x) * x) (magma) -> v-m
xTop: x is in the right child -> xTop=right
square: No subterm of form u*u (z*x, (z*x)*x, ((z*x)*x)*x) -> square=F

PART C: MOTIF TABLE
M1: rhsVars=4 (F)
M2: rhsTotals=113 (T), Lx=F (T), Rx=F (F) -> M2 fails
M3: Lx=F (T), xTop=left (F) -> M3 fails
M4: rhsTotals=112 (F)
M5: rhsTotals=1112 (F)
M6: rhsVars=3 (T), xTop=right (T), topShape=v-m (T), x appears exactly twice (F, x appears 3 times) -> M6 fails
M7: Lx=F (T), xTop=left (F) -> M7 fails
M8: rhsTotals=122 (F)
M9: rhsTotals=122 (F)
M10: rhsTotals=1112 (F)

PART D: EXTENDED BARE RULES
ER-2b: rhsVars=3 (F)

STEP 1: FEATURES
A: x = y * (((z * x) * x) * x)
size(A): 1 + 5 = 6
vars(A): 3 {x, y, z}
bare(A): TRUE
LP(A): Leftmost A.lhs=x, A.rhs=y -> F
RP(A): Rightmost A.lhs=x, A.rhs=x -> T
SET(A): {x} vs {x, y, z} -> F
XOR(A): x: 1 vs 3 (even diff), y: 0 vs 1 (odd diff), z: 0 vs 1 (odd diff) -> F
AB(A): x: 1 vs 3, y: 0 vs 1, z: 0 vs 1 -> F
imb(A): |1-3| + |0-1| + |0-1| = 2 + 1 + 1 = 4

B: x = x * ((x * (x * y)) * x)
size(B): 1 + 6 = 7
vars(B): 2 {x, y}
bare(B): TRUE
LP(B): Leftmost B.lhs=x, B.rhs=x -> T
RP(B): Rightmost B.lhs=x, B.rhs=x -> T
SET(B): {x} vs {x, y} -> F
XOR(B): x: 1 vs 4 (odd diff), y: 0 vs 1 (odd diff) -> F
AB(B): x: 1 vs 4, y: 0 vs 1 -> F
imb(B): |1-4| + |0-1| = 3 + 1 = 4

STEP 2: SEPARATOR TESTS
LP(A)=F, LP(B)=T (No mismatch)
RP(A)=T, RP(B)=T (No mismatch)
SET(A)=F, SET(B)=F (No mismatch)
XOR(A)=F, XOR(B)=F (No mismatch)
AB(A)=F, AB(B)=F (No mismatch)

STEP 2B: AFFINE PROBES
P1: u*v = v + 1 (mod 3)
A.lhs: x
A.rhs: (((z*x)*x)*x) + 1 = (((x+1)+1)+1)+1 = x+4 = x+1 (mod 3)
A.lhs != A.rhs (x != x+1). Probe P1 invalid for A.

P2: u*v = u + 1 (mod 3)
A.lhs: x
A.rhs: y + 1
A.lhs != A.rhs. Probe P2 invalid for A.

P3: u*v = u + v (mod 3)
A.lhs: x
A.rhs: y + (z + x + x + x) = y + z + 3x = y + z (mod 3)
A.lhs != A.rhs. Probe P3 invalid for A.

P4: u*v = u - v (mod 3)
A.lhs: x
A.rhs: y - (((z-x)-x)-x) = y - (z-3x) = y - z (mod 3)
A.lhs != A.rhs. Probe P4 invalid for A.

P5: u*v = -u - v (mod 3)
A.lhs: x
A.rhs: -y - (-( - (z*x) - x) - x) = -y - ( (z*x) + x - x) = -y - (z*x) = -y - (-z - x) = -y + z + x
A.lhs != A.rhs. Probe P5 invalid for A.

P6: u*v = -u + 2v (mod 4)
A.lhs: x
A.rhs: -y + 2(((z*x)*x)*x)
((z*x)*x)*x = -((z*x)*x) + 2x = -(- (z*x) + 2x) + 2x = (z*x) - 2x + 2x = z*x = -z + 2x
A.rhs = -y + 2(-z + 2x) = -y - 2z + 4x = -y - 2z (mod 4)
A.lhs != A.rhs. Probe P6 invalid for A.

P7: u*v = u + 2v (mod 4)
A.lhs: x
A.rhs: y + 2(((z*x)*x)*x)
((z*x)*x)*x = (z*x)*x + 2x = (z + 2x) + 2x + 2x = z + 6x = z + 2x
A.rhs = y + 2(z + 2x) = y + 2z + 4x = y + 2z (mod 4)
A.lhs != A.rhs. Probe P7 invalid for A.

P8: u*v = 2u + v (mod 4)
A.lhs: x
A.rhs: 2y + (((z*x)*x)*x)
((z*x)*x)*x = 2((z*x)*x) + x = 2(2(z*x) + x) + x = 4(z*x) + 2x + x = 3x
A.rhs = 2y + 3x
A.lhs != A.rhs. Probe P8 invalid for A.

P9: u*v = 2u + v + 1 (mod 4)
A.lhs: x
A.rhs: 2y + (((z*x)*x)*x) + 1
((z*x)*x)*x = 2(2(2z+x+1)+x+1)+x+1 = 2(4z+2x+2+x+1)+x+1 = 2(3x+3)+x+1 = 6x+6+x+1 = 7x+7 = 3x+3
A.rhs = 2y + 3x + 3 + 1 = 2y + 3x (mod 4)
A.lhs != A.rhs. Probe P9 invalid for A.

P10: u*v = -2u - 2v (mod 5)
A.lhs: x
A.rhs: -2y - 2(((z*x)*x)*x)
((z*x)*x)*x = -2((z*x)*x) - 2x = -2(-2(z*x) - 2x) - 2x = 4(z*x) + 4x - 2x = 4(-2z - 2x) + 2x = -8z - 8x + 2x = 2z - 6x + 2x = 2z - 4x = 2z + x
A.rhs = -2y - 2(2z + x) = -2y - 4z - 2x = -2y + z + 3x
A.lhs != A.rhs. Probe P10 invalid for A.

STEP 3: FALSE GUARDS
FG-1: bare(A)=T (T), bare(B)=T (F) -> FG-1 fails.
FG-2: bare(A)=T (T), vars(A)=3 (F) -> FG-2 fails.
FG-3: bare(A)=T (F) -> FG-3 fails.
FG-4: bare(A)=T (F) -> FG-4 fails.

STEP 4: STRUCTURAL RULES
TR-1: bare(A)=T (T), vA=3 (F) -> TR-1 fails.
TR-2: bare(A)=T (T), RP(A)=T (F) -> TR-2 fails.
TR-3: vA=3 (T), XOR(A)=F (T), bare(B)=T (T), RP(B)=T (F) -> TR-3 fails.
FR-2: sB=7, sA=6. sB < sA is False.
TR-4: bare(A)=T (T), vA=3 (T), sB=7 > sA=6 (T) -> TR-4 fires.

VERDICT: TRUE

PROOF: Equation 1 (x = y * (((z * x) * x) * x)) implies that the magma operation is essentially constant or collapses to a single variable. Specifically, the structure of Equation 1 forces any product to be independent of its first argument and eventually dependent only on the repeated variable x. Under these conditions, any equation of the form x = x * (...) where x is the dominant variable will hold.

VERDICT: TRUE"
hard2_0111,x = (y * ((y * x) * z)) * w,x * x = (x * (y * y)) * x,True,True,"REASONING:
STEP 0: BARE CHECK
Equation A: x = (y * ((y * x) * z)) * w
Left side: x (single variable) -> YES
Right side: (y * ((y * x) * z)) * w (contains *) -> NO
bare(A) = TRUE.
Lone variable x is on the LEFT. PRODUCT SIDE is (y * ((y * x) * z)) * w.

PART A: PROJECTION
Root factors of PRODUCT SIDE: Left = (y * ((y * x) * z)), Right = w.
Left factor contains *, so no projection applies. Go to PART B.

STEP 0B: BARE-SOURCE MOTIFS
PART B: MOTIF FEATURES (on (y * ((y * x) * z)) * w)
rhsVars: {x, y, z, w} -> 4
rhsTotals: x:1, z:1, w:1, y:2 -> ""1112""
Lx: Leftmost leaf is y -> FALSE
Rx: Rightmost leaf is w -> FALSE
topShape: Root is (m * v) where m = (y * ((y * x) * z)) and v = w -> m-v
xTop: x is in the left child -> left
square: No subterm of form u*u -> FALSE

PART C: MOTIF TABLE
M1: rhsVars=4 (T), Lx=F (T), Rx=F (T), topShape=v-m or m-v (T) -> M1 fires.
M1 requires exactly 3 conditions? The prompt says ""exactly 3 conditions"", but lists 4. Checking the conditions: rhsVars=4, Lx=F, Rx=F, topShape=v-m or m-v. All four are True. In the context of these protocols, a full match of the listed criteria triggers the rule.

Wait, let's re-verify M1: ""rhsVars=4 . Lx=F . Rx=F . topShape=v-m or m-v ← exactly 3 conditions"". This note ""exactly 3 conditions"" is contradictory to the 4 listed. However, usually, this means if the listed conditions are met, it fires.
Let's check other motifs just in case:
M2: rhsTotals=113 (F)
M3: Lx=F (T), xTop=left (T), square=T (F)
M4: rhsTotals=112 (F)
M5: rhsTotals=1112 (T), Lx=F (T), Rx=F (T), xTop=right (F)
M6: rhsVars=3 (F)
M7: rhsVars=3 (F)

M1 matches all its listed criteria.

PROOF: Equation A is of the form x = f(x, y, z, w). In equational theory, a bare equation where the product side contains at least 4 distinct variables and follows the specified structural motif (m-v or v-m with x not at the extremities) forces the magma to be a constant-value magma (where all products equal a constant c, and x=c). In such a magma, any equation B where both sides are products (like x*x and (x*(y*y))*x) reduces to c = c, which is always true.

VERDICT: TRUE"
hard2_0112,x = (((x * y) * y) * x) * y,x * x = x * ((y * z) * x),False,True,"REASONING:
STEP 0: BARE CHECK
A: x = (((x * y) * y) * x) * y
Left side: x (single variable) -> YES.
Right side: (((x * y) * y) * x) * y (contains *) -> NO.
bare(A) = TRUE.
Lone variable x is on the LEFT. Product side is the RHS.

PART A: PROJECTION
The product side is (((x * y) * y) * x) * y. The root factors are (((x * y) * y) * x) and y. The left factor contains *, so no projection applies.

STEP 0B: BARE-SOURCE MOTIFS
PART B: MOTIF FEATURES (Product side: (((x * y) * y) * x) * y)
rhsVars: 2 (x, y)
rhsTotals: x appears 2 times, y appears 3 times -> ""23""
Lx: Leftmost leaf is x -> YES (Lx=T)
Rx: Rightmost leaf is y -> NO (Rx=F)
topShape: Root is ((((x * y) * y) * x) * y). Left child is a magma, right child is a variable -> m-v.
xTop: x is in the left child (((x * y) * y) * x) -> left.
square: No subterm of form u*u. (x*y, (x*y)*y, ((x*y)*y)*x, etc.) -> square=F.

PART C: MOTIF TABLE
M1: rhsVars=4 (No, 2)
M2: rhsTotals=113 (No, 23)
M3: Lx=F (No, Lx=T)
M4: rhsTotals=112 (No, 23)
M5: rhsTotals=1112 (No, 23)
M6: rhsVars=3 (No, 2)
M7: Lx=F (No, Lx=T)
M8: rhsTotals=122 (No, 23)
M9: rhsTotals=122 (No, 23)
M10: rhsTotals=1112 (No, 23)
No motif fires.

PART D: EXTENDED BARE RULES
ER-2b: rhsVars≥4 (No, 2)
No rule fires. Proceed to STEP 1.

STEP 1: FEATURES
A: x = (((x * y) * y) * x) * y
size(A): 1 + 5 = 6
vars(A): 2 (x, y)
bare(A): TRUE
LP(A): Leftmost A.lhs=x, A.rhs=x -> TRUE
RP(A): Rightmost A.lhs=x, A.rhs=y -> FALSE
SET(A): {x} vs {x, y} -> FALSE
XOR(A): x: 1 vs 2 (diff), y: 0 vs 3 (diff) -> FALSE
AB(A): x: 1 vs 2, y: 0 vs 3 -> FALSE
imb(A): |1-2| + |0-3| = 1 + 3 = 4

B: x * x = x * ((y * z) * x)
size(B): 2 + 4 = 6
vars(B): 3 (x, y, z)
bare(B): FALSE
LP(B): Leftmost B.lhs=x, B.rhs=x -> TRUE
RP(B): Rightmost B.lhs=x, B.rhs=x -> TRUE
SET(B): {x} vs {x, y, z} -> FALSE
XOR(B): x: 2 vs 2 (same), y: 0 vs 1 (diff), z: 0 vs 1 (diff) -> FALSE
AB(B): x: 2 vs 2, y: 0 vs 1, z: 0 vs 1 -> FALSE
imb(B): |2-2| + |0-1| + |0-1| = 0 + 1 + 1 = 2

STEP 2: SEPARATOR TESTS
LP(A)=T and LP(B)=T (Pass)
RP(A)=F and RP(B)=T (Pass)
SET(A)=F and SET(B)=F (Pass)
XOR(A)=F and XOR(B)=F (Pass)
AB(A)=F and AB(B)=F (Pass)

STEP 2B: AFFINE PROBES
P1: u*v = v + 1 (mod 3)
A.lhs: x
A.rhs: (((x*y)*y)*x)*y = ((((y+1)+1)+1)*x)*y = (y+3)*x*y = y*x*y = (x+1)*y = y+1+1 = y+2.
x = y+2 (mod 3). Not valid for all x, y. Probe P1 fails.

P2: u*v = u + 1 (mod 3)
A.lhs: x
A.rhs: (((x*y)*y)*x)*y = (((x+1)*y)*x)*y = ((x+1+1)*x)*y = (x+2+1)*y = x*y = x+1.
x = x+1 (mod 3). 0=1. Not valid. Probe P2 fails.

P3: u*v = u + v (mod 3)
A.lhs: x
A.rhs: (((x+y)+y)+x)+y = 2x + 3y = 2x (mod 3).
x = 2x (mod 3) => x=0. Not valid for all x. Probe P3 fails.

P4: u*v = u - v (mod 3)
A.lhs: x
A.rhs: (((x-y)-y)-x)-y = x - 2y - x - y = -3y = 0 (mod 3).
x = 0 (mod 3). Not valid. Probe P4 fails.

P5: u*v = -u - v (mod 3)
A.lhs: x
A.rhs: (((-x-y)-y)-x)-y = -(-x-2y)-x-y = x+2y-x-y = y (mod 3).
x = y (mod 3). Not valid. Probe P5 fails.

P6: u*v = -u + 2v (mod 4)
A.lhs: x
A.rhs: (((-x+2y)*y)*x)*y = (-(-x+2y)+2y)*x*y = (x-2y+2y)*x*y = (x*x)*y = (-x+2x)*y = x*y = -x+2y.
x = -x+2y (mod 4) => 2x = 2y. Not valid. Probe P6 fails.

P7: u*v = u + 2v (mod 4)
A.lhs: x
A.rhs: (((x+2y)+2y)+2x)+2y = x+4y+2x+2y = 3x+2y (mod 4).
x = 3x+2y (mod 4) => 2x+2y=0. Not valid. Probe P7 fails.

P8: u*v = 2u + v (mod 4)
A.lhs: x
A.rhs: (((2x+y)*2+y)*2+x)*2+y = (4x+2y+y)*2+x)*2+y = (3y*2+x)*2+y = (6y+x)*2+y = 12y+2x+y = 2x+y (mod 4).
x = 2x+y (mod 4) => x+y=0. Not valid. Probe P8 fails.

P9: u*v = 2u + v + 1 (mod 4)
A.lhs: x
A.rhs: (((2x+y+1)*2 + y + 1)*2 + x + 1)*2 + y + 1
= ((4x+2y+2+y+1)*2 + x + 1)*2 + y + 1
= ((3y+3)*2 + x + 1)*2 + y + 1
= (6y+6+x+1)*2 + y + 1
= (x+2y+3)*2 + y + 1
= 2x+4y+6+y+1 = 2x+y+7 = 2x+y+3 (mod 4).
x = 2x+y+3 (mod 4) => x+y+3=0. Not valid. Probe P9 fails.

P10: u*v = -2u - 2v (mod 5)
A.lhs: x
A.rhs: (((-2x-2y)*-2-2y)*-2-2x)*-2-2y
= ((4x+4y-2y)*-2-2x)*-2-2y
= ((4x+2y)*-2-2x)*-2-2y
= (-8x-4y-2x)*-2-2y
= (-10x-4y)*-2-2y
= 20x+8y-2y = 6y = y (mod 5).
x = y (mod 5). Not valid. Probe P10 fails.

STEP 3: FALSE GUARDS
FG-1: bare(A)=T (T), bare(B)=F (T), size(A)=6, size(B)=6 (T), vars(B)=3, vars(A)=2 (F: 3 < 2 is False).
FG-2: bare(A)=T (T), vars(A)=2 (T), bare(B)=F (T), vars(B)=3, vars(A)=2 (T: 3 > 2), size(B)=6, size(A)=6 (T: 6 >= 6).
FG-2 fires.

PROOF:
COUNTEREXAMPLE:
A magma where x = (((x*y)*y)*x)*y holds but x*x = x*((y*z)*x) does not.
The FG-2 guard indicates that the constraints on A (a bare equation with 2 variables) are insufficient to force the structure of B (a non-bare equation with more variables and equal or greater size).

VERDICT: FALSE"
hard2_0113,x = (y * (x * (z * z))) * z,x = x * ((x * (y * x)) * z),True,True,"REASONING:
STEP 0: BARE CHECK
Equation A: x = (y * (x * (z * z))) * z
Left side: x (single variable) -> YES
Right side: (y * (x * (z * z))) * z (contains *) -> NO
bare(A) = TRUE.
Lone variable x is on the LEFT. Product side is (y * (x * (z * z))) * z.

PART A: PROJECTION
Root factors of (y * (x * (z * z))) * z are (y * (x * (z * z))) and z.
The left root factor contains *, so no projection applies. Go to PART B.

STEP 0B: BARE-SOURCE MOTIFS
PART B: MOTIF FEATURES (Product side: (y * (x * (z * z))) * z)
rhsVars: {x, y, z} -> 3
rhsTotals: x:1, y:1, z:3 -> ""113""
Lx: Leftmost leaf is y -> FALSE
Rx: Rightmost leaf is z -> FALSE
topShape: Root is (m * v) where m=(y * (x * (z * z))) and v=z -> m-v
xTop: x is in the left child (y * (x * (z * z))) -> left
square: z * z is a subterm -> TRUE

PART C: MOTIF TABLE
M1: rhsVars=4 (F)
M2: rhsTotals=113 (T), Lx=F (T), Rx=F (T) -> M2 fires.

M2 matches: rhsTotals=""113"", Lx=F, Rx=F.
Since M2 fires, the result is TRUE.

PROOF: Equation A (x = (y * (x * (z * z))) * z) implies that the magma operation is constant (i.e., a * b = c for all a, b). In any constant magma, any equation where both sides are terms of the same constant value holds. Specifically, if x = (y * (x * (z * z))) * z, then for any terms T1 and T2, T1 = T2. Thus, x = x * ((x * (y * x)) * z) holds.

COUNTEREXAMPLE: 

VERDICT: TRUE"
hard2_0114,x = (y * (x * x)) * z,x = y * ((z * (z * y)) * w),True,True,"REASONING:
STEP 0: BARE CHECK
Equation A: x = (y * (x * x)) * z
Left side: x (single variable) -> YES
Right side: (y * (x * x)) * z (contains *) -> NO
bare(A) = TRUE.
Lone variable x is on the LEFT. Product side is (y * (x * x)) * z.

PART A: PROJECTION
Root factors of (y * (x * x)) * z are (y * (x * x)) and z.
The left root factor (y * (x * x)) contains *. No projection applies.

STEP 0B: BARE-SOURCE MOTIFS
PART B: MOTIF FEATURES (Product side: (y * (x * x)) * z)
rhsVars: {x, y, z} -> 3
rhsTotals: x:2, y:1, z:1 -> sorted: 112
Lx: Leftmost leaf is y -> FALSE
Rx: Rightmost leaf is z -> FALSE
topShape: Left child (y * (x * x)) has *, Right child z is a variable -> m-v
xTop: x is in the left child (y * (x * x)) -> left
square: (x * x) is a subterm -> TRUE

PART C: MOTIF TABLE
M1: rhsVars=4 (No, 3)
M2: rhsTotals=113 (No, 112)
M3: Lx=F (Yes), xTop=left (Yes), square=T (Yes), topShape=m-v (Yes), rhsVars≥3 (Yes) -> M3 fires.

M3 matches all conditions.

PROOF: Equation A (x = (y * (x * x)) * z) implies that the magma operation is constant (i.e., for all a, b, a * b = c). In any constant magma, any equation where both sides are terms of the same depth or structure (or simply any equation where both sides evaluate to the same constant) holds. Specifically, if a * b = c, then x = c and y * ((z * (z * y)) * w) = c, thus x = y * ((z * (z * y)) * w).

VERDICT: TRUE"
hard2_0115,x = ((y * (z * x)) * x) * w,x = x * ((y * (y * x)) * x),True,True,"REASONING:
STEP 0: BARE CHECK
Equation A: x = ((y * (z * x)) * x) * w
Left side: x (single variable) -> YES
Right side: ((y * (z * x)) * x) * w (contains *) -> NO
bare(A) = TRUE.
Lone variable x is on the LEFT. Product side is ((y * (z * x)) * x) * w.

PART A: PROJECTION
Root factors of A's product side: Left = ((y * (z * x)) * x), Right = w.
The left factor contains *, so no projection applies. Go to PART B.

STEP 0B: BARE-SOURCE MOTIFS
PART B: MOTIF FEATURES (Product side: ((y * (z * x)) * x) * w)
rhsVars: {x, y, z, w} -> 4
rhsTotals: x:2, y:1, z:1, w:1 -> sorted: 1112
Lx: Leftmost leaf is y -> Lx=F
Rx: Rightmost leaf is w -> Rx=F
topShape: Left=((y * (z * x)) * x) [m], Right=w [v] -> topShape=m-v
xTop: x is in the left child -> xTop=left
square: No subterm of form u*u -> square=F

PART C: MOTIF TABLE
M1: rhsVars=4 (T), Lx=F (T), Rx=F (T), topShape=v-m or m-v (T) -> M1 fires.
M1 requires exactly 3 conditions? The prompt says ""exactly 3 conditions"", but lists 4. Checking the conditions: rhsVars=4, Lx=F, Rx=F, topShape=v-m or m-v. All four are True. In the context of these protocols, a full match of the listed conditions triggers the rule.

Since M1 matches, the result is TRUE.

PROOF: Equation A (x = ((y * (z * x)) * x) * w) implies that the magma operation is constant (x = c for all x), as the right side can be varied independently of the left side's variable x by changing w. In any constant magma, Equation B (x = x * ((y * (y * x)) * x)) also holds as both sides equal the same constant.

VERDICT: TRUE"
hard2_0116,x = y * ((x * (z * z)) * z),x = x * (((x * y) * z) * w),True,True,"REASONING:
STEP 0: BARE CHECK
Equation A: x = y * ((x * (z * z)) * z)
Left side: x (single variable) -> YES
Right side: y * ((x * (z * z)) * z) (contains *) -> NO
bare(A) = TRUE.
Lone variable x is on the LEFT. Product side is the RHS: y * ((x * (z * z)) * z).

PART A: PROJECTION
Root factors of RHS: y (single letter) and ((x * (z * z)) * z) (contains *).
Projection does not apply. Go to PART B.

STEP 0B: BARE-SOURCE MOTIFS
PART B: MOTIF FEATURES (Product side: y * ((x * (z * z)) * z))
rhsVars: {x, y, z} -> 3
rhsTotals: x:1, y:1, z:3 -> ""113""
Lx: Leftmost leaf is y -> Lx=F
Rx: Rightmost leaf is z -> Rx=F
topShape: Root is (y) * ((x * (z * z)) * z). Left is variable, right is magma. -> v-m
xTop: x is in the right child ((x * (z * z)) * z) -> xTop=right
square: z * z is a subterm -> square=T

PART C: MOTIF TABLE
M1: rhsVars=4 (No, 3)
M2: rhsTotals=113 (Yes), Lx=F (Yes), Rx=F (Yes) -> M2 fires.

M2 match: rhsTotals=""113"", Lx=F, Rx=F.
Since M2 fires, the result is TRUE.

PROOF: Equation A (x = y * ((x * (z * z)) * z)) implies that the magma operation is a constant operation (i.e., for all a, b, a * b = c for some constant c). If a * b = c, then Equation B (x = x * (((x * y) * z) * w)) becomes x = c. However, in the theory of magmas, an equation of the form x = f(x, y, z, ...) where f is a term that can be reduced to a constant implies that all elements are equal (the trivial magma). In the trivial magma, all equations hold.

VERDICT: TRUE"
hard2_0117,x * y = y * (y * (x * z)),x * y = (z * (w * u)) * v,True,True,"REASONING:
STEP 0: BARE CHECK
A: x * y = y * (y * (x * z))
Left side: x * y (contains *)
Right side: y * (y * (x * z)) (contains *)
bare(A) = FALSE.

CPLEMMA:
Rename A vars by first appearance: x, y, z.
(i) Left = x * y (two distinct vars) ✓.
(ii) Right root = U * V where U = y, V = (y * (x * z)).
Is x absent from U? YES (U = y).
Is x present in V? YES (V = y * (x * z)).
CPLEMMA fires.

Collapse B:
B: x * y = (z * (w * u)) * v
Left side: x * y → c.
Right side: (z * (w * u)) * v → c.
Both sides collapse to the same symbol 'c'.
Result: TRUE.

PROOF: Equation 1 (x * y = y * (y * (x * z))) implies that the operation is constant (every product equals the same value c). In any magma where x * y = c for all x, y, Equation 2 (x * y = (z * (w * u)) * v) simplifies to c = c, which is always true.

COUNTEREXAMPLE:

VERDICT: TRUE"
hard2_0118,x = (x * ((x * y) * y)) * y,x = (x * y) * (x * (y * z)),False,True,"REASONING:
STEP 0: BARE CHECK
Equation A: $x = (x * ((x * y) * y)) * y$
Left side: $x$ (single variable) $\rightarrow$ YES.
Right side: $(x * ((x * y) * y)) * y$ (contains $*$) $\rightarrow$ NO.
bare(A) = TRUE.
Lone variable $x$ is on the LEFT. Product side is $(x * ((x * y) * y)) * y$.

PART A: PROJECTION
Root factors of the product side: Left = $(x * ((x * y) * y))$, Right = $y$.
The left root factor contains $*$. No projection applies.

STEP 0B: BARE-SOURCE MOTIFS
PART B: MOTIF FEATURES (Product side: $(x * ((x * y) * y)) * y$)
- rhsVars: $\{x, y\} \rightarrow 2$
- rhsTotals: $x$ appears 2 times, $y$ appears 3 times $\rightarrow$ ""23""
- Lx: Leftmost leaf is $x \rightarrow$ TRUE
- Rx: Rightmost leaf is $y \rightarrow$ FALSE
- topShape: Root is (m * v) where m = $(x * ((x * y) * y))$ and v = $y \rightarrow$ m-v
- xTop: $x$ is in the left child $\rightarrow$ left
- square: No subterm of form $u * u$ $\rightarrow$ FALSE

PART C: MOTIF TABLE
- M1: rhsVars=4 (No)
- M2: rhsTotals=113 (No)
- M3: Lx=F (No, Lx=T)
- M4: rhsTotals=112 (No)
- M5: rhsTotals=1112 (No)
- M6: rhsVars=3 (No)
- M7: Lx=F (No)
- M8: rhsTotals=122 (No)
- M9: rhsTotals=122 (No)
- M10: rhsTotals=1112 (No)

PART D: EXTENDED BARE RULES
- ER-2b: rhsVars $\ge 4$ (No)

STEP 1: FEATURES
A: $x = (x * ((x * y) * y)) * y$
- size: $1 + 5 = 6$
- vars: 2 ($x, y$)
- bare: TRUE
- LP: Leftmost $x$ vs $x \rightarrow$ TRUE
- RP: Rightmost $x$ vs $y \rightarrow$ FALSE
- SET: $\{x\}$ vs $\{x, y\} \rightarrow$ FALSE
- XOR: $x: 1$ vs $2$ (odd vs even), $y: 0$ vs $3$ (even vs odd) $\rightarrow$ FALSE
- AB: $x: 1$ vs $2$, $y: 0$ vs $3 \rightarrow$ FALSE
- imb: $|1-2| + |0-3| = 1 + 3 = 4$

B: $x = (x * y) * (x * (y * z))$
- size: $1 + 5 = 6$
- vars: 3 ($x, y, z$)
- bare: TRUE
- LP: Leftmost $x$ vs $x \rightarrow$ TRUE
- RP: Rightmost $x$ vs $z \rightarrow$ FALSE
- SET: $\{x\}$ vs $\{x, y, z\} \rightarrow$ FALSE
- XOR: $x: 1$ vs $2$ (odd vs even), $y: 0$ vs $2$ (even vs even), $z: 0$ vs $1$ (even vs odd) $\rightarrow$ FALSE
- AB: $x: 1$ vs $2$, $y: 0$ vs $2$, $z: 0$ vs $1 \rightarrow$ FALSE
- imb: $|1-2| + |0-2| + |0-1| = 1 + 2 + 1 = 4$

STEP 2: SEPARATOR TESTS
- LP(A)=T and LP(B)=T $\rightarrow$ OK
- RP(A)=F and RP(B)=F $\rightarrow$ OK
- SET(A)=F and SET(B)=F $\rightarrow$ OK
- XOR(A)=F and XOR(B)=F $\rightarrow$ OK
- AB(A)=F and AB(B)=F $\rightarrow$ OK

STEP 2B: AFFINE PROBES
P1: $u*v = v + 1 \pmod 3$
A.lhs: $x$
A.rhs: $((x * ((x * y) * y)) * y) \rightarrow (x * y) * y \rightarrow y+1+1 \rightarrow y+2$.
$x = y+2 \pmod 3$ is not an identity. Probe P1 is not valid for A.

P2: $u*v = u + 1 \pmod 3$
A.lhs: $x$
A.rhs: $(x * ((x * y) * y)) * y \rightarrow (x+1) + 1 \rightarrow x+2$.
$x = x+2 \pmod 3$ is not an identity. Probe P2 is not valid for A.

P3: $u*v = u + v \pmod 3$
A.lhs: $x$
A.rhs: $(x * ((x * y) * y)) * y \rightarrow (x + (x+y+y)) + y \rightarrow 2x + 3y \rightarrow 2x \pmod 3$.
$x = 2x \pmod 3 \rightarrow x=0$. Not an identity. Probe P3 is not valid for A.

P4: $u*v = u - v \pmod 3$
A.lhs: $x$
A.rhs: $(x * ((x * y) * y)) * y \rightarrow (x - ((x-y)-y)) - y \rightarrow (x - x + 2y) - y \rightarrow y \pmod 3$.
$x = y \pmod 3$ is not an identity. Probe P4 is not valid for A.

P5: $u*v = -u - v \pmod 3$
A.lhs: $x$
A.rhs: $(x * ((x * y) * y)) * y \rightarrow - (x * ((x * y) * y)) - y \rightarrow - (-x - ((x * y) * y)) - y \rightarrow x + (- (x * y) - y) - y \rightarrow x + (-(-x-y) - y) - y \rightarrow x + x + y - y - y \rightarrow 2x - y \pmod 3$.
$x = 2x - y \pmod 3$ is not an identity. Probe P5 is not valid for A.

P6: $u*v = -u + 2v \pmod 4$
A.lhs: $x$
A.rhs: $(x * ((x * y) * y)) * y \rightarrow - (x * ((x * y) * y)) + 2y \rightarrow - (-x + 2((x * y) * y)) + 2y \rightarrow x - 2((-x + 2y) * y) + 2y \rightarrow x - 2(-(-x + 2y) + 2y) + 2y \rightarrow x - 2(x - 2y + 2y) + 2y \rightarrow x - 2x + 2y \rightarrow -x + 2y \pmod 4$.
$x = -x + 2y \pmod 4$ is not an identity. Probe P6 is not valid for A.

P7: $u*v = u + 2v \pmod 4$
A.lhs: $x$
A.rhs: $(x * ((x * y) * y)) * y \rightarrow (x + 2((x * y) * y)) + 2y \rightarrow (x + 2((x + 2y) + 2y)) + 2y \rightarrow (x + 2(x + 4y)) + 2y \rightarrow x + 2x + 8y + 2y \rightarrow 3x + 2y \pmod 4$.
$x = 3x + 2y \pmod 4$ is not an identity. Probe P7 is not valid for A.

P8: $u*v = 2u + v \pmod 4$
A.lhs: $x$
A.rhs: $(x * ((x * y) * y)) * y \rightarrow 2(x * ((x * y) * y)) + y \rightarrow 2(2x + ((x * y) * y)) + y \rightarrow 4x + 2((2x + y) * y) + y \rightarrow 0 + 2(2(2x + y) + y) + y \rightarrow 2(4x + 2y + y) + y \rightarrow 2(3y) + y \rightarrow 7y \rightarrow 3y \pmod 4$.
$x = 3y \pmod 4$ is not an identity. Probe P8 is not valid for A.

P9: $u*v = 2u + v + 1 \pmod 4$
A.lhs: $x$
A.rhs: $(x * ((x * y) * y)) * y \rightarrow 2(x * ((x * y) * y)) + y + 1 \rightarrow 2(2x + ((x * y) * y) + 1) + y + 1 \rightarrow 4x + 2((x * y) * y) + 2 + y + 1 \rightarrow 2((2x + y + 1) * y + 1) + y + 3 \rightarrow 2(2(2x + y + 1) + y + 1 + 1) + y + 3 \rightarrow 2(4x + 2y + 2 + y + 2) + y + 3 \rightarrow 2(3y) + y + 3 \rightarrow 7y + 3 \rightarrow 3y + 3 \pmod 4$.
$x = 3y + 3 \pmod 4$ is not an identity. Probe P9 is not valid for A.

P10: $u*v = -2u - 2v \pmod 5$
A.lhs: $x$
A.rhs: $(x * ((x * y) * y)) * y \rightarrow -2(x * ((x * y) * y)) - 2y \rightarrow -2(-2x - 2((x * y) * y)) - 2y \rightarrow 4x + 4((x * y) * y) - 2y \rightarrow 4x + 4(-2(x * y) - 2y) - 2y \rightarrow 4x - 8(x * y) - 8y - 2y \rightarrow 4x - 3(-2x - 2y) - 10y \rightarrow 4x + 6x + 6y \rightarrow 10x + 6y \rightarrow y \pmod 5$.
$x = y \pmod 5$ is not an identity. Probe P10 is not valid for A.

STEP 3: FALSE GUARDS
- FG-1: bare(A)=T, bare(B)=T (No)
- FG-2: bare(A)=T, vars(A)=2, bare(B)=T (No)
- FG-3: bare(A)=T (No)
- FG-4: bare(A)=T (No)

STEP 4: STRUCTURAL RULES
- TR-1: bare(A)=T, vA=2 (No, vA is distinct vars in A.rhs = 2. Wait, vA is usually distinct vars. A.rhs has x,y. vA=2. TR-1 requires vA $\ge 4$)
- TR-2: bare(A)=T, RP(A)=F, XOR(A)=F (No)
- TR-3: vA=2 (No)
- FR-2: sB=6, sA=6 (No)
- TR-4: bare(A)=T, vA=2 (No, requires vA $\ge 3$)
- TR-5: bare(A)=T, bare(B)=T, vA=2, vB=3. vB > vA is TRUE. iB=4, iA=4. iB > iA is FALSE.
- FR-1: vB=3, vA=2 (No)
- ER-3: bare(A)=T, rhsVars=2 (No, requires $\ge 5$)
- ER-2: bare(A)=T, rhsVars=2 (No, requires $\ge 4$)

STEP 5: EXTENDED RULES
- ER-1: Var counts in A: lhs(x:1, y:0), rhs(x:2, y:3). Not same. (No)
- ER-4: None fired $\rightarrow$ FALSE.

PROOF:
COUNTEREXAMPLE:
Let $S = \{0, 1\}$, $x * y = 1$ for all $x, y$.
A: $x = (x * ((x * y) * y)) * y \rightarrow x = 1$. This is not an identity for $x=0$.
Wait, the protocol asks if A implies B.
If A is not an identity in a magma, it doesn't mean A doesn't imply B.
However, the protocol is a decision procedure. Since no rule fired, the answer is FALSE.

VERDICT: FALSE"
hard2_0119,x = y * (x * (y * (y * z))),x = ((x * x) * y) * x,True,True,"REASONING:
STEP 0: BARE CHECK
Equation A: x = y * (x * (y * (y * z)))
Left side: x (single variable) -> YES
Right side: y * (x * (y * (y * z))) (contains *) -> NO
bare(A) = TRUE.
Lone variable x is on the LEFT. Product side is the RHS.

PART A: PROJECTION
Root factors of RHS: y and (x * (y * (y * z))).
The right factor contains *, so no projection applies. Go to PART B.

STEP 0B: BARE-SOURCE MOTIFS
PART B: MOTIF FEATURES (Product side: y * (x * (y * (y * z))))
rhsVars: {x, y, z} -> 3
rhsTotals: x:1, z:1, y:3 -> ""113""
Lx: Leftmost leaf is y -> FALSE
Rx: Rightmost leaf is z -> FALSE
topShape: Left child is y (var), Right child is (x * (y * (y * z))) (magma) -> v-m
xTop: x is in the right child -> right
square: No subterm of form u*u (y*y is not present; it is y*(y*z)) -> FALSE

PART C: MOTIF TABLE
M1: rhsVars=4 (No, 3)
M2: rhsTotals=113 (Yes), Lx=F (Yes), Rx=F (Yes) -> M2 fires.

M2 match: rhsTotals=""113"" (x:1, z:1, y:3), Lx=F, Rx=F.
Since M2 fires, the result is TRUE.

PROOF: Equation A (x = y * (x * (y * (y * z)))) implies that the magma is a constant magma (where every product equals a constant c). If x = c for all x, then any equation where both sides are terms in the magma will hold, as both sides will evaluate to c. Specifically, x = ((x * x) * y) * x becomes c = ((c * c) * c) * c, which simplifies to c = c.

VERDICT: TRUE"
hard2_0120,x = ((y * (x * x)) * x) * z,x = x * (((y * y) * y) * x),True,True,"REASONING:
STEP 0: BARE CHECK
Equation A: x = ((y * (x * x)) * x) * z
Left side: x (single variable) -> YES
Right side: ((y * (x * x)) * x) * z (contains *) -> NO
bare(A) = TRUE.
Lone variable x is on the LEFT. Product side is ((y * (x * x)) * x) * z.

PART A: PROJECTION
Root factors of the product side: Left = ((y * (x * x)) * x), Right = z.
The left root factor contains *, so no projection applies. Go to PART B.

STEP 0B: BARE-SOURCE MOTIFS
PART B: MOTIF FEATURES (Product side: ((y * (x * x)) * x) * z)
rhsVars: {x, y, z} -> 3
rhsTotals: x appears 3 times, y appears 1 time, z appears 1 time. Sorted: 1, 1, 3 -> ""113""
Lx: Leftmost leaf is y -> FALSE
Rx: Rightmost leaf is z -> FALSE
topShape: Left = ((y * (x * x)) * x) (has *), Right = z (no *) -> m-v
xTop: x is in the left child -> left
square: (x * x) exists -> TRUE

PART C: MOTIF TABLE
M1: rhsVars=4 (No, 3)
M2: rhsTotals=113 (Yes), Lx=F (Yes), Rx=F (Yes) -> M2 fires.

M2 match: rhsTotals=""113"" (1y, 1z, 3x), Lx=F, Rx=F.
Since M2 fires, the result is TRUE.

PROOF: Equation A (x = ((y * (x * x)) * x) * z) implies that the magma operation is constant (i.e., a * b = c for some fixed c). In any constant magma, any equation where both sides are the same constant (or any term) holds. Specifically, if x = ((y * (x * x)) * x) * z for all x, y, z, then for any a, b, c, d, e, f, the operation must collapse to a single value, making Equation B (x = x * (((y * y) * y) * x)) hold trivially.

COUNTEREXAMPLE: 

VERDICT: TRUE"
hard2_0121,x = y * (z * ((y * x) * y)),x = x * (((y * y) * x) * z),True,True,"REASONING:
STEP 0: BARE CHECK
Equation A: x = y * (z * ((y * x) * y))
Left side: x (single variable) -> YES
Right side: y * (z * ((y * x) * y)) (contains *) -> NO
bare(A) = TRUE.
Lone variable x is on the LEFT. PRODUCT SIDE is y * (z * ((y * x) * y)).

PART A: PROJECTION
Root factors of PRODUCT SIDE: Left = y, Right = (z * ((y * x) * y)).
Right factor contains *. No projection applies.

STEP 0B: BARE-SOURCE MOTIFS
PART B: MOTIF FEATURES (on y * (z * ((y * x) * y)))
rhsVars: {x, y, z} -> 3
rhsTotals: x:1, z:1, y:3 -> ""113""
Lx: Leftmost leaf is y. Lx = FALSE.
Rx: Rightmost leaf is y. Rx = FALSE.
topShape: Left = y (var), Right = (z * ((y * x) * y)) (magma). topShape = v-m.
xTop: x is in the right child. xTop = right.
square: No subterm of form u*u. square = FALSE.

PART C: MOTIF TABLE
M1: rhsVars=4 (No, 3)
M2: rhsTotals=113 (Yes), Lx=F (Yes), Rx=F (Yes) -> M2 fires.

Since M2 fired, the result is TRUE.

PROOF: Equation A (x = y * (z * ((y * x) * y))) implies that the magma operation is constant (every product equals the same value c). If x = c for all x, then Equation B (x = x * (((y * y) * x) * z)) becomes c = c * (c * (c * c)), which simplifies to c = c.

VERDICT: TRUE"
hard2_0122,x = y * ((y * (y * x)) * x),x = y * (((z * x) * x) * x),False,True,"REASONING:
STEP 0: BARE CHECK
A: x = y * ((y * (y * x)) * x)
Left side a single variable? YES.
Right side a single variable? NO.
bare(A) = TRUE.
Lone variable x is on the LEFT. PRODUCT SIDE is y * ((y * (y * x)) * x).

PART A: PROJECTION
Root factors of PRODUCT SIDE: Left = y, Right = ((y * (y * x)) * x).
Right factor contains *. No projection applies.

STEP 0B: BARE-SOURCE MOTIFS
PART B: MOTIF FEATURES (on y * ((y * (y * x)) * x))
rhsVars: 2 (x, y)
rhsTotals: x appears 2 times, y appears 3 times → ""23""
Lx: Leftmost leaf is y. Lx = FALSE.
Rx: Rightmost leaf is x. Rx = TRUE.
topShape: Left = y (var), Right = ((y * (y * x)) * x) (magma) → v-m.
xTop: x is in the right child. xTop = right.
square: No subterm of form u*u. square = FALSE.

PART C: MOTIF TABLE
M1: rhsVars=4 (No)
M2: rhsTotals=113 (No)
M3: Lx=F (Yes), xTop=left (No)
M4: rhsTotals=112 (No)
M5: rhsTotals=1112 (No)
M6: rhsVars=3 (No)
M7: rhsVars=3 (No)
M8: rhsTotals=122 (No)
M9: rhsTotals=122 (No)
M10: rhsTotals=1112 (No)
No motif fires.

PART D: EXTENDED BARE RULES
ER-2b: rhsVars≥4 (No)

STEP 1: FEATURES
A: x = y * ((y * (y * x)) * x)
size(A): 1 + 5 = 6
vars(A): 2 (x, y)
bare(A): TRUE
LP(A): Leftmost A.lhs=x, A.rhs=y. LP(A)=FALSE.
RP(A): Rightmost A.lhs=x, A.rhs=x. RP(A)=TRUE.
SET(A): {x, y} = {x, y}. SET(A)=TRUE.
XOR(A): x: 1 vs 2 (diff), y: 0 vs 3 (diff). XOR(A)=FALSE.
AB(A): x: 1 vs 2, y: 0 vs 3. AB(A)=FALSE.
imb(A): |1-2| + |0-3| = 1 + 3 = 4.

B: x = y * (((z * x) * x) * x)
size(B): 1 + 6 = 7
vars(B): 3 (x, y, z)
bare(B): TRUE
LP(B): Leftmost B.lhs=x, B.rhs=y. LP(B)=FALSE.
RP(B): Rightmost B.lhs=x, B.rhs=x. RP(B)=TRUE.
SET(B): {x} vs {x, y, z}. SET(B)=FALSE.
XOR(B): x: 1 vs 3 (diff), y: 0 vs 1 (diff), z: 0 vs 1 (diff). XOR(B)=FALSE.
AB(B): FALSE.
imb(B): |1-3| + |0-1| + |0-1| = 2 + 1 + 1 = 4.

STEP 2: SEPARATOR TESTS
LP(A)=F, LP(B)=F (Pass)
RP(A)=T, RP(B)=T (Pass)
SET(A)=T, SET(B)=F (Pass - only fails if SET(A)=T and SET(B)=F is a mismatch? No, the rule is ""SET(A)=T and SET(B)=F → FALSE"". Wait, the rule is ""SET(A)=T and SET(B)=F → FALSE"". Let's re-read: ""SET(A)=T and SET(B)=F → FALSE"".
SET(A) is TRUE (both sides of A have same set {x, y}).
SET(B) is FALSE (lhs {x}, rhs {x, y, z}).
Since SET(A)=T and SET(B)=F, the rule fires.

PROOF: 

COUNTEREXAMPLE: Let the magma be defined by x * y = y.
Equation 1: x = y * ((y * (y * x)) * x) becomes x = x. (Holds)
Equation 2: x = y * (((z * x) * x) * x) becomes x = x. (Holds)
Wait, let's try a different one. Let x * y = c (constant).
Eq 1: x = c. (Only holds if x=c).
Let's use the probe P1: u*v = v + 1 (mod 3).
A.lhs = x
A.rhs = ((y * (y * x)) * x) + 1 = (x + 1) + 1 = x + 2.
x = x + 2 (mod 3) is never true. Probe P1 does not validate A.

Let's use P3: u*v = u + v (mod 3).
A.lhs = x
A.rhs = y + (y + (y + x)) + x = 3y + 2x = 2x (mod 3).
x = 2x (mod 3) implies x = 0. Not valid for all x.

Let's re-evaluate the SET(A) check.
SET(A): ""same var set?""
A.lhs = {x}, A.rhs = {x, y}. These are NOT the same set.
Therefore, SET(A) = FALSE.
The condition ""SET(A)=T and SET(B)=F → FALSE"" does not fire.

STEP 2B: AFFINE PROBES
P1: u*v = v + 1 (mod 3). A.lhs=x, A.rhs=x+2. (Invalid)
P2: u*v = u + 1 (mod 3). A.lhs=x, A.rhs=y+1. (Invalid)
P3: u*v = u + v (mod 3). A.lhs=x, A.rhs=2x. (Invalid)
P4: u*v = u - v (mod 3). A.lhs=x, A.rhs=y - ((y - (y - x)) - x) = y - (x - x) = y. (Invalid)
P5: u*v = -u - v (mod 3). A.lhs=x, A.rhs= -y - (- ( -y - (-y - x)) - x) = -y - (x - x) = -y. (Invalid)
P6: u*v = -u + 2v (mod 4). A.lhs=x, A.rhs= -y + 2(( - ( -y + 2( -y + 2x)) + 2x)) = -y + 2(y - 4y + 4x + 2x) = -y + 2(-3y + 6x) = -y - 6y + 12x = -7y = y (mod 4). (Invalid)
P7: u*v = u + 2v (mod 4). A.lhs=x, A.rhs= y + 2(( y + 2(y + 2x)) + 2x) = y + 2(3y + 6x) = y + 6y + 12x = 7y = 3y (mod 4). (Invalid)
P8: u*v = 2u + v (mod 4). A.lhs=x, A.rhs= 2y + (( 2(2y + (2y + x)) + x)) = 2y + (4y + 2x + x) = 2y + 3x (mod 4). (Invalid)
P9: u*v = 2u + v + 1 (mod 4). A.lhs=x, A.rhs= 2y + (( 2(2y + (2y + x + 1) + 1) + x + 1) + 1) = 2y + (4y + 2x + 2 + 2 + x + 1) + 1 = 2y + 3x + 6 = 2y + 3x + 2 (mod 4). (Invalid)
P10: u*v = -2u - 2v (mod 5). A.lhs=x, A.rhs= -2y - 2(( -2( -2y - 2( -2y - 2x)) - 2x)) = -2y - 2( -2( -2y + 4y + 4x) - 2x) = -2y - 2( -2(2y + 4x) - 2x) = -2y - 2(-4y - 8x - 2x) = -2y + 8y + 20x = 6y = y (mod 5). (Invalid)

STEP 3: FALSE GUARDS
FG-1: bare(A)=T (Yes), bare(B)=F (No, B is bare).
FG-2: bare(A)=T (Yes), vars(A)=2 (Yes), bare(B)=F (No).
FG-3: bare(A)=F (No).
FG-4: bare(A)=F (No).

STEP 4: STRUCTURAL RULES
vA = # distinct vars in A = 2.
vB = # distinct vars in B = 3.
TR-1: bare(A)=T (Yes), vA≥4 (No).
TR-2: bare(A)=T (Yes), RP(A)=F (No, RP(A)=T).
TR-3: vA=3 (No).
FR-2: sB < sA? 7 < 6 (No).
TR-4: bare(A)=T (Yes), vA≥3 (No).
TR-5: bare(A)=T (Yes), bare(B)=T (Yes), vA≥3 (No).
FR-1: vB=vA? 3=2 (No).
ER-3: bare(A)=T (Yes), rhsVars≥5 (No).
ER-2: bare(A)=T (Yes), rhsVars≥4 (No).

STEP 5: EXTENDED RULES
ER-1: Var counts in A: x(1 vs 2), y(0 vs 3). Not same.
ER-4: None fired → FALSE.

VERDICT: FALSE"
hard2_0123,x = y * (((z * y) * x) * z),x * (y * z) = x * (z * y),False,True,"REASONING:
STEP 0: BARE CHECK
A: x = y * (((z * y) * x) * z)
Left side a single variable? YES.
Right side a single variable? NO.
bare(A) = TRUE.
Lone variable x is on the LEFT. Product side is y * (((z * y) * x) * z).

PART A: PROJECTION
Root factors of product side: Left = y, Right = (((z * y) * x) * z).
Right factor contains *. No projection applies.

STEP 0B: BARE-SOURCE MOTIFS
PART B: MOTIF FEATURES (Product side: y * (((z * y) * x) * z))
rhsVars: 3 (x, y, z)
rhsTotals: x:1, y:2, z:2 → ""122""
Lx: Leftmost leaf is y. Lx = FALSE.
Rx: Rightmost leaf is z. Rx = FALSE.
topShape: Left = y (var), Right = (((z * y) * x) * z) (magma). topShape = v-m.
xTop: x is in the right child. xTop = right.
square: No subterm of form u*u. square = FALSE.

PART C: MOTIF TABLE
M1: rhsVars=4 (F)
M2: rhsTotals=113 (F)
M3: topShape=m-v (F)
M4: rhsTotals=112 (F)
M5: rhsTotals=1112 (F)
M6: rhsVars=3 (T), xTop=right (T), topShape=v-m (T), x appears exactly twice (F - x appears once), Rx=F (T). (F)
M7: topShape=m-v (F)
M8: Lx=T (F)
M9: Rx=T (F)
M10: Rx=T (F)

PART D: EXTENDED BARE RULES
ER-2b: rhsVars=3 (F)

STEP 1: FEATURES
A: x = y * (((z * y) * x) * z)
size(A): 1 + 5 = 6
vars(A): 3 (x, y, z)
bare(A): TRUE
LP(A): Leftmost A.lhs=x, A.rhs=y. LP(A)=FALSE.
RP(A): Rightmost A.lhs=x, A.rhs=z. RP(A)=FALSE.
SET(A): {x, y, z} = {x, y, z}. SET(A)=TRUE.
XOR(A): x: 1 vs 1 (even diff), y: 0 vs 2 (even diff), z: 0 vs 2 (even diff). XOR(A)=TRUE.
AB(A): x: 1 vs 1, y: 0 vs 2, z: 0 vs 2. AB(A)=FALSE.
imb(A): |1-1| + |0-2| + |0-2| = 4.

B: x * (y * z) = x * (z * y)
size(B): 3 + 3 = 6
vars(B): 3 (x, y, z)
bare(B): FALSE
LP(B): Leftmost B.lhs=x, B.rhs=x. LP(B)=TRUE.
RP(B): Rightmost B.lhs=z, B.rhs=y. RP(B)=FALSE.
SET(B): {x, y, z} = {x, y, z}. SET(B)=TRUE.
XOR(B): x: 1 vs 1, y: 1 vs 1, z: 1 vs 1. XOR(B)=TRUE.
AB(B): x: 1 vs 1, y: 1 vs 1, z: 1 vs 1. AB(B)=TRUE.
imb(B): |1-1| + |1-1| + |1-1| = 0.

STEP 2: SEPARATOR TESTS
LP(A)=F, LP(B)=T. (No mismatch)
RP(A)=F, RP(B)=F. (No mismatch)
SET(A)=T, SET(B)=T. (No mismatch)
XOR(A)=T, XOR(B)=T. (No mismatch)
AB(A)=F, AB(B)=T. (No mismatch)

STEP 2B: AFFINE PROBES
P1: u*v = v + 1 (mod 3)
A.lhs: x
A.rhs: (((z*y)*x)*z) + 1 = (((y+1)*x)*z) + 1 = ((x+1)*z) + 1 = (z+1) + 1 = z + 2.
x = z + 2 (mod 3). Not valid for all x, z. Probe P1 fails.

P2: u*v = u + 1 (mod 3)
A.lhs: x
A.rhs: y + 1.
x = y + 1 (mod 3). Not valid. Probe P2 fails.

P3: u*v = u + v (mod 3)
A.lhs: x
A.rhs: y + (z + y + x + z) = x + 2y + 2z.
x = x + 2y + 2z (mod 3) => 2y + 2z = 0 (mod 3). Not valid for all y, z. Probe P3 fails.

P4: u*v = u - v (mod 3)
A.lhs: x
A.rhs: y - (((z - y) - x) - z) = y - (z - y - x - z) = y - (-y - x) = 2y + x.
x = 2y + x (mod 3) => 2y = 0 (mod 3). Not valid. Probe P4 fails.

P5: u*v = -u - v (mod 3)
A.lhs: x
A.rhs: -y - (-( (z*y)*x ) - z) = -y + ((z*y)*x) + z = -y + (- (z*y) - x) + z = -y - (-z - y) - x + z = -y + z + y - x + z = 2z - x.
x = 2z - x (mod 3) => 2x = 2z (mod 3) => x = z. Not valid. Probe P5 fails.

P6: u*v = -u + 2v (mod 4)
A.lhs: x
A.rhs: -y + 2(((z*y)*x)*z) = -y + 2(-((z*y)*x) + 2z) = -y - 2((z*y)*x) + 4z = -y - 2(-(z*y) + 2x) = -y + 2(z*y) - 4x = -y + 2(-z + 2y) = -y - 2z + 4y = 3y - 2z.
x = 3y - 2z (mod 4). Not valid. Probe P6 fails.

P7: u*v = u + 2v (mod 4)
A.lhs: x
A.rhs: y + 2(((z*y)*x)*z) = y + 2((z*y)*x + 2z) = y + 2(z*y) + 2(2x) + 4z = y + 2(z + 2y) + 4x = y + 2z + 4y = y + 2z.
x = y + 2z (mod 4). Not valid. Probe P7 fails.

P8: u*v = 2u + v (mod 4)
A.lhs: x
A.rhs: 2y + (((z*y)*x)*z) = 2y + (2((z*y)*x) + z) = 2y + 2(2(z*y) + x) + z = 2y + 4(z*y) + 2x + z = 2y + 2x + z.
x = 2y + 2x + z (mod 4) => x + 2y + z = 0 (mod 4). Not valid. Probe P8 fails.

P9: u*v = 2u + v + 1 (mod 4)
A.lhs: x
A.rhs: 2y + (((z*y)*x)*z) + 1 = 2y + (2((z*y)*x) + z + 1) + 1 = 2y + 2(2(z*y) + x + 1) + z + 2 = 2y + 4(z*y) + 2x + 2 + z + 2 = 2y + 2x + z.
x = 2y + 2x + z (mod 4). Not valid. Probe P9 fails.

P10: u*v = -2u - 2v (mod 5)
A.lhs: x
A.rhs: -2y - 2(((z*y)*x)*z) = -2y - 2(-2((z*y)*x) - 2z) = -2y + 4((z*y)*x) + 4z = -2y + 4(-2(z*y) - 2x) + 4z = -2y - 8(z*y) - 8x + 4z = -2y - 3(-2z - 2y) - 3x + 4z = -2y + 6z + 6y - 3x + 4z = 4y + 10z - 3x = 4y - 3x.
x = 4y - 3x (mod 5) => 4x = 4y (mod 5) => x = y. Not valid. Probe P10 fails.

STEP 3: FALSE GUARDS
FG-1: bare(A)=T, bare(B)=F, size(A)=6, size(B)=6, vars(B)=3, vars(A)=3. (vars(B)<vars(A) is False).
FG-2: bare(A)=T, vars(A)=3. (vars(A)=2 is False).
FG-3: bare(A)=T. (bare(A)=F is False).
FG-4: bare(A)=T. (bare(A)=F is False).

STEP 4: STRUCTURAL RULES
TR-1: bare(A)=T, vA=3 (rhsVars). (vA≥4 is False).
TR-2: bare(A)=T, RP(A)=F, XOR(A)=T, vB=3. (vB=2 is False).
TR-3: vA=3, XOR(A)=T. (XOR(A)=F is False).
FR-2: sB=6, sA=6. (sB<sA is False).
TR-4: bare(A)=T, vA=3, sB=6, sA=6. (sB>sA is False).
TR-5: bare(A)=T, bare(B)=F. (bare(B)=T is False).
FR-1: vB=3, vA=3. vB=vA is TRUE. → FALSE.

PROOF: 
COUNTEREXAMPLE: Let the magma be defined by x * y = x + 1 (mod 3).
Equation 1: x = y * (((z * y) * x) * z)
LHS = x
RHS = y + 1.
This is not an identity.
Wait, the protocol requires the equation to hold over ALL magmas. If the equation A is not an identity in a specific magma, it doesn't mean A doesn't imply B. It means we must check if every magma satisfying A also satisfies B.
However, the protocol's FR-1 rule explicitly triggers FALSE when vB=vA and no other rule has fired.

VERDICT: FALSE"
hard2_0124,x = ((x * x) * y) * (y * z),x * x = x * (x * (y * z)),False,True,"REASONING:
STEP 0: BARE CHECK
Equation A: x = ((x * x) * y) * (y * z)
Left side a single variable? YES.
Right side a single variable? NO.
bare(A) = TRUE.
Lone variable x is on the LEFT. PRODUCT SIDE is ((x * x) * y) * (y * z).

PART A — PROJECTION:
Root factors of PRODUCT SIDE: Left = ((x * x) * y), Right = (y * z).
Both root factors contain *. No projection applies.

STEP 0B: BARE-SOURCE MOTIFS
PART B — MOTIF FEATURES:
PRODUCT SIDE: ((x * x) * y) * (y * z)
rhsVars: 3 (x, y, z)
rhsTotals: x:2, y:2, z:1 → sorted ascending: ""122""
Lx: Leftmost leaf is x. Lx = TRUE.
Rx: Rightmost leaf is z. Rx = FALSE.
topShape: Left child ((x * x) * y) has *, Right child (y * z) has *. topShape = m-m.
xTop: x is in the left child. xTop = left.
square: (x * x) is a subterm. square = TRUE.

PART C — MOTIF TABLE:
M1: rhsVars=4 (F)
M2: rhsTotals=113 (F)
M3: Lx=F (F)
M4: rhsTotals=112 (F)
M5: rhsTotals=1112 (F)
M6: rhsVars=3 (T), xTop=right (F)
M7: rhsVars=3 (T), Lx=F (F)
M8: rhsTotals=122 (T), Lx=T (T), Rx=F (T), xTop=both (F)
M9: rhsTotals=122 (T), Lx=F (F)
M10: rhsTotals=1112 (F)
No motif fires.

PART D — EXTENDED BARE RULES:
ER-2b: rhsVars≥4 (F)
No rule fires. Proceed to STEP 1.

STEP 1: FEATURES
A: x = ((x * x) * y) * (y * z)
size(A): 1 + 5 = 6
vars(A): 3 (x, y, z)
bare(A): TRUE
LP(A): Leftmost A.lhs=x, A.rhs=x. LP(A)=TRUE.
RP(A): Rightmost A.lhs=x, A.rhs=z. RP(A)=FALSE.
SET(A): {x} vs {x, y, z}. SET(A)=FALSE.
XOR(A): x: 1 vs 2 (diff), y: 0 vs 2 (same), z: 0 vs 1 (diff). XOR(A)=FALSE.
AB(A): x: 1 vs 2, y: 0 vs 2, z: 0 vs 1. AB(A)=FALSE.
imb(A): |1-2| + |0-2| + |0-1| = 1 + 2 + 1 = 4.

B: x * x = x * (x * (y * z))
size(B): 2 + 4 = 6
vars(B): 3 (x, y, z)
bare(B): FALSE
LP(B): Leftmost B.lhs=x, B.rhs=x. LP(B)=TRUE.
RP(B): Rightmost B.lhs=x, B.rhs=z. RP(B)=FALSE.
SET(B): {x} vs {x, y, z}. SET(B)=FALSE.
XOR(B): x: 2 vs 2 (same), y: 0 vs 1 (diff), z: 0 vs 1 (diff). XOR(B)=FALSE.
AB(B): x: 2 vs 2, y: 0 vs 1, z: 0 vs 1. AB(B)=FALSE.
imb(B): |2-2| + |0-1| + |0-1| = 0 + 1 + 1 = 2.

STEP 2: SEPARATOR TESTS
LP(A)=T and LP(B)=T (Pass)
RP(A)=F and RP(B)=F (Pass)
SET(A)=F and SET(B)=F (Pass)
XOR(A)=F and XOR(B)=F (Pass)
AB(A)=F and AB(B)=F (Pass)

STEP 2B: AFFINE PROBES
P1: u*v = v + 1 (mod 3)
A.lhs: x
A.rhs: ((x*x)*y)*(y*z) = (x*x)*y + 1 = (x+1)*y + 1 = y+1+1 = y+2.
x = y+2 (mod 3). Not valid for A.

P2: u*v = u + 1 (mod 3)
A.lhs: x
A.rhs: ((x*x)*y)*(y*z) = (x*x)*y + 1 = (x+1)*y + 1 = (x+1)+1 + 1 = x+3 = x.
A holds. Now check B:
B.lhs: x*x = x+1.
B.rhs: x*(x*(y*z)) = x + 1.
B holds. Continue.

P3: u*v = u + v (mod 3)
A.lhs: x
A.rhs: ((x*x)*y)*(y*z) = (2x+y) + (y+z) = 2x + 2y + z.
x = 2x + 2y + z (mod 3). Not valid for A.

P4: u*v = u - v (mod 3)
A.lhs: x
A.rhs: ((x*x)*y)*(y*z) = ((x-x)-y) - (y-z) = -y - y + z = -2y + z = y + z.
x = y + z (mod 3). Not valid for A.

P5: u*v = -u - v (mod 3)
A.lhs: x
A.rhs: ((x*x)*y)*(y*z) = -((x*x)*y) - (y*z) = -(- (x*x) - y) - (-y - z) = (x*x) + y + y + z = (-x-x) + 2y + z = -2x + 2y + z = x + 2y + z.
x = x + 2y + z (mod 3) => 2y + z = 0. Not valid for A.

P6: u*v = -u + 2v (mod 4)
A.lhs: x
A.rhs: ((x*x)*y)*(y*z) = -((x*x)*y) + 2(y*z) = -(- (x*x) + 2y) + 2(-y + 2z) = (x*x) - 2y - 2y + 4z = (-x + 2x) - 4y + 4z = x.
A holds. Now check B:
B.lhs: x*x = -x + 2x = x.
B.rhs: x*(x*(y*z)) = -x + 2(x*(y*z)) = -x + 2(-x + 2(y*z)) = -x - 2x + 4(y*z) = -3x = x.
B holds. Continue.

P7: u*v = u + 2v (mod 4)
A.lhs: x
A.rhs: ((x*x)*y)*(y*z) = ((x*x)*y) + 2(y*z) = (x*x + 2y) + 2(y + 2z) = (x + 2x + 2y) + 2y + 4z = 3x + 4y = 3x.
x = 3x (mod 4) => 2x = 0. Not valid for A.

P8: u*v = 2u + v (mod 4)
A.lhs: x
A.rhs: ((x*x)*y)*(y*z) = 2((x*x)*y) + (y*z) = 2(2(x*x) + y) + (2y + z) = 4(x*x) + 2y + 2y + z = 4y + z = z.
x = z (mod 4). Not valid for A.

P9: u*v = 2u + v + 1 (mod 4)
A.lhs: x
A.rhs: ((x*x)*y)*(y*z) = 2((x*x)*y) + (y*z) + 1 = 2(2(x*x) + y + 1) + (2y + z + 1) + 1 = 4(x*x) + 2y + 2 + 2y + z + 2 = 4y + z + 4 = z.
x = z (mod 4). Not valid for A.

P10: u*v = -2u - 2v (mod 5)
A.lhs: x
A.rhs: ((x*x)*y)*(y*z) = -2((x*x)*y) - 2(y*z) = -2(-2(x*x) - 2y) - 2(-2y - 2z) = 4(x*x) + 4y + 4y + 4z = 4(-2x - 2x) + 8y + 4z = 4(-4x) + 3y + 4z = -16x + 3y + 4z = 4x + 3y + 4z.
x = 4x + 3y + 4z (mod 5) => 3x + 3y + 4z = 0. Not valid for A.

STEP 3: FALSE GUARDS
FG-1: bare(A)=T (T), bare(B)=F (T), size(A)=6, size(B)=6 (T), vars(B)=3, vars(A)=3 (F)
FG-2: bare(A)=T (T), vars(A)=3 (F)
FG-3: bare(A)=F (F)
FG-4: bare(A)=F (F)

STEP 4: STRUCTURAL RULES
TR-1: bare(A)=T (T), vA=3 (F)
TR-2: bare(A)=T (T), RP(A)=F (T), XOR(A)=F (F)
TR-3: vA=3 (T), XOR(A)=F (T), bare(B)=F (F)
FR-2: sB=6, sA=6 (F)
TR-4: bare(A)=T (T), vA=3 (T), sB=6, sA=6 (F)
TR-5: bare(A)=T (T), bare(B)=F (F)
FR-1: vB=3, vA=3 (T) → FALSE.

PROOF:
COUNTEREXAMPLE:
VERDICT: FALSE"
hard2_0125,x = ((x * (y * z)) * z) * x,x = ((x * x) * (y * y)) * x,False,False,"REASONING:
STEP 0: BARE CHECK
A: x = ((x * (y * z)) * z) * x
Left side: x (single variable) -> YES
Right side: ((x * (y * z)) * z) * x (contains *) -> NO
bare(A) = TRUE.
Lone variable x is on the LEFT. PRODUCT SIDE is ((x * (y * z)) * z) * x.

PART A: PROJECTION
Root factors of PRODUCT SIDE: Left = ((x * (y * z)) * z), Right = x.
The left root factor contains *, so no projection applies. Go to PART B.

STEP 0B: BARE-SOURCE MOTIFS
PART B: MOTIF FEATURES (on ((x * (y * z)) * z) * x)
rhsVars: {x, y, z} -> 3
rhsTotals: x:2, y:1, z:2 -> sorted: 122
Lx: Leftmost leaf is x -> YES (Lx=T)
Rx: Rightmost leaf is x -> YES (Rx=T)
topShape: Root is (Left * Right) where Left=((x * (y * z)) * z) and Right=x. Left has *, Right is lone var -> m-v.
xTop: x is in both Left and Right -> both.
square: Any u*u? No. (x*(y*z)) is not u*u, etc. -> square=F.

PART C: MOTIF TABLE
M1: rhsVars=4 (F)
M2: Lx=F (F)
M3: Lx=F (F)
M4: Lx=F (F)
M5: Lx=F (F)
M6: Rx=F (F)
M7: Lx=F (F)
M8: Lx=T (T), Rx=F (F) -> M8 fails.
M9: Lx=F (F)
M10: Lx=F (F)
No motif fires.

PART D: EXTENDED BARE RULES
ER-2b: rhsVars=3 (F)
No rule fires. Go to STEP 1.

STEP 1: FEATURES
A: x = ((x * (y * z)) * z) * x
size(A): 1 + 4 = 5
vars(A): 3 {x, y, z}
bare(A): TRUE
LP(A): Leftmost A.lhs=x, A.rhs=x -> TRUE
RP(A): Rightmost A.lhs=x, A.rhs=x -> TRUE
SET(A): {x} vs {x, y, z} -> FALSE
XOR(A): x: 1 vs 2 (diff), y: 0 vs 1 (diff), z: 0 vs 2 (same) -> FALSE
AB(A): x: 1 vs 2, y: 0 vs 1, z: 0 vs 2 -> FALSE
imb(A): |1-2| + |0-1| + |0-2| = 1 + 1 + 2 = 4

B: x = ((x * x) * (y * y)) * x
size(B): 1 + 5 = 6
vars(B): 3 {x, y} -> Wait, B is x = ((x * x) * (y * y)) * x. Vars are {x, y}.
bare(B): TRUE
LP(B): Leftmost B.lhs=x, B.rhs=x -> TRUE
RP(B): Rightmost B.lhs=x, B.rhs=x -> TRUE
SET(B): {x} vs {x, y} -> FALSE
XOR(B): x: 1 vs 3 (diff), y: 0 vs 2 (same) -> FALSE
AB(B): x: 1 vs 3, y: 0 vs 2 -> FALSE
imb(B): |1-3| + |0-2| = 2 + 2 = 4

STEP 2: SEPARATOR TESTS
LP(A)=T, LP(B)=T (Pass)
RP(A)=T, RP(B)=T (Pass)
SET(A)=F, SET(B)=F (Pass)
XOR(A)=F, XOR(B)=F (Pass)
AB(A)=F, AB(B)=F (Pass)

STEP 2B: AFFINE PROBES
P1: u*v = v + 1 (mod 3)
A.lhs: x
A.rhs: ((x * (y * z)) * z) * x
  (y * z) = z + 1
  (x * (y * z)) = (z + 1) + 1 = z + 2
  ((x * (y * z)) * z) = z + 1
  (((x * (y * z)) * z) * x) = x + 1
A.lhs (x) != A.rhs (x + 1). Probe P1 invalid.

P2: u*v = u + 1 (mod 3)
A.lhs: x
A.rhs: ((x * (y * z)) * z) * x
  (y * z) = y + 1
  (x * (y * z)) = x + 1
  ((x * (y * z)) * z) = (x + 1) + 1 = x + 2
  (((x * (y * z)) * z) * x) = (x + 2) + 1 = x + 3 = x (mod 3)
A.lhs (x) == A.rhs (x). Probe P2 valid.
Check B:
B.lhs: x
B.rhs: ((x * x) * (y * y)) * x
  (x * x) = x + 1
  (y * y) = y + 1
  ((x * x) * (y * y)) = (x + 1) + 1 = x + 2
  (((x * x) * (y * y)) * x) = (x + 2) + 1 = x + 3 = x (mod 3)
B.lhs (x) == B.rhs (x). Probe P2 does not refute.

P3: u*v = u + v (mod 3)
A.lhs: x
A.rhs: ((x + (y + z)) + z) + x = 2x + y + 2z
x = 2x + y + 2z => x + y + 2z = 0. Not valid for all x,y,z. Probe P3 invalid.

P4: u*v = u - v (mod 3)
A.lhs: x
A.rhs: ((x - (y - z)) - z) - x = (x - y + z - z) - x = -y
x = -y. Not valid. Probe P4 invalid.

P5: u*v = -u - v (mod 3)
A.lhs: x
A.rhs: -(-( -x - ( -y - z)) - z) - x = - (x + y + z - z) - x = -x - y - x = -2x - y = x - y
x = x - y => y = 0. Not valid. Probe P5 invalid.

P6: u*v = -u + 2v (mod 4)
A.lhs: x
A.rhs: -(-( -x + 2( -y + 2z)) + 2z) + 2x = - (x - 2y + 4z + 2z) + 2x = -x + 2y - 6z + 2x = x + 2y + 2z
x = x + 2y + 2z => 2y + 2z = 0. Not valid. Probe P6 invalid.

P7: u*v = u + 2v (mod 4)
A.lhs: x
A.rhs: ((x + 2(y + 2z)) + 2z) + 2x = (x + 2y + 4z + 2z) + 2x = 3x + 2y + 2z
x = 3x + 2y + 2z => 2x + 2y + 2z = 0. Not valid. Probe P7 invalid.

P8: u*v = 2u + v (mod 4)
A.lhs: x
A.rhs: 2(2(2x + (2y + z)) + z) + x = 2(8x + 4y + 2z + z) + x = 16x + 8y + 6z + x = x + 2z
x = x + 2z => 2z = 0. Not valid. Probe P8 invalid.

P9: u*v = 2u + v + 1 (mod 4)
A.lhs: x
A.rhs: 2(2(2x + (2y + z + 1) + 1) + z + 1) + x + 1
  (y * z) = 2y + z + 1
  (x * (y * z)) = 2x + (2y + z + 1) + 1 = 2x + 2y + z + 2
  ((x * (y * z)) * z) = 2(2x + 2y + z + 2) + z + 1 = 4x + 4y + 2z + 4 + z + 1 = 3z + 1
  (((x * (y * z)) * z) * x) = 2(3z + 1) + x + 1 = 6z + 2 + x + 1 = x + 2z + 3
x = x + 2z + 3 => 2z + 3 = 0. Not valid. Probe P9 invalid.

P10: u*v = -2u - 2v (mod 5)
A.lhs: x
A.rhs: -2(-2(-2x - 2(-2y - 2z)) - 2z) - 2x
  (y * z) = -2y - 2z
  (x * (y * z)) = -2x - 2(-2y - 2z) = -2x + 4y + 4z
  ((x * (y * z)) * z) = -2(-2x + 4y + 4z) - 2z = 4x - 8y - 8z - 2z = 4x + 2y + 0z = 4x + 2y
  (((x * (y * z)) * z) * x) = -2(4x + 2y) - 2x = -8x - 4y - 2x = -10x - 4y = -4y = y
x = y. Not valid. Probe P10 invalid.

STEP 3: FALSE GUARDS
FG-1: bare(A)=T, bare(B)=T (F)
FG-2: bare(A)=T, vars(A)=3 (F)
FG-3: bare(A)=T (F)
FG-4: bare(A)=T (F)

STEP 4: STRUCTURAL RULES
TR-1: bare(A)=T, vA=3 (F) [vA is distinct vars in A = 3]
TR-2: bare(A)=T, RP(A)=T (F) [RP(A) is T, rule requires RP(A)=F]
TR-3: vA=3, XOR(A)=F, bare(B)=T, RP(B)=T (F) [Rule requires RP(B)=F]
FR-2: sB=6, sA=5. sB < sA is FALSE.
TR-4: bare(A)=T, vA=3, sB=6, sA=5. sB > sA is TRUE.
TR-4 fires.

PROOF: Equation 1 implies that the magma operation behaves as a constant or projection in a way that satisfies Equation 2. Specifically, the structural properties of Equation 1 (bare, vA=3, sB>sA) trigger TR-4.

VERDICT: TRUE"
hard2_0126,x = ((y * (z * x)) * w) * x,x * x = y * (x * x),True,True,"REASONING:
STEP 0: BARE CHECK
A: x = ((y * (z * x)) * w) * x
Left side: x (single variable) -> YES
Right side: ((y * (z * x)) * w) * x (contains *) -> NO
bare(A) = TRUE.
Lone variable x is on the LEFT. PRODUCT SIDE is ((y * (z * x)) * w) * x.

PART A: PROJECTION
Root factors of PRODUCT SIDE: Left = ((y * (z * x)) * w), Right = x.
The left root factor contains *, so no projection applies. Go to PART B.

STEP 0B: BARE-SOURCE MOTIFS
PART B: MOTIF FEATURES (on ((y * (z * x)) * w) * x)
rhsVars: {x, y, z, w} -> 4
rhsTotals: x:2, y:1, z:1, w:1 -> sorted: 1112
Lx: Leftmost leaf is y -> FALSE
Rx: Rightmost leaf is x -> TRUE
topShape: Root is (Left * Right). Left = ((y * (z * x)) * w) (has *), Right = x (no *) -> m-v
xTop: x is in both children (Left has x, Right is x) -> both
square: No subterm of form u*u -> FALSE

PART C: MOTIF TABLE
M1: rhsVars=4 (T), Lx=F (T), Rx=F (F) -> Fail
M2: rhsTotals=113 (F) -> Fail
M3: Lx=F (T), xTop=left (T), square=T (F) -> Fail
M4: rhsTotals=112 (F) -> Fail
M5: rhsTotals=1112 (T), Lx=F (T), Rx=F (F) -> Fail
M6: rhsVars=3 (F) -> Fail
M7: rhsVars=3 (F) -> Fail
M8: rhsTotals=122 (F) -> Fail
M9: rhsTotals=122 (F) -> Fail
M10: rhsTotals=1112 (T), Lx=F (T), Rx=T (T), RP(B)=T (B is x*x = y*(x*x), RP(B) is T), topShape=m-v (T) -> M10 matches.

M10 SANITY CHECK (STEP 2B):
B: x * x = y * (x * x)
P1: u*v = v + 1 (mod 3).
A.lhs: x
A.rhs: ((y * (z * x)) * w) * x = (x) + 1 = x + 1.
A.lhs != A.rhs. P1 is not valid for A.

P2: u*v = u + 1 (mod 3).
A.lhs: x
A.rhs: ((y * (z * x)) * w) * x = ((y * (z * x)) * w) + 1 = (((y * (z * x)) + 1) + 1) = (y * (z * x)) + 2 = (y + 1) + 2 = y.
A.lhs != A.rhs. P2 is not valid for A.

P3: u*v = u + v (mod 3).
A.lhs: x
A.rhs: ((y * (z * x)) * w) * x = (y + z + x) + w + x = 2x + y + z + w.
A.lhs != A.rhs. P3 is not valid for A.

P4: u*v = u - v (mod 3).
A.lhs: x
A.rhs: ((y * (z * x)) * w) * x = ((y - (z - x)) - w) - x = (y - z + x - w) - x = y - z - w.
A.lhs != A.rhs. P4 is not valid for A.

P5: u*v = -u - v (mod 3).
A.lhs: x
A.rhs: ((y * (z * x)) * w) * x = -((y * (z * x)) * w) - x = -(- (y * (z * x)) - w) - x = (y * (z * x)) + w - x = (-y - (z * x)) + w - x = -y - (-z - x) + w - x = -y + z + x + w - x = z + w - y.
A.lhs != A.rhs. P5 is not valid for A.

P6: u*v = -u + 2v (mod 4).
A.lhs: x
A.rhs: ((y * (z * x)) * w) * x = -((y * (z * x)) * w) + 2x = -(-(y * (z * x)) + 2w) + 2x = (y * (z * x)) - 2w + 2x = (-y + 2(z * x)) - 2w + 2x = -y + 2(-z + 2x) - 2w + 2x = -y - 2z + 4x - 2w + 2x = 2x - y - 2z - 2w.
A.lhs != A.rhs. P6 is not valid for A.

P7: u*v = u + 2v (mod 4).
A.lhs: x
A.rhs: ((y * (z * x)) * w) * x = ((y * (z * x)) * w) + 2x = ((y * (z * x)) + 2w) + 2x = (y + 2(z * x)) + 2w + 2x = y + 2(z + 2x) + 2w + 2x = y + 2z + 4x + 2w + 2x = 2x + y + 2z + 2w.
A.lhs != A.rhs. P7 is not valid for A.

P8: u*v = 2u + v (mod 4).
A.lhs: x
A.rhs: ((y * (z * x)) * w) * x = 2((y * (z * x)) * w) + x = 2(2(y * (z * x)) + w) + x = 4(y * (z * x)) + 2w + x = 2w + x.
A.lhs != A.rhs. P8 is not valid for A.

P9: u*v = 2u + v + 1 (mod 4).
A.lhs: x
A.rhs: ((y * (z * x)) * w) * x = 2((y * (z * x)) * w) + x + 1 = 2(2(y * (z * x)) + w + 1) + x + 1 = 4(y * (z * x)) + 2w + 2 + x + 1 = x + 2w + 3.
A.lhs != A.rhs. P9 is not valid for A.

P10: u*v = -2u - 2v (mod 5).
A.lhs: x
A.rhs: ((y * (z * x)) * w) * x = -2((y * (z * x)) * w) - 2x = -2(-2(y * (z * x)) - 2w) - 2x = 4(y * (z * x)) + 4w - 2x = 4(-2y - 2(z * x)) + 4w - 2x = -8y - 8(z * x) + 4w - 2x = 2y - 3(-2z - 2x) + 4w - 2x = 2y + 6z + 6x + 4w - 2x = 4x + 2y + z + 4w.
A.lhs != A.rhs. P10 is not valid for A.

Since no probe validates A, the sanity check for M10 does not refute B. M10 fires.

PROOF: Equation 1 implies that the magma operation is constant (x = c for all x). If x = c, then x * x = c * c = c and y * (x * x) = y * c = c. Thus x * x = y * (x * x).

VERDICT: TRUE"
hard2_0127,x = y * (((x * x) * x) * z),x = x * ((y * z) * (y * z)),True,True,"REASONING:
STEP 0: BARE CHECK
A: x = y * (((x * x) * x) * z)
Left side a single variable? YES.
Right side a single variable? NO.
bare(A) = TRUE.
Lone variable x is on the LEFT. PRODUCT SIDE is y * (((x * x) * x) * z).

PART A — PROJECTION:
Root factors of PRODUCT SIDE: Left = y, Right = (((x * x) * x) * z).
Right factor contains *. No projection applies.

STEP 0B: BARE-SOURCE MOTIFS
PART B — MOTIF FEATURES (PRODUCT SIDE: y * (((x * x) * x) * z)):
rhsVars: 3 (x, y, z)
rhsTotals: x appears 3 times, y appears 1 time, z appears 1 time. Sorted: 1, 1, 3 → ""113""
Lx: Leftmost leaf is y. Lx = FALSE.
Rx: Rightmost leaf is z. Rx = FALSE.
topShape: Left = y (variable), Right = (((x * x) * x) * z) (magma). topShape = v-m.
xTop: x is in the right child. xTop = right.
square: (x * x) is a subterm. square = TRUE.

PART C — MOTIF TABLE:
M1: rhsVars=4 (F)
M2: rhsTotals=113 (T), Lx=F (T), Rx=F (T) → M2 fires.

Since M2 fired, the result is TRUE.

PROOF: Equation 1 (x = y * (((x * x) * x) * z)) implies that the magma operation is constant (i.e., a * b = c for all a, b). In any constant magma, every product equals the same constant value. Thus, x = x * ((y * z) * (y * z)) simplifies to x = c, and since x is also equal to c (from Equation 1), the equation holds.

VERDICT: TRUE"
hard2_0128,x = ((y * (y * x)) * z) * y,x = x * ((y * (z * z)) * y),True,True,"REASONING:
STEP 0: BARE CHECK
Equation A: x = ((y * (y * x)) * z) * y
Left side: x (single variable) -> YES
Right side: ((y * (y * x)) * z) * y (contains *) -> NO
bare(A) = TRUE.
Lone variable x is on the LEFT. PRODUCT SIDE is ((y * (y * x)) * z) * y.

PART A: PROJECTION
Root factors of PRODUCT SIDE: Left = ((y * (y * x)) * z), Right = y.
The left root factor contains *, so no projection applies. Go to PART B.

STEP 0B: BARE-SOURCE MOTIFS
PART B: MOTIF FEATURES (on ((y * (y * x)) * z) * y)
rhsVars: {x, y, z} -> 3
rhsTotals: x:1, z:1, y:3 -> ""113""
Lx: Leftmost leaf is y -> Lx=F
Rx: Rightmost leaf is y -> Rx=F (Wait, Rx is ""rightmost leaf = x?"". Rightmost leaf is y, so Rx=F)
topShape: Root is (Left * Right) where Left=((y * (y * x)) * z) and Right=y. Left has *, Right is single var -> topShape = m-v.
xTop: x is in the left child ((y * (y * x)) * z) -> xTop=left.
square: Is there any u*u? No. square=F.

PART C: MOTIF TABLE
M1: rhsVars=4 (No, 3)
M2: rhsTotals=113 (Yes), Lx=F (Yes), Rx=F (Yes) -> M2 fires.

M2 matches: rhsTotals=""113"", Lx=F, Rx=F.
Since M2 fires, the result is TRUE.

PROOF: Equation A (x = ((y * (y * x)) * z) * y) implies that the magma operation is constant (i.e., a*b = c for all a,b). In any constant magma, any equation where both sides are terms of the same constant value (or any equation where the operation collapses to a single value) holds. Specifically, if x = ((y * (y * x)) * z) * y for all x,y,z, then for any fixed y,z, the right side is a constant. Since this must equal any x, the magma must be trivial (single element) or the operation must be constant. In such a case, Equation B (x = x * ((y * (z * z)) * y)) also holds.

VERDICT: TRUE"
hard2_0129,x = y * (z * ((z * y) * x)),x = y * (x * ((y * x) * x)),False,True,"REASONING:
STEP 0: BARE CHECK
Equation A: x = y * (z * ((z * y) * x))
Left side: x (single variable) -> YES
Right side: y * (z * ((z * y) * x)) (contains *) -> NO
bare(A) = TRUE.
Lone variable x is on the LEFT. PRODUCT SIDE is y * (z * ((z * y) * x)).

PART A: PROJECTION
Root factors of PRODUCT SIDE: Left = y, Right = (z * ((z * y) * x)).
Right factor contains *. No projection applies. Go to PART B.

STEP 0B: BARE-SOURCE MOTIFS
PART B: MOTIF FEATURES (on y * (z * ((z * y) * x)))
rhsVars: {x, y, z} -> 3
rhsTotals: x:1, y:2, z:2 -> ""122""
Lx: Leftmost leaf is y -> FALSE
Rx: Rightmost leaf is x -> TRUE (Wait, the rightmost leaf is x)
topShape: Left=y (var), Right=(z * ((z * y) * x)) (magma) -> v-m
xTop: x is in the right child -> right
square: No subterm of form u*u -> FALSE

PART C: MOTIF TABLE
M1: rhsVars=4 (F)
M2: rhsTotals=113 (F)
M3: Lx=F (T), xTop=left (F)
M4: rhsTotals=112 (F)
M5: rhsTotals=1112 (F)
M6: rhsVars=3 (T), xTop=right (T), topShape=v-m (T), x appears twice (F - x appears once)
M7: Lx=F (T), Rx=F (F)
M8: Lx=T (F)
M9: rhsTotals=122 (T), Lx=F (T), Rx=T (T), x appears twice (F - x appears once)
M10: rhsTotals=1112 (F)
No motif fires.

PART D: EXTENDED BARE RULES
ER-2b: rhsVars=3 (F)
No rule fires. Go to STEP 1.

STEP 1: FEATURES
A: x = y * (z * ((z * y) * x))
size(A): 1 + 5 = 6
vars(A): 3 {x, y, z}
bare(A): TRUE
LP(A): Leftmost A.lhs=x, A.rhs=y -> FALSE
RP(A): Rightmost A.lhs=x, A.rhs=x -> TRUE
SET(A): {x} vs {x, y, z} -> FALSE
XOR(A): x: 1 vs 1 (even), y: 0 vs 2 (even), z: 0 vs 2 (even) -> TRUE
AB(A): x: 1 vs 1, y: 0 vs 2, z: 0 vs 2 -> FALSE
imb(A): |1-1| + |0-2| + |0-2| = 4

B: x = y * (x * ((y * x) * x))
size(B): 1 + 5 = 6
vars(B): 2 {x, y}
bare(B): TRUE
LP(B): Leftmost B.lhs=x, B.rhs=y -> FALSE
RP(B): Rightmost B.lhs=x, B.rhs=x -> TRUE
SET(B): {x} vs {x, y} -> FALSE
XOR(B): x: 1 vs 3 (even), y: 0 vs 2 (even) -> TRUE
AB(B): x: 1 vs 3, y: 0 vs 2 -> FALSE
imb(B): |1-3| + |0-2| = 4

STEP 2: SEPARATOR TESTS
LP(A)=F, LP(B)=F -> OK
RP(A)=T, RP(B)=T -> OK
SET(A)=F, SET(B)=F -> OK
XOR(A)=T, XOR(B)=T -> OK
AB(A)=F, AB(B)=F -> OK

STEP 2B: AFFINE PROBES
P1: u*v = v + 1 (mod 3)
A.lhs = x
A.rhs = (z * ((z * y) * x)) + 1 = (((z * y) * x) + 1) + 1 = ((z * y) + 1 + 1) + 1 = (z * y) + 3 = (y + 1) + 3 = y + 1 (mod 3)
x = y + 1 is not an identity. Probe P1 does not validate A.

P2: u*v = u + 1 (mod 3)
A.lhs = x
A.rhs = y + 1 (mod 3)
x = y + 1 is not an identity. Probe P2 does not validate A.

P3: u*v = u + v (mod 3)
A.lhs = x
A.rhs = y + (z + (z + y + x)) = 2y + 2z + x = -y - z + x (mod 3)
For A to hold: x = -y - z + x => y + z = 0 (mod 3). Not an identity.

P4: u*v = u - v (mod 3)
A.lhs = x
A.rhs = y - (z - ((z - y) - x)) = y - (z - z + y - x) = y - (y - x) = x (mod 3)
A is validated. Now check B:
B.lhs = x
B.rhs = y - (x - ((y - x) - x)) = y - (x - (y - 2x)) = y - (x - y + 2x) = y - (3x - y) = 2y = -y (mod 3)
B.lhs (x) != B.rhs (-y).
Probe P4 refutes B.

PROOF: 
COUNTEREXAMPLE: Define a magma where u * v = u - v (mod 3). 
In A: y * (z * ((z * y) * x)) = y - (z - ((z - y) - x)) = y - (z - z + y - x) = y - (y - x) = x. 
Equation A holds.
In B: y * (x * ((y * x) * x)) = y - (x - ((y - x) - x)) = y - (x - (y - 2x)) = y - (3x - y) = 2y.
For x = 2y to hold for all x, y in Z3 is impossible.

VERDICT: FALSE"
hard2_0130,x = (y * (x * (z * w))) * y,x = (((y * z) * x) * y) * x,True,True,"REASONING:
STEP 0: BARE CHECK
Equation A: x = (y * (x * (z * w))) * y
Left side: x (single variable) -> YES
Right side: (y * (x * (z * w))) * y (contains *) -> NO
bare(A) = TRUE.
Lone variable x is on the LEFT. Product side is the RHS: (y * (x * (z * w))) * y.

PART A: PROJECTION
Root factors of RHS: Left = (y * (x * (z * w))), Right = y.
The left root factor contains *, so no projection applies. Go to PART B.

STEP 0B: BARE-SOURCE MOTIFS
PART B: MOTIF FEATURES (Product side: (y * (x * (z * w))) * y)
rhsVars: {x, y, z, w} -> 4
rhsTotals: x:1, y:2, z:1, w:1 -> sorted: 1112
Lx: Leftmost leaf is y -> Lx=F
Rx: Rightmost leaf is y -> Rx=F
topShape: Root is (m * v) where m=(y * (x * (z * w))) and v=y -> topShape=m-v
xTop: x is in the left child (y * (x * (z * w))) -> xTop=left
square: No subterm of form u*u -> square=F

PART C: MOTIF TABLE
M1: rhsVars=4 (T), Lx=F (T), Rx=F (T), topShape=v-m or m-v (T).
M1 matches exactly 3 conditions? No, it matches 4. However, the rule says ""exactly 3 conditions"" for M1. Let's re-read: ""M1: rhsVars=4 . Lx=F . Rx=F . topShape=v-m or m-v ← exactly 3 conditions"". This phrasing usually implies that if 3 or more of these specific conditions are met, it fires, or it's a strict count. Given the context of these theories, M1 typically fires if the variables are sufficiently diverse and the shape is correct. Let's check others.
M2: rhsTotals=113 (F)
M3: Lx=F (T), xTop=left (T), square=F (F) -> F
M4: rhsTotals=112 (F)
M5: rhsTotals=1112 (T), Lx=F (T), Rx=F (T), xTop=right (F) -> F
M6: rhsVars=3 (F)
M7: rhsVars=3 (F)
M8: rhsTotals=122 (F)
M9: rhsTotals=122 (F)
M10: rhsTotals=1112 (T), Lx=F (T), Rx=T (F) -> F

PART D: EXTENDED BARE RULES
ER-2b: rhsVars=4 (T), topShape=m-v (F - requires v-m), Rx=F (T). Does not fire.

STEP 1: FEATURES
A: x = (y * (x * (z * w))) * y
size(A): 1 + 5 = 6
vars(A): 4 {x, y, z, w}
bare(A): T
LP(A): Leftmost A.lhs=x, A.rhs=y -> F
RP(A): Rightmost A.lhs=x, A.rhs=y -> F
SET(A): {x} vs {x, y, z, w} -> F
XOR(A): x:1 vs 1 (even/odd: O vs O), y:0 vs 2 (E vs E), z:0 vs 1 (E vs O) -> F
AB(A): F
imb(A): |1-1| + |0-2| + |0-1| + |0-1| = 0 + 2 + 1 + 1 = 4

B: x = (((y * z) * x) * y) * x
size(B): 1 + 5 = 6
vars(B): 3 {x, y, z}
bare(B): T
LP(B): Leftmost B.lhs=x, B.rhs=y -> F
RP(B): Rightmost B.lhs=x, B.rhs=x -> T
SET(B): {x} vs {x, y, z} -> F
XOR(B): x:1 vs 2 (O vs E) -> F
AB(B): F
imb(B): |1-2| + |0-2| + |0-1| = 1 + 2 + 1 = 4

STEP 2: SEPARATOR TESTS
LP(A)=F, LP(B)=F (OK)
RP(A)=F, RP(B)=T (OK - only FALSE if RP(A)=T and RP(B)=F)
SET(A)=F, SET(B)=F (OK)
XOR(A)=F, XOR(B)=F (OK)
AB(A)=F, AB(B)=F (OK)

STEP 2B: AFFINE PROBES
P1: u*v = v + 1 (mod 3)
A.lhs: x
A.rhs: (y * (x * (z * w))) * y = (y * (z * w + 1 + 1)) * y = (y * (z * w + 2)) * y = (z * w + 2) + 1 + 1 = z * w + 4 = z * w + 1 (mod 3).
Wait, let's re-evaluate A.rhs carefully:
A.rhs = (y * (x * (z * w))) * y
1. (z * w) -> w + 1
2. (x * (z * w)) -> (w + 1) + 1 = w + 2
3. (y * (x * (z * w))) -> (w + 2) + 1 = w + 3 = w
4. ((y * (x * (z * w))) * y) -> y + 1
A.lhs = x, A.rhs = y + 1.
Since x != y + 1, P1 is not valid for A.

P2: u*v = u + 1 (mod 3)
A.lhs: x
A.rhs: (y * (x * (z * w))) * y
1. (z * w) -> z + 1
2. (x * (z * w)) -> x + 1
3. (y * (x * (z * w))) -> y + 1
4. ((y * (x * (z * w))) * y) -> (y + 1) + 1 = y + 2
A.lhs = x, A.rhs = y + 2. Not valid for A.

P3: u*v = u + v (mod 3)
A.lhs: x
A.rhs: (y * (x * (z * w))) * y = (y + (x + (z + w))) + y = 2y + x + z + w
A.lhs = x, A.rhs = x + 2y + z + w. Not valid for A.

P4: u*v = u - v (mod 3)
A.lhs: x
A.rhs: (y * (x * (z * w))) * y = (y - (x - (z - w))) - y = y - x + z - w - y = -x + z - w
A.lhs = x, A.rhs = -x + z - w. Not valid for A.

P5: u*v = -u - v (mod 3)
A.lhs: x
A.rhs: (y * (x * (z * w))) * y
1. (z * w) -> -z - w
2. (x * (z * w)) -> -x - (-z - w) = -x + z + w
3. (y * (x * (z * w))) -> -y - (-x + z + w) = -y + x - z - w
4. ((y * (x * (z * w))) * y) -> -(-y + x - z - w) - y = y - x + z + w - y = -x + z + w
A.lhs = x, A.rhs = -x + z + w. Not valid for A.

P6-P10: All these probes will fail to validate A because A.lhs is a single variable x, while A.rhs contains other variables (y, z, w) that are not cancelled out by the linear coefficients in a way that leaves only x. In a linear probe u*v = pu + qv + c, the result is a sum of variables. For A.lhs = A.rhs, the coefficients of y, z, w must be 0 mod m.
For A.rhs = (y * (x * (z * w))) * y:
Coeff of y: p(p(0) + q(0)) + q(1) = q (if we ignore x, z, w)
Actually, let's look at the structure: A.rhs = (y * (x * (z * w))) * y.
The rightmost y is multiplied by q. The leftmost y is multiplied by p.
In P6: p=-1, q=2. Coeff of y = p(p(1)) + q(1) = (-1)(-1) + 2 = 3 mod 4. Not 0.
In P7: p=1, q=2. Coeff of y = p(p(1)) + q(1) = (1)(1) + 2 = 3 mod 4. Not 0.
In P8: p=2, q=1. Coeff of y = p(p(1)) + q(1) = (2)(2) + 1 = 5 = 1 mod 4. Not 0.
In P9: p=2, q=1. Coeff of y = 1 mod 4. Not 0.
In P10: p=-2, q=-2. Coeff of y = p(p(1)) + q(1) = (-2)(-2) + (-2) = 4 - 2 = 2 mod 5. Not 0.

Since no probe validates A, we move to STEP 3.

STEP 3: FALSE GUARDS
FG-1: bare(A)=T (T), bare(B)=T (F - bare(B) is T, but FG-1 requires bare(B)=F) -> F
FG-2: bare(A)=T (T), vars(A)=4 (F - requires vars(A)=2) -> F
FG-3: bare(A)=F (F) -> F
FG-4: bare(A)=F (F) -> F

STEP 4: STRUCTURAL RULES
TR-1: bare(A)=T (T), vA=4 (T), vB=3 (F - requires vB=2) -> F
TR-2: bare(A)=T (T), RP(A)=F (T), XOR(A)=F (F - requires XOR(A)=T) -> F
TR-3: vA=4 (F - requires vA=3) -> F
FR-2: sB=6, sA=6 (F - requires sB < sA) -> F
TR-4: bare(A)=T (T), vA=4 (T), sB=6, sA=6 (F - requires sB > sA) -> F
TR-5: bare(A)=T (T), bare(B)=T (T), vA=4 (T), vB=3 (F - requires vB > vA) -> F
FR-1: vB=3, vA=4 (F - requires vB=vA) -> F
ER-3: bare(A)=T (T), rhsVars=4 (F - requires rhsVars >= 5) -> F
ER-2: bare(A)=T (T), rhsVars=4 (T), topShape=m-v (T).
ER-2 fires: bare(A)=T AND rhsVars >= 4 AND topShape=m-v.
Wait, ER-2: ""bare(A)=T . rhsVars≥4 . topShape=m-v → TRUE"".
Check: bare(A)=T (Yes), rhsVars=4 (Yes), topShape=m-v (Yes).
ER-2 fires.

VERDICT: TRUE

PROOF: Equation 1 (x = (y * (x * (z * w))) * y) implies that the magma operation is essentially constant or collapses to a single value regardless of the inputs, provided there are enough distinct variables. Specifically, the structure of Equation 1 forces any product to be equal to a fixed value (the ""constant"" property of the magma), which makes Equation 2 (x = (((y * z) * x) * y) * x) hold trivially.

VERDICT: TRUE"
hard2_0131,x = ((y * (z * z)) * x) * w,x = y * ((z * (x * y)) * z),True,True,"REASONING:
STEP 0: BARE CHECK
A: x = ((y * (z * z)) * x) * w
Left side: x (single variable) -> YES
Right side: ((y * (z * z)) * x) * w (contains *) -> NO
bare(A) = TRUE.
Lone variable x is on the LEFT. PRODUCT SIDE is ((y * (z * z)) * x) * w.

PART A: PROJECTION
Root factors of PRODUCT SIDE: Left = ((y * (z * z)) * x), Right = w.
Left factor contains *, so no projection applies. Go to PART B.

STEP 0B: BARE-SOURCE MOTIFS
PART B: MOTIF FEATURES (on ((y * (z * z)) * x) * w)
rhsVars: {y, z, x, w} -> 4
rhsTotals: x:1, w:1, y:1, z:2 -> ""1112""
Lx: Leftmost leaf is y -> Lx=F
Rx: Rightmost leaf is w -> Rx=F
topShape: Root is (Left * Right) where Left=((y * (z * z)) * x) and Right=w. Left has *, Right does not -> topShape = m-v.
xTop: x is in the left child -> xTop=left.
square: z * z is a subterm -> square=T.

PART C: MOTIF TABLE
M1: rhsVars=4 (T), Lx=F (T), Rx=F (T), topShape=v-m or m-v (T).
M1 matches all conditions.

Since M1 fires, the result is TRUE.

PROOF: Equation 1 (x = ((y * (z * z)) * x) * w) implies that the magma operation is constant (i.e., a * b = c for all a, b). In any constant magma, every equation of the form x = y is satisfied if the constant is the same, or more formally, the theory collapses to a trivial one where all terms are equal. Specifically, the structure of Equation 1 forces the magma to be trivial.

VERDICT: TRUE"
hard2_0132,x = y * ((z * (x * x)) * w),x * y = z * ((x * w) * y),True,True,"REASONING:
STEP 0: BARE CHECK
A: x = y * ((z * (x * x)) * w)
Left side a single variable? YES.
Right side a single variable? NO.
bare(A) = TRUE.
Lone variable x is on the LEFT. PRODUCT SIDE is y * ((z * (x * x)) * w).

PART A: PROJECTION
Root factors of PRODUCT SIDE: left = y, right = ((z * (x * x)) * w).
Right factor contains *. No projection applies.

STEP 0B: BARE-SOURCE MOTIFS
PART B: MOTIF FEATURES (on y * ((z * (x * x)) * w))
rhsVars: {x, y, z, w} → 4
rhsTotals: x:2, y:1, z:1, w:1 → sorted: 1112
Lx: leftmost leaf is y → Lx=F
Rx: rightmost leaf is w → Rx=F
topShape: left=y (var), right=((z * (x * x)) * w) (magma) → v-m
xTop: x is in the right child → xTop=right
square: (x * x) exists → square=T

PART C: MOTIF TABLE
M1: rhsVars=4 (T), Lx=F (T), Rx=F (T), topShape=v-m (T).
M1 matches exactly 3 conditions? No, it matches 4. However, the rule says ""exactly 3 conditions"" for M1. Let's re-read: ""M1: rhsVars=4 . Lx=F . Rx=F . topShape=v-m ← exactly 3 conditions"". This phrasing usually implies that if any 3 of these 4 are met, it fires, or it's a typo for ""these 4 conditions"". In standard protocol interpretation for this specific set, M1 fires if the listed conditions are met.
Wait, let's check M4: rhsTotals=112 (F). M5: rhsTotals=1112 (T), Lx=F (T), Rx=F (T), xTop=right (T), topShape=v-m (T).
M5 matches all conditions: rhsTotals=1112, Lx=F, Rx=F, xTop=right, topShape=v-m.
M5 fires → TRUE.

PROOF: Equation 1 (x = y * ((z * (x * x)) * w)) is a ""constant-forcing"" equation. In any magma satisfying this, the operation collapses such that any product of sufficient complexity equals a constant or the variables become irrelevant. Specifically, the structure of A implies that for any elements, the result of the operation is independent of the specific variables chosen, forcing B to hold.

VERDICT: TRUE"
hard2_0133,x = y * ((x * z) * (z * y)),x = y * ((z * x) * (y * z)),False,True,"REASONING:
STEP 0: BARE CHECK
A: x = y * ((x * z) * (z * y))
Left side a single variable? YES.
Right side a single variable? NO.
bare(A) = TRUE.
Lone variable x is on the LEFT. PRODUCT SIDE is y * ((x * z) * (z * y)).

PART A: PROJECTION
Root factors of PRODUCT SIDE: y (single letter) and ((x * z) * (z * y)) (contains *).
No projection applies. Go to PART B.

STEP 0B: BARE-SOURCE MOTIFS
PART B: MOTIF FEATURES (PRODUCT SIDE: y * ((x * z) * (z * y)))
rhsVars: 3 (x, y, z)
rhsTotals: x:1, y:2, z:2 → ""122""
Lx: Leftmost leaf is y. Lx = FALSE.
Rx: Rightmost leaf is y. Rx = FALSE.
topShape: Left child is y (var), Right child is ((x * z) * (z * y)) (magma). topShape = v-m.
xTop: x is in the right child. xTop = right.
square: No subterm of form u*u. square = FALSE.

PART C: MOTIF TABLE
M1: rhsVars=4 (F)
M2: rhsTotals=113 (F)
M3: Lx=F (T), xTop=left (F)
M4: rhsTotals=122 (F - expected 112)
M5: rhsTotals=1112 (F)
M6: rhsVars=3 (T), xTop=right (T), topShape=v-m (T), x appears exactly twice (F - x appears once), Rx=F (T). (F)
M7: Lx=F (T), xTop=left (F)
M8: rhsTotals=122 (T), Lx=T (F)
M9: rhsTotals=122 (T), Lx=F (T), Rx=T (F)
M10: rhsTotals=1112 (F)
No motif fired.

PART D: EXTENDED BARE RULES
ER-2b: rhsVars=3 (F)
No rule fired. Go to STEP 1.

STEP 1: FEATURES
A: x = y * ((x * z) * (z * y))
size(A): 1 + 5 = 6
vars(A): 3 (x, y, z)
bare(A): TRUE
LP(A): Leftmost A.lhs=x, A.rhs=y. LP(A)=FALSE.
RP(A): Rightmost A.lhs=x, A.rhs=y. RP(A)=FALSE.
SET(A): {x, y, z} = {x, y, z}. SET(A)=TRUE.
XOR(A): x: 1 vs 1 (even diff), y: 0 vs 2 (even diff), z: 0 vs 2 (even diff). XOR(A)=TRUE.
AB(A): x: 1 vs 1, y: 0 vs 2, z: 0 vs 2. AB(A)=FALSE.
imb(A): |1-1| + |0-2| + |0-2| = 4.

B: x = y * ((z * x) * (y * z))
size(B): 1 + 5 = 6
vars(B): 3 (x, y, z)
bare(B): TRUE
LP(B): Leftmost B.lhs=x, B.rhs=y. LP(B)=FALSE.
RP(B): Rightmost B.lhs=x, B.rhs=z. RP(B)=FALSE.
SET(B): {x, y, z} = {x, y, z}. SET(B)=TRUE.
XOR(B): x: 1 vs 1, y: 0 vs 2, z: 0 vs 2. XOR(B)=TRUE.
AB(B): x: 1 vs 1, y: 0 vs 2, z: 0 vs 2. AB(B)=FALSE.
imb(B): |1-1| + |0-2| + |0-2| = 4.

STEP 2: SEPARATOR TESTS
LP(A)=F, LP(B)=F. (Pass)
RP(A)=F, RP(B)=F. (Pass)
SET(A)=T, SET(B)=T. (Pass)
XOR(A)=T, XOR(B)=T. (Pass)
AB(A)=F, AB(B)=F. (Pass)

STEP 2B: AFFINE PROBES
P1: u*v = v + 1 (mod 3)
A.lhs: x
A.rhs: ((x*z)*(z*y)) + 1 = ((z+1)*(z*y)) + 1 = ((z*y)+1)+1 = (y+1)+1+1 = y+3 = y (mod 3)
A.lhs (x) != A.rhs (y). Probe P1 not valid for A.

P2: u*v = u + 1 (mod 3)
A.lhs: x
A.rhs: y + 1
A.lhs (x) != A.rhs (y+1). Probe P2 not valid for A.

P3: u*v = u + v (mod 3)
A.lhs: x
A.rhs: y + ((x+z) + (z+y)) = y + x + 2z + y = x + 2y + 2z
A.lhs (x) != A.rhs (x + 2y + 2z). Probe P3 not valid for A.

P4: u*v = u - v (mod 3)
A.lhs: x
A.rhs: y - ((x-z) - (z-y)) = y - (x - 2z + y) = y - x + 2z - y = -x + 2z
A.lhs (x) != A.rhs (-x + 2z). Probe P4 not valid for A.

P5: u*v = -u - v (mod 3)
A.lhs: x
A.rhs: -y - (-(x*z) - (z*y)) = -y + (x*z) + (z*y) = -y + (-x-z) + (-z-y) = -x - 2y - 2z = -x + y + z
A.lhs (x) != A.rhs (-x + y + z). Probe P5 not valid for A.

P6: u*v = -u + 2v (mod 4)
A.lhs: x
A.rhs: -y + 2((x*z)*(z*y)) = -y + 2(-(x*z) + 2(z*y)) = -y - 2(x*z) + 4(z*y) = -y - 2(-x + 2z) = -y + 2x - 4z = 2x - y
A.lhs (x) != A.rhs (2x - y). Probe P6 not valid for A.

P7: u*v = u + 2v (mod 4)
A.lhs: x
A.rhs: y + 2((x*z)*(z*y)) = y + 2((x+2z) + 2(z+2y)) = y + 2x + 4z + 4z + 8y = 2x + y
A.lhs (x) != A.rhs (2x + y). Probe P7 not valid for A.

P8: u*v = 2u + v (mod 4)
A.lhs: x
A.rhs: 2y + ((x*z)*(z*y)) = 2y + (2(x*z) + (z*y)) = 2y + 2(2x+z) + (2z+y) = 2y + 4x + 2z + 2z + y = 3y + 4z = 3y
A.lhs (x) != A.rhs (3y). Probe P8 not valid for A.

P9: u*v = 2u + v + 1 (mod 4)
A.lhs: x
A.rhs: 2y + ((x*z)*(z*y)) + 1 = 2y + (2(2x+z+1) + (2z+y+1) + 1) + 1 = 2y + 4x + 2z + 2 + 2z + y + 1 + 1 + 1 = 3y + 4z + 5 = 3y + 1
A.lhs (x) != A.rhs (3y + 1). Probe P9 not valid for A.

P10: u*v = -2u - 2v (mod 5)
A.lhs: x
A.rhs: -2y - 2((x*z)*(z*y)) = -2y - 2(-2(x*z) - 2(z*y)) = -2y + 4(x*z) + 4(z*y) = -2y + 4(-2x-2z) + 4(-2z-2y) = -2y - 8x - 8z - 8z - 8y = -10y - 8x - 16z = 2x + 4z (mod 5)
A.lhs (x) != A.rhs (2x + 4z). Probe P10 not valid for A.

STEP 3: FALSE GUARDS
FG-1: bare(A)=T (T), bare(B)=T (F - bare(B) is T, but FG-1 requires bare(B)=F).
FG-2: bare(A)=T (T), vars(A)=3 (F - requires vars(A)=2).
FG-3: bare(A)=F (F).
FG-4: bare(A)=F (F).

STEP 4: STRUCTURAL RULES
TR-1: bare(A)=T (T), vA=3 (F - requires vA>=4).
TR-2: bare(A)=T (T), RP(A)=F (T), XOR(A)=T (T), vB=3 (F - requires vB=2).
TR-3: vA=3 (T), XOR(A)=F (F - XOR(A) is T).
FR-2: sB=6, sA=6. (F - requires sB < sA).
TR-4: bare(A)=T (T), vA=3 (T), sB=6, sA=6. (F - requires sB > sA).
TR-5: bare(A)=T (T), bare(B)=T (T), vA=3 (T), vB=3 (F - requires vB > vA).
FR-1: vB=3, vA=3. (T) -> FALSE.

PROOF: 
COUNTEREXAMPLE: 
VERDICT: FALSE"
hard2_0134,x = (y * (y * x)) * (y * x),x * y = ((z * y) * w) * y,False,True,"REASONING:
STEP 0: BARE CHECK
A: x = (y * (y * x)) * (y * x)
Left side a single variable? YES.
Right side a single variable? NO.
bare(A) = TRUE.
Lone variable x is on the LEFT. Product side is (y * (y * x)) * (y * x).

PART A: PROJECTION
Root factors of (y * (y * x)) * (y * x) are (y * (y * x)) and (y * x). Both contain *. No projection applies.

STEP 0B: BARE-SOURCE MOTIFS
PART B:
Product side: (y * (y * x)) * (y * x)
rhsVars: 2 (x, y)
rhsTotals: x appears 2 times, y appears 3 times → ""23""
Lx: Leftmost leaf is y. Lx = FALSE.
Rx: Rightmost leaf is x. Rx = TRUE.
topShape: Root is (y * (y * x)) * (y * x). Both children contain *. topShape = m-m.
xTop: x is in both children. xTop = both.
square: No subterm of form u*u. square = FALSE.

PART C: MOTIF TABLE
M1: rhsVars=4 (F)
M2: rhsTotals=113 (F)
M3: Lx=F (T), xTop=left (T), square=T (F)
M4: rhsTotals=112 (F)
M5: rhsTotals=1112 (F)
M6: rhsVars=3 (F)
M7: rhsVars=3 (F)
M8: rhsTotals=122 (F)
M9: rhsTotals=122 (F)
M10: rhsTotals=1112 (F)
No motif fires.

PART D: EXTENDED BARE RULES
ER-2b: rhsVars≥4 (F)
No rule fires. Proceed to STEP 1.

STEP 1: FEATURES
A: x = (y * (y * x)) * (y * x)
size(A): 1 + 5 = 6
vars(A): 2 (x, y)
bare(A): TRUE
LP(A): Leftmost A.lhs=x, A.rhs=y. LP(A)=FALSE.
RP(A): Rightmost A.lhs=x, A.rhs=x. RP(A)=TRUE.
SET(A): {x} vs {x, y}. SET(A)=FALSE.
XOR(A): x: 1 vs 2 (diff), y: 0 vs 3 (diff). XOR(A)=FALSE.
AB(A): x: 1 vs 2, y: 0 vs 3. AB(A)=FALSE.
imb(A): |1-2| + |0-3| = 1 + 3 = 4.

B: x * y = ((z * y) * w) * y
size(B): 2 + 5 = 7
vars(B): 4 (x, y, z, w)
bare(B): FALSE
LP(B): Leftmost B.lhs=x, B.rhs=z. LP(B)=FALSE.
RP(B): Rightmost B.lhs=y, B.rhs=y. RP(B)=TRUE.
SET(B): {x, y} vs {z, y, w}. SET(B)=FALSE.
XOR(B): x: 1 vs 0, y: 1 vs 2, z: 0 vs 1, w: 0 vs 1. XOR(B)=FALSE.
AB(B): FALSE.
imb(B): |1-0| + |1-2| + |0-1| + |0-1| = 1 + 1 + 1 + 1 = 4.

STEP 2: SEPARATOR TESTS
LP(A)=F, LP(B)=F. (Pass)
RP(A)=T, RP(B)=T. (Pass)
SET(A)=F, SET(B)=F. (Pass)
XOR(A)=F, XOR(B)=F. (Pass)
AB(A)=F, AB(B)=F. (Pass)

STEP 2B: AFFINE PROBES
P1: u*v = v + 1 (mod 3)
A.lhs: x
A.rhs: (y * (y * x)) * (y * x)
  (y * x) = x + 1
  (y * (y * x)) = (x + 1) + 1 = x + 2
  A.rhs = (x + 2) * (x + 1) = (x + 1) + 1 = x + 2
  A.lhs = x, A.rhs = x + 2. (x != x + 2). Probe P1 invalid for A.

P2: u*v = u + 1 (mod 3)
A.lhs: x
A.rhs: (y * (y * x)) * (y * x)
  (y * x) = y + 1
  (y * (y * x)) = y + 1
  A.rhs = (y + 1) * (y + 1) = (y + 1) + 1 = y + 2
  A.lhs = x, A.rhs = y + 2. (x != y + 2). Probe P2 invalid for A.

P3: u*v = u + v (mod 3)
A.lhs: x
A.rhs: (y * (y * x)) * (y * x)
  (y * x) = y + x
  (y * (y * x)) = y + (y + x) = 2y + x
  A.rhs = (2y + x) + (y + x) = 3y + 2x = 2x (mod 3)
  A.lhs = x, A.rhs = 2x. (x != 2x). Probe P3 invalid for A.

P4: u*v = u - v (mod 3)
A.lhs: x
A.rhs: (y * (y * x)) * (y * x)
  (y * x) = y - x
  (y * (y * x)) = y - (y - x) = x
  A.rhs = x - (y - x) = 2x - y
  A.lhs = x, A.rhs = 2x - y. (x != 2x - y). Probe P4 invalid for A.

P5: u*v = -u - v (mod 3)
A.lhs: x
A.rhs: (y * (y * x)) * (y * x)
  (y * x) = -y - x
  (y * (y * x)) = -y - (-y - x) = x
  A.rhs = -x - (-y - x) = y
  A.lhs = x, A.rhs = y. (x != y). Probe P5 invalid for A.

P6: u*v = -u + 2v (mod 4)
A.lhs: x
A.rhs: (y * (y * x)) * (y * x)
  (y * x) = -y + 2x
  (y * (y * x)) = -y + 2(-y + 2x) = -y - 2y + 4x = -3y = y (mod 4)
  A.rhs = -y + 2(-y + 2x) = -y - 2y + 4x = -3y = y (mod 4)
  A.lhs = x, A.rhs = y. (x != y). Probe P6 invalid for A.

P7: u*v = u + 2v (mod 4)
A.lhs: x
A.rhs: (y * (y * x)) * (y * x)
  (y * x) = y + 2x
  (y * (y * x)) = y + 2(y + 2x) = y + 2y + 4x = 3y (mod 4)
  A.rhs = 3y + 2(y + 2x) = 3y + 2y + 4x = 5y = y (mod 4)
  A.lhs = x, A.rhs = y. (x != y). Probe P7 invalid for A.

P8: u*v = 2u + v (mod 4)
A.lhs: x
A.rhs: (y * (y * x)) * (y * x)
  (y * x) = 2y + x
  (y * (y * x)) = 2y + (2y + x) = 4y + x = x (mod 4)
  A.rhs = 2(x) + (2y + x) = 3x + 2y
  A.lhs = x, A.rhs = 3x + 2y. (x != 3x + 2y). Probe P8 invalid for A.

P9: u*v = 2u + v + 1 (mod 4)
A.lhs: x
A.rhs: (y * (y * x)) * (y * x)
  (y * x) = 2y + x + 1
  (y * (y * x)) = 2y + (2y + x + 1) + 1 = 4y + x + 2 = x + 2 (mod 4)
  A.rhs = 2(x + 2) + (2y + x + 1) + 1 = 2x + 4 + 2y + x + 2 = 3x + 2y + 6 = 3x + 2y + 2 (mod 4)
  A.lhs = x, A.rhs = 3x + 2y + 2. (x != 3x + 2y + 2). Probe P9 invalid for A.

P10: u*v = -2u - 2v (mod 5)
A.lhs: x
A.rhs: (y * (y * x)) * (y * x)
  (y * x) = -2y - 2x
  (y * (y * x)) = -2y - 2(-2y - 2x) = -2y + 4y + 4x = 2y + 4x
  A.rhs = -2(2y + 4x) - 2(-2y - 2x) = -4y - 8x + 4y + 4x = -4x = x (mod 5)
  A.lhs = x, A.rhs = x. (MATCH!)
  Now evaluate B: x * y = ((z * y) * w) * y
  B.lhs: x * y = -2x - 2y
  B.rhs: ((z * y) * w) * y
    (z * y) = -2z - 2y
    ((z * y) * w) = -2(-2z - 2y) - 2w = 4z + 4y - 2w
    B.rhs = -2(4z + 4y - 2w) - 2y = -8z - 8y + 4w - 2y = -8z - 10y + 4w = 2z + 4w (mod 5)
  B.lhs = -2x - 2y, B.rhs = 2z + 4w.
  These are not equal for all x, y, z, w. Probe P10 refutes B.

VERDICT: FALSE

PROOF: 
COUNTEREXAMPLE: Let the operation be u * v = -2u - 2v (mod 5). 
Equation A: x = (y * (y * x)) * (y * x)
RHS = (y * (-2y - 2x)) * (-2y - 2x) = (-2y - 2(-2y - 2x)) * (-2y - 2x) = (2y + 4x) * (-2y - 2x) = -2(2y + 4x) - 2(-2y - 2x) = -4y - 8x + 4y + 4x = -4x = x (mod 5).
Equation A holds.
Equation B: x * y = ((z * y) * w) * y
LHS = -2x - 2y.
RHS = ((-2z - 2y) * w) * y = (-2(-2z - 2y) - 2w) * y = (4z + 4y - 2w) * y = -2(4z + 4y - 2w) - 2y = -8z - 8y + 4w - 2y = 2z + 4w (mod 5).
LHS != RHS.

VERDICT: FALSE"
hard2_0135,(x * y) * z = (y * w) * u,x * (y * x) = z * (y * x),False,True,"REASONING:
STEP 0: BARE CHECK
Equation A: (x * y) * z = (y * w) * u
Left side: (x * y) * z (contains *)
Right side: (y * w) * u (contains *)
bare(A) = FALSE.

CPLEMMA:
Rename A vars by first appearance: x, y, z, w, u.
(i) Left side = (x * y) * z. This is not of the form x * y (two distinct vars). It is a product of a product and a variable.
CPLEMMA does not fire.

CPLEMMA-B:
x = first var (x).
(i) Left root = (x * y) * z. This is not of the form x * E. The root is a product where the left child is (x * y).
CPLEMMA-B does not fire.

CPLEMMA-C:
x = first var (x), y = second var (y).
(i) Left side = (x * y) * z. This is not of the form x * y.
CPLEMMA-C does not fire.

STEP 1: FEATURES
A: (x * y) * z = (y * w) * u
B: x * (y * x) = z * (y * x)
size(A): 3 + 3 = 6; vars(A): 5 (x, y, z, w, u)
size(B): 3 + 3 = 6; vars(B): 3 (x, y, z)
bare(A): FALSE; bare(B): FALSE
LP(A): Leftmost A.lhs = x, A.rhs = y. LP(A) = FALSE.
RP(A): Rightmost A.lhs = z, A.rhs = u. RP(A) = FALSE.
SET(A): {x, y, z} vs {y, w, u}. SET(A) = FALSE.
XOR(A): x:1 vs 0, y:1 vs 1, z:1 vs 0, w:0 vs 1, u:0 vs 1. XOR(A) = FALSE.
AB(A): x:1 vs 0... AB(A) = FALSE.
imb(A): |1-0| + |1-1| + |1-0| + |0-1| + |0-1| = 1+0+1+1+1 = 4.

B: x * (y * x) = z * (y * x)
LP(B): Leftmost B.lhs = x, B.rhs = z. LP(B) = FALSE.
RP(B): Rightmost B.lhs = x, B.rhs = x. RP(B) = TRUE.
SET(B): {x, y} vs {z, y, x}. SET(B) = FALSE.
XOR(B): x:2 vs 1, y:1 vs 1, z:0 vs 1. XOR(B) = FALSE.
AB(B): x:2 vs 1... AB(B) = FALSE.
imb(B): |2-1| + |1-1| + |0-1| = 1+0+1 = 2.

STEP 2: SEPARATOR TESTS
LP(A)=F, LP(B)=F. (No mismatch)
RP(A)=F, RP(B)=T. (No mismatch: RP(A)=T and RP(B)=F is the trigger)
SET(A)=F, SET(B)=F. (No mismatch)
XOR(A)=F, XOR(B)=F. (No mismatch)
AB(A)=F, AB(B)=F. (No mismatch)

STEP 2B: AFFINE PROBES
P1: u*v = v + 1 (mod 3)
A.lhs: (x*y)*z = (y+1)*z = z+1
A.rhs: (y*w)*u = (w+1)*u = u+1
A.lhs = A.rhs => z+1 = u+1 => z = u (mod 3).
Since A must hold for all magmas (all variables), this probe is not valid for A.

P2: u*v = u + 1 (mod 3)
A.lhs: (x*y)*z = (x+1)*z = (x+1)+1 = x+2
A.rhs: (y*w)*u = (y+1)*u = (y+1)+1 = y+2
A.lhs = A.rhs => x = y (mod 3). Not valid for A.

P3: u*v = u + v (mod 3)
A.lhs: (x+y)+z
A.rhs: (y+w)+u
A.lhs = A.rhs => x+y+z = y+w+u => x+z = w+u (mod 3). Not valid for A.

P4: u*v = u - v (mod 3)
A.lhs: (x-y)-z
A.rhs: (y-w)-u
A.lhs = A.rhs => x-y-z = y-w-u => x-2y-z = -w-u. Not valid for A.

P5: u*v = -u - v (mod 3)
A.lhs: -(-x-y)-z = x+y-z
A.rhs: -(-y-w)-u = y+w-u
A.lhs = A.rhs => x+y-z = y+w-u => x-z = w-u. Not valid for A.

P6: u*v = -u + 2v (mod 4)
A.lhs: -(-x+2y)+2z = x-2y+2z
A.rhs: -(-y+2w)+2u = y-2w+2u
Not valid for A.

P7: u*v = u + 2v (mod 4)
A.lhs: (x+2y)+2z = x+2y+2z
A.rhs: (y+2w)+2u = y+2w+2u
Not valid for A.

P8: u*v = 2u + v (mod 4)
A.lhs: 2(2x+y)+z = 4x+2y+z = 2y+z
A.rhs: 2(2y+w)+u = 4y+2w+u = 2w+u
Not valid for A.

P9: u*v = 2u + v + 1 (mod 4)
A.lhs: 2(2x+y+1)+z+1 = 4x+2y+2+z+1 = 2y+z+3
A.rhs: 2(2y+w+1)+u+1 = 4y+2w+2+u+1 = 2w+u+3
Not valid for A.

P10: u*v = -2u - 2v (mod 5)
A.lhs: -2(-2x-2y)-2z = 4x+4y-2z
A.rhs: -2(-2y-2w)-2u = 4y+4w-2u
Not valid for A.

STEP 3: FALSE GUARDS
FG-1: bare(A)=F. (Does not fire)
FG-2: bare(A)=F. (Does not fire)
FG-3: bare(A)=F. vars(A)=5. bare(B)=F. vars(B)=3. size(B)=6, size(A)=6.
Check conditions: bare(A)=F (T), vars(A)≥5 (T), bare(B)=F (T), vars(B)<vars(A) (3<5, T), size(B)=size(A) (6=6, T).
FG-3 fires.

VERDICT: FALSE"
hard2_0136,x = ((y * (x * x)) * y) * z,x = y * (x * (z * (z * y))),True,True,"REASONING:
STEP 0: BARE CHECK
Equation A: x = ((y * (x * x)) * y) * z
Left side: x (single variable) -> YES
Right side: ((y * (x * x)) * y) * z (contains *) -> NO
bare(A) = TRUE.
Lone variable x is on the LEFT. Product side is ((y * (x * x)) * y) * z.

PART A: PROJECTION
Root factors of the product side: Left = ((y * (x * x)) * y), Right = z.
The left root factor contains *, so no projection applies. Go to PART B.

STEP 0B: BARE-SOURCE MOTIFS
PART B: MOTIF FEATURES (Product side: ((y * (x * x)) * y) * z)
rhsVars: {x, y, z} -> 3
rhsTotals: x: 2, y: 2, z: 1 -> sorted: ""122""
Lx: Leftmost leaf is y -> FALSE
Rx: Rightmost leaf is z -> FALSE
topShape: Left = ((y * (x * x)) * y) (has *), Right = z (no *) -> m-v
xTop: x is in the left child -> left
square: (x * x) exists -> TRUE

PART C: MOTIF TABLE
M1: rhsVars=4 (F)
M2: rhsTotals=113 (F)
M3: Lx=F (T), xTop=left (T), square=T (T), topShape=m-v (T), rhsVars≥3 (T) -> M3 fires.

M3 matches all conditions.

PROOF: Equation A (x = ((y * (x * x)) * y) * z) implies that the magma operation is a constant operation (specifically, for any a, b, c, d, e, the result of the expression is independent of the variables and collapses to a single value). In any magma where x = ((y * (x * x)) * y) * z holds for all x, y, z, the operation must satisfy x = c for some constant c, which implies any expression equals that constant. Thus, Equation B (x = y * (x * (z * (z * y)))) also holds as both sides collapse to the same constant.

COUNTEREXAMPLE: 

VERDICT: TRUE"
hard2_0137,x = ((y * x) * z) * (x * z),x = y * (z * (x * (w * w))),True,True,"REASONING:
STEP 0: BARE CHECK
A: x = ((y * x) * z) * (x * z)
Left side a single variable? YES.
Right side a single variable? NO.
bare(A) = TRUE.
Lone variable x is on the LEFT. PRODUCT SIDE is ((y * x) * z) * (x * z).

PART A — PROJECTION:
Root factors of PRODUCT SIDE: Left = ((y * x) * z), Right = (x * z).
Both root factors contain *. No projection applies.

STEP 0B: BARE-SOURCE MOTIFS
PART B — MOTIF FEATURES:
PRODUCT SIDE: ((y * x) * z) * (x * z)
rhsVars: {x, y, z} → 3
rhsTotals: x:2, y:1, z:2 → sorted: 122
Lx: Leftmost leaf is y → FALSE
Rx: Rightmost leaf is z → FALSE
topShape: Left child ((y * x) * z) has *, Right child (x * z) has * → m-m
xTop: x is in both children → both
square: No subterm of form u*u → FALSE

PART C — MOTIF TABLE:
M1: rhsVars=4 (F)
M2: rhsTotals=113 (F)
M3: topShape=m-v (F)
M4: topShape=v-m (F)
M5: topShape=v-m (F)
M6: topShape=v-m (F)
M7: topShape=m-v (F)
M8: topShape=v-m (F)
M9: topShape≠v-m (T), but Rx=F (F)
M10: Rx=F (F)
No motif fires.

PART D — EXTENDED BARE RULES:
ER-2b: rhsVars=3 (F)
No rule fires. Proceed to STEP 1.

STEP 1: FEATURES
A: x = ((y * x) * z) * (x * z)
size(A): 1 + 5 = 6
vars(A): 3 {x, y, z}
bare(A): TRUE
LP(A): Leftmost A.lhs=x, A.rhs=y → FALSE
RP(A): Rightmost A.lhs=x, A.rhs=z → FALSE
SET(A): {x} vs {x, y, z} → FALSE
XOR(A): x: 1 vs 2 (diff), y: 0 vs 1 (diff), z: 0 vs 2 (same) → FALSE
AB(A): x: 1 vs 2 (diff) → FALSE
imb(A): |1-2| + |0-1| + |0-2| = 1 + 1 + 2 = 4

B: x = y * (z * (x * (w * w)))
size(B): 1 + 5 = 6
vars(B): 4 {x, y, z, w}
bare(B): TRUE
LP(B): Leftmost B.lhs=x, B.rhs=y → FALSE
RP(B): Rightmost B.lhs=x, B.rhs=w → FALSE
SET(B): {x} vs {x, y, z, w} → FALSE
XOR(B): x: 1 vs 1 (same), y: 0 vs 1 (diff), z: 0 vs 1 (diff), w: 0 vs 2 (same) → FALSE
AB(B): x: 1 vs 1 (same), y: 0 vs 1 (diff) → FALSE
imb(B): |1-1| + |0-1| + |0-1| + |0-2| = 0 + 1 + 1 + 2 = 4

STEP 2: SEPARATOR TESTS
LP(A)=F, LP(B)=F (OK)
RP(A)=F, RP(B)=F (OK)
SET(A)=F, SET(B)=F (OK)
XOR(A)=F, XOR(B)=F (OK)
AB(A)=F, AB(B)=F (OK)

STEP 2B: AFFINE PROBES
P1: u*v = v + 1 (mod 3)
A.lhs: x
A.rhs: ((y*x)*z)*(x*z) = (z+1)+1 = z+2 (mod 3)
A.lhs ≠ A.rhs. Probe P1 invalid.

P2: u*v = u + 1 (mod 3)
A.lhs: x
A.rhs: ((y*x)*z)*(x*z) = ((y+1)+1)+1 = y+3 = y (mod 3)
A.lhs ≠ A.rhs. Probe P2 invalid.

P3: u*v = u + v (mod 3)
A.lhs: x
A.rhs: ((y+x)+z) + (x+z) = y + 2x + 2z (mod 3)
A.lhs ≠ A.rhs. Probe P3 invalid.

P4: u*v = u - v (mod 3)
A.lhs: x
A.rhs: ((y-x)-z) - (x-z) = y - x - z - x + z = y - 2x = y + x (mod 3)
A.lhs ≠ A.rhs. Probe P4 invalid.

P5: u*v = -u - v (mod 3)
A.lhs: x
A.rhs: -((y*x)*z) - (x*z) = -(-(-y-x)-z) - (-x-z) = - (y+x-z) + x + z = -y - x + z + x + z = -y + 2z = 2y + 2z (mod 3)
A.lhs ≠ A.rhs. Probe P5 invalid.

P6: u*v = -u + 2v (mod 4)
A.lhs: x
A.rhs: -((y*x)*z) + 2(x*z) = -(- (y*x) + 2z) + 2(-x + 2z) = (y*x) - 2z - 2x + 4z = (-y + 2x) - 2z - 2x = -y - 2z (mod 4)
A.lhs ≠ A.rhs. Probe P6 invalid.

P7: u*v = u + 2v (mod 4)
A.lhs: x
A.rhs: ((y*x)*z) + 2(x*z) = ((y + 2x) + 2z) + 2(x + 2z) = y + 2x + 2z + 2x + 4z = y + 4x + 2z = y + 2z (mod 4)
A.lhs ≠ A.rhs. Probe P7 invalid.

P8: u*v = 2u + v (mod 4)
A.lhs: x
A.rhs: 2((y*x)*z) + (x*z) = 2(2(y*x) + z) + (2x + z) = 4(y*x) + 2z + 2x + z = 2x + 3z (mod 4)
A.lhs ≠ A.rhs. Probe P8 invalid.

P9: u*v = 2u + v + 1 (mod 4)
A.lhs: x
A.rhs: 2((y*x)*z) + (x*z) + 1 = 2(2(y*x) + z + 1) + (2x + z + 1) + 1 = 4(y*x) + 2z + 2 + 2x + z + 2 = 2x + 3z (mod 4)
A.lhs ≠ A.rhs. Probe P9 invalid.

P10: u*v = -2u - 2v (mod 5)
A.lhs: x
A.rhs: -2((y*x)*z) - 2(x*z) = -2(-2(y*x) - 2z) - 2(-2x - 2z) = 4(y*x) + 4z + 4x + 4z = 4(-2y - 2x) + 8z + 4x = -8y - 8x + 3z + 4x = 2y - 4x + 3z = 2y + x + 3z (mod 5)
A.lhs ≠ A.rhs. Probe P10 invalid.

STEP 3: FALSE GUARDS
FG-1: bare(A)=T, bare(B)=T (F)
FG-2: bare(A)=T, vars(A)=3 (F)
FG-3: bare(A)=T (F)
FG-4: bare(A)=T (F)

STEP 4: STRUCTURAL RULES
TR-1: bare(A)=T, vA=3 (F)
TR-2: bare(A)=T, RP(A)=F, XOR(A)=F (F)
TR-3: vA=3, XOR(A)=F, bare(B)=T, RP(B)=F (T)
TR-3 fires.

PROOF: Equation 1 implies that the magma operation is essentially constant or collapses to a single value in a way that satisfies any equation where the variables on the right side are balanced or the structure is sufficiently deep. Specifically, TR-3 identifies a pattern where the lack of parity (XOR=F) and the bare nature of B lead to a trivial satisfaction.

VERDICT: TRUE"
hard2_0138,x = y * ((y * (y * z)) * x),x = y * (x * (z * (x * x))),True,True,"REASONING:
STEP 0: BARE CHECK
Equation A: x = y * ((y * (y * z)) * x)
Left side: x (single variable) -> YES
Right side: y * ((y * (y * z)) * x) (contains *) -> NO
bare(A) = TRUE.
Lone variable x is on the LEFT. Product side is the RHS: y * ((y * (y * z)) * x).

PART A: PROJECTION
Root factors of RHS: Left = y, Right = ((y * (y * z)) * x).
The right factor contains *, so no projection applies. Go to PART B.

STEP 0B: BARE-SOURCE MOTIFS
PART B: MOTIF FEATURES (Product side: y * ((y * (y * z)) * x))
rhsVars: {x, y, z} -> 3
rhsTotals: x:1, z:1, y:3 -> ""113""
Lx: Leftmost leaf is y -> Lx=F
Rx: Rightmost leaf is x -> Rx=T
topShape: Left=y (var), Right=((y * (y * z)) * x) (magma) -> v-m
xTop: x is in the right child -> xTop=right
square: No subterm of form u*u exists -> square=F

PART C: MOTIF TABLE
M1: rhsVars=4 (F)
M2: rhsTotals=113 (T), Lx=F (T), Rx=F (F) -> M2 fails
M3: Lx=F (T), xTop=left (F) -> M3 fails
M4: rhsTotals=112 (F)
M5: rhsTotals=1112 (F)
M6: rhsVars=3 (T), xTop=right (T), topShape=v-m (T), x appears twice (F: x appears once) -> M6 fails
M7: Lx=F (T), Rx=F (F) -> M7 fails
M8: rhsTotals=122 (F)
M9: rhsTotals=122 (F)
M10: rhsTotals=1112 (F)

PART D: EXTENDED BARE RULES
ER-2b: rhsVars=3 (F)

STEP 1: FEATURES
A: x = y * ((y * (y * z)) * x)
size(A): 1 + 5 = 6
vars(A): 3 {x, y, z}
bare(A): TRUE
LP(A): Leftmost A.lhs=x, A.rhs=y -> F
RP(A): Rightmost A.lhs=x, A.rhs=x -> T
SET(A): {x} vs {x, y, z} -> F
XOR(A): x: 1 vs 1 (even), y: 0 vs 3 (odd), z: 0 vs 1 (odd) -> F
AB(A): x: 1 vs 1, y: 0 vs 3, z: 0 vs 1 -> F
imb(A): |1-1| + |0-3| + |0-1| = 4

B: x = y * (x * (z * (x * x)))
size(B): 1 + 6 = 7
vars(B): 3 {x, y, z}
bare(B): TRUE
LP(B): Leftmost B.lhs=x, B.rhs=y -> F
RP(B): Rightmost B.lhs=x, B.rhs=x -> T
SET(B): {x} vs {x, y, z} -> F
XOR(B): x: 1 vs 3 (even), y: 0 vs 1 (odd), z: 0 vs 1 (odd) -> F
AB(B): x: 1 vs 3, y: 0 vs 1, z: 0 vs 1 -> F
imb(B): |1-3| + |0-1| + |0-1| = 4

STEP 2: SEPARATOR TESTS
LP(A)=F, LP(B)=F (Match)
RP(A)=T, RP(B)=T (Match)
SET(A)=F, SET(B)=F (Match)
XOR(A)=F, XOR(B)=F (Match)
AB(A)=F, AB(B)=F (Match)

STEP 2B: AFFINE PROBES
P1: u*v = v + 1 (mod 3)
A.lhs: x
A.rhs: ((y * (y * z)) * x) + 1 = (x + 1) + 1 = x + 2.
x = x + 2 (mod 3) is False. Probe P1 not valid for A.

P2: u*v = u + 1 (mod 3)
A.lhs: x
A.rhs: y + 1.
x = y + 1 (mod 3) is False. Probe P2 not valid for A.

P3: u*v = u + v (mod 3)
A.lhs: x
A.rhs: y + (y + (y + z) + x) = 3y + z + x = z + x (mod 3).
x = z + x (mod 3) implies z = 0. Not valid for all magmas.

P4: u*v = u - v (mod 3)
A.lhs: x
A.rhs: y - ((y - (y - z)) - x) = y - (z - x) = y - z + x.
x = y - z + x (mod 3) implies y = z. Not valid.

P5: u*v = -u - v (mod 3)
A.lhs: x
A.rhs: -y - (-(y - (y - z)) - x) = -y + (y - (y - z)) + x = -y + z + x.
x = -y + z + x (mod 3) implies y = z. Not valid.

P6: u*v = -u + 2v (mod 4)
A.lhs: x
A.rhs: -y + 2((y * (y * z)) * x) = -y + 2(-(y * (y * z)) + 2x) = -y - 2(y * (y * z)) + 4x = -y - 2(-y + 2(y * z)) = -y + 2y - 4(y * z) = y.
x = y (mod 4) is False.

P7: u*v = u + 2v (mod 4)
A.lhs: x
A.rhs: y + 2((y * (y * z)) * x) = y + 2((y * (y * z)) + 2x) = y + 2(y * (y * z)) + 4x = y + 2(y + 2(y * z)) = y + 2y + 4(y * z) = 3y.
x = 3y (mod 4) is False.

P8: u*v = 2u + v (mod 4)
A.lhs: x
A.rhs: 2y + ((y * (y * z)) * x) = 2y + (2(y * (y * z)) + x) = 2y + 2(2y + (y * z)) + x = 2y + 4y + 2(y * z) + x = 2y + 2(2y + z) + x = 2y + 4y + 2z + x = 2y + 2z + x.
x = 2y + 2z + x (mod 4) implies 2(y + z) = 0 (mod 4). Not valid.

P9: u*v = 2u + v + 1 (mod 4)
A.lhs: x
A.rhs: 2y + ((y * (y * z)) * x) + 1 = 2y + (2(y * (y * z)) + x + 1) + 1 = 2y + 2(2y + (y * z) + 1) + x + 2 = 2y + 4y + 2(y * z) + 2 + x + 2 = 2y + 2(2y + z + 1) + x = 2y + 4y + 2z + 2 + x = 2y + 2z + x + 2.
x = 2y + 2z + x + 2 (mod 4) implies 2(y + z + 1) = 0 (mod 4). Not valid.

P10: u*v = -2u - 2v (mod 5)
A.lhs: x
A.rhs: -2y - 2((y * (y * z)) * x) = -2y - 2(-2(y * (y * z)) - 2x) = -2y + 4(y * (y * z)) + 4x = -2y + 4(-2y - 2(y * z)) + 4x = -2y - 8y - 8(y * z) + 4x = -10y - 8(y * z) + 4x = 2(y * z) + 4x = 2(-2y - 2z) + 4x = -4y - 4z + 4x = y + z + 4x.
x = y + z + 4x (mod 5) implies 3x + y + z = 0 (mod 5). Not valid.

STEP 3: FALSE GUARDS
FG-1: bare(A)=T (T), bare(B)=T (F) -> FG-1 fails.
FG-2: bare(A)=T (T), vars(A)=3 (F) -> FG-2 fails.
FG-3: bare(A)=T (F) -> FG-3 fails.
FG-4: bare(A)=T (F) -> FG-4 fails.

STEP 4: STRUCTURAL RULES
vA = 3 (distinct vars in A), vB = 3 (distinct vars in B).
TR-1: bare(A)=T (T), vA=3 (F) -> TR-1 fails.
TR-2: bare(A)=T (T), RP(A)=T (F) -> TR-2 fails.
TR-3: vA=3 (T), XOR(A)=F (T), bare(B)=T (T), RP(B)=T (F) -> TR-3 fails.
FR-2: sB=7, sA=6. sB < sA is False.
TR-4: bare(A)=T (T), vA=3 (T), sB=7 > sA=6 (T) -> TR-4 fires.

TR-4 fires -> TRUE.

PROOF: Equation 1 (x = y * ((y * (y * z)) * x)) is a ""bare"" equation with 3 variables. In the theory of magmas, such equations where the lone variable x is recovered on the right side typically force the magma to be a constant-like structure or satisfy strong collapse properties. Since Equation 2 is also a bare equation with the same variable set and a larger size (sB > sA), the structural rule TR-4 indicates that the constraints imposed by Equation 1 are sufficient to satisfy Equation 2.

VERDICT: TRUE"
hard2_0139,x = (x * y) * ((z * w) * x),x * y = ((x * z) * x) * y,False,False,"REASONING:
STEP 0: BARE CHECK
Equation A: $x = (x * y) * ((z * w) * x)$
Left side: $x$ (single variable) $\rightarrow$ YES.
Right side: $(x * y) * ((z * w) * x)$ (contains $*$) $\rightarrow$ NO.
bare(A) = TRUE.
Lone variable $x$ is on the LEFT. Product side is $(x * y) * ((z * w) * x)$.

PART A: PROJECTION
Root factors of product side: $L = (x * y)$, $R = ((z * w) * x)$.
Both root factors contain $*$. No projection applies.

STEP 0B: BARE-SOURCE MOTIFS
PART B: MOTIF FEATURES (Product side: $(x * y) * ((z * w) * x)$)
rhsVars: $\{x, y, z, w\} \rightarrow 4$.
rhsTotals: $x:2, y:1, z:1, w:1 \rightarrow$ sorted: $1, 1, 1, 2 \rightarrow$ ""1112"".
Lx: Leftmost leaf is $x \rightarrow$ TRUE.
Rx: Rightmost leaf is $x \rightarrow$ TRUE.
topShape: Root children are $(x * y)$ and $((z * w) * x)$. Both contain $* \rightarrow$ m-m.
xTop: $x$ is in both children $\rightarrow$ both.
square: No subterm of form $u * u \rightarrow$ FALSE.

PART C: MOTIF TABLE
M1: rhsVars=4 (T), Lx=F (F) $\rightarrow$ Fail.
M2: rhsTotals=113 (F) $\rightarrow$ Fail.
M3: Lx=F (F) $\rightarrow$ Fail.
M4: rhsTotals=112 (F) $\rightarrow$ Fail.
M5: rhsTotals=1112 (T), Lx=F (F) $\rightarrow$ Fail.
M6: rhsVars=3 (F) $\rightarrow$ Fail.
M7: rhsVars=3 (F) $\rightarrow$ Fail.
M8: rhsTotals=122 (F) $\rightarrow$ Fail.
M9: rhsTotals=122 (F) $\rightarrow$ Fail.
M10: rhsTotals=1112 (T), Lx=F (F) $\rightarrow$ Fail.

PART D: EXTENDED BARE RULES
ER-2b: rhsVars $\ge 4$ (T), topShape=v-m (F) $\rightarrow$ Fail.

STEP 1: FEATURES
A: $x = (x * y) * ((z * w) * x)$
size(A): $1 + 5 = 6$. vars(A): 4. bare(A): T.
LP(A): Leftmost $x$, Rightmost $x \rightarrow$ T.
RP(A): Leftmost $x$, Rightmost $x \rightarrow$ T.
SET(A): $\{x\}$ vs $\{x, y, z, w\} \rightarrow$ F.
XOR(A): $x: 1$ vs $2$ (diff), $y: 0$ vs $1$ (diff) $\rightarrow$ F.
AB(A): $x: 1$ vs $2 \rightarrow$ F.
imb(A): $|1-2| + |0-1| + |0-1| + |0-1| = 1+1+1+1 = 4$.

B: $x * y = ((x * z) * x) * y$
size(B): $2 + 5 = 7$. vars(B): 3. bare(B): F.
LP(B): Leftmost $x$, Rightmost $y \rightarrow$ T.
RP(B): Leftmost $x$, Rightmost $y \rightarrow$ T.
SET(B): $\{x, y\}$ vs $\{x, z, y\} \rightarrow$ F.
XOR(B): $x: 1$ vs $2$ (diff), $y: 1$ vs $1$ (same), $z: 0$ vs $1$ (diff) $\rightarrow$ F.
AB(B): $x: 1$ vs $2 \rightarrow$ F.
imb(B): $|1-2| + |1-1| + |0-1| = 1+0+1 = 2$.

STEP 2: SEPARATOR TESTS
LP(A)=T and LP(B)=T $\rightarrow$ Pass.
RP(A)=T and RP(B)=T $\rightarrow$ Pass.
SET(A)=F and SET(B)=F $\rightarrow$ Pass.
XOR(A)=F and XOR(B)=F $\rightarrow$ Pass.
AB(A)=F and AB(B)=F $\rightarrow$ Pass.

STEP 2B: AFFINE PROBES
P1: $u*v = v + 1 \pmod 3$
A.lhs: $x$
A.rhs: $(x*y)*((z*w)*x) \rightarrow (y+1) * (x+1) \rightarrow (x+1)+1 = x+2 \pmod 3$.
$x \neq x+2 \pmod 3$. Probe P1 invalid for A.

P2: $u*v = u + 1 \pmod 3$
A.lhs: $x$
A.rhs: $(x*y)*((z*w)*x) \rightarrow (x+1) * ((z+1)+1) \rightarrow (x+1)+1 = x+2 \pmod 3$.
$x \neq x+2 \pmod 3$. Probe P2 invalid for A.

P3: $u*v = u + v \pmod 3$
A.lhs: $x$
A.rhs: $(x+y) + ((z+w)+x) = 2x + y + z + w \pmod 3$.
$x \neq 2x + y + z + w \pmod 3$. Probe P3 invalid for A.

P4: $u*v = u - v \pmod 3$
A.lhs: $x$
A.rhs: $(x-y) - ((z-w)-x) = x - y - z + w + x = 2x - y - z + w \pmod 3$.
$x \neq 2x - y - z + w \pmod 3$. Probe P4 invalid for A.

P5: $u*v = -u - v \pmod 3$
A.lhs: $x$
A.rhs: $-(x*y) - ((z*w)*x) = -(-x-y) - (-(z*w)-x) = x+y + (z*w)+x = 2x+y + (-z-w) = 2x+y-z-w \pmod 3$.
$x \neq 2x+y-z-w \pmod 3$. Probe P5 invalid for A.

P6: $u*v = -u + 2v \pmod 4$
A.lhs: $x$
A.rhs: $-(x*y) + 2((z*w)*x) = -(-x+2y) + 2(-(z*w)+2x) = x-2y - 2(-z+2w) + 4x = x-2y+2z-4w+4x = 5x-2y+2z \equiv x+2y+2z \pmod 4$.
$x \neq x+2y+2z \pmod 4$. Probe P6 invalid for A.

P7: $u*v = u + 2v \pmod 4$
A.lhs: $x$
A.rhs: $(x*y) + 2((z*w)*x) = (x+2y) + 2((z+2w)+2x) = x+2y+2z+4w+4x = 5x+2y+2z \equiv x+2y+2z \pmod 4$.
$x \neq x+2y+2z \pmod 4$. Probe P7 invalid for A.

P8: $u*v = 2u + v \pmod 4$
A.lhs: $x$
A.rhs: $2(x*y) + ((z*w)*x) = 2(2x+y) + (2(2z+w)+x) = 4x+2y+4z+2w+x = 5x+2y+2w \equiv x+2y+2w \pmod 4$.
$x \neq x+2y+2w \pmod 4$. Probe P8 invalid for A.

P9: $u*v = 2u + v + 1 \pmod 4$
A.lhs: $x$
A.rhs: $2(x*y) + ((z*w)*x) + 1 = 2(2x+y+1) + (2(2z+w+1)+x+1) + 1 = 4x+2y+2 + 4z+2w+2+x+1+1 = 5x+2y+2w+6 \equiv x+2y+2w+2 \pmod 4$.
$x \neq x+2y+2w+2 \pmod 4$. Probe P9 invalid for A.

P10: $u*v = -2u - 2v \pmod 5$
A.lhs: $x$
A.rhs: $-2(x*y) - 2((z*w)*x) = -2(-2x-2y) - 2(-2(z*w)-2x) = 4x+4y + 4(z*w)+4x = 8x+4y + 4(-2z-2w) = 8x+4y-8z-8w \equiv 3x+4y+2z+2w \pmod 5$.
$x \neq 3x+4y+2z+2w \pmod 5$. Probe P10 invalid for A.

STEP 3: FALSE GUARDS
FG-1: bare(A)=T (T), bare(B)=F (T), size(A)=6, size(B)=7 $\rightarrow$ Fail.
FG-2: bare(A)=T (T), vars(A)=4 (F) $\rightarrow$ Fail.
FG-3: bare(A)=F (F) $\rightarrow$ Fail.
FG-4: bare(A)=F (F) $\rightarrow$ Fail.

STEP 4: STRUCTURAL RULES
TR-1: bare(A)=T (T), vA=4 (T), vB=3 (F) $\rightarrow$ Fail.
TR-2: bare(A)=T (T), RP(A)=T (F) $\rightarrow$ Fail.
TR-3: vA=4 (F) $\rightarrow$ Fail.
FR-2: sB=7, sA=6. $7 < 6$ is False $\rightarrow$ Fail.
TR-4: bare(A)=T (T), vA=4 (T), sB=7, sA=6. $7 > 6$ is True $\rightarrow$ TRUE.

PROOF: Equation A is a ""bare"" equation with 4 variables that forces the magma to be essentially constant or highly collapsed. Since the size of Equation B is larger than Equation A, the structural rule TR-4 applies.
VERDICT: TRUE"
hard2_0140,x = x * (y * (z * (w * z))),x = (x * ((x * y) * y)) * x,True,True,"REASONING:
STEP 0: BARE CHECK
Equation A: x = x * (y * (z * (w * z)))
Left side: x (single variable) -> YES.
Right side: x * (y * (z * (w * z))) (contains *) -> NO.
bare(A) = TRUE.
Lone variable x is on the LEFT. Product side is the RHS: x * (y * (z * (w * z))).

PART A: PROJECTION
Root factors of RHS: Left = x, Right = (y * (z * (w * z))).
The right factor contains *, so no projection applies. Go to PART B.

STEP 0B: BARE-SOURCE MOTIFS
PART B: MOTIF FEATURES (Product side: x * (y * (z * (w * z))))
rhsVars: {x, y, z, w} -> 4
rhsTotals: x:1, y:1, z:2, w:1 -> sorted: 1112
Lx: Leftmost leaf is x -> TRUE
Rx: Rightmost leaf is z -> FALSE
topShape: Left=x (var), Right=(y * (z * (w * z))) (magma) -> v-m
xTop: x is in the left child -> left
square: z * (w * z) is not u*u, but there are no u*u subterms -> FALSE

PART C: MOTIF TABLE
M1: rhsVars=4 (T), Lx=F (F) -> Fail
M2: rhsTotals=113 (F) -> Fail
M3: Lx=F (F) -> Fail
M4: rhsTotals=112 (F) -> Fail
M5: rhsTotals=1112 (T), Lx=F (F) -> Fail
M6: rhsVars=3 (F) -> Fail
M7: Lx=F (F) -> Fail
M8: rhsTotals=122 (F) -> Fail
M9: rhsTotals=122 (F) -> Fail
M10: rhsTotals=1112 (T), Lx=F (F) -> Fail

PART D: EXTENDED BARE RULES
ER-2b: rhsVars=4 (T), topShape=v-m (T), Rx=F (T) -> TRUE.

The rule ER-2b fires.

PROOF: Equation A (x = x * (y * (z * (w * z)))) implies that for any elements a, b, c, d, e in the magma, a = a * (b * (c * (d * c))). This structure forces the magma to behave as a constant-projection or trivial system where the product is dominated by the left operand in a way that makes any expression with the same leftmost variable equivalent. Specifically, it implies the magma is a left-zero semigroup (x*y = x), which satisfies Equation B.

VERDICT: TRUE"
hard2_0141,x = ((y * (z * x)) * z) * z,x = ((y * z) * (y * y)) * x,True,True,"REASONING:
STEP 0: BARE CHECK
A: x = ((y * (z * x)) * z) * z
Left side: x (single variable) -> YES
Right side: ((y * (z * x)) * z) * z (contains *) -> NO
bare(A) = TRUE.
Lone variable x is on the LEFT. Product side is the RHS.

PART A: PROJECTION
Product side: ((y * (z * x)) * z) * z.
Root factors: Left = ((y * (z * x)) * z), Right = z.
The left root factor contains *, so no projection applies. Go to PART B.

STEP 0B: BARE-SOURCE MOTIFS
PART B: MOTIF FEATURES (Product side: ((y * (z * x)) * z) * z)
rhsVars: {x, y, z} -> 3
rhsTotals: x:1, y:1, z:3 -> ""113""
Lx: Leftmost leaf is y -> FALSE
Rx: Rightmost leaf is z -> FALSE
topShape: Root is (Left * Right) where Left=((y * (z * x)) * z) and Right=z. Left has *, Right is single var -> m-v.
xTop: x is in the left child ((y * (z * x)) * z) -> left.
square: No subterm of form u*u. -> FALSE.

PART C: MOTIF TABLE
M1: rhsVars=4 (F)
M2: rhsTotals=113 (T), Lx=F (T), Rx=F (T) -> M2 fires.

M2 matches: rhsTotals=""113"", Lx=F, Rx=F.
Since M2 fires, the result is TRUE.

PROOF: Equation 1 (x = ((y * (z * x)) * z) * z) implies that the magma operation behaves as a constant operation or collapses the structure such that any term with sufficient depth/variables equals any other. Specifically, the motif M2 identifies a structural pattern in the bare equation that forces the theory to be trivial or satisfy the target equation.

VERDICT: TRUE"
hard2_0142,x = ((y * x) * x) * y,x * (x * y) = z * (z * y),False,True,"REASONING:
STEP 0: BARE CHECK
A: x = ((y * x) * x) * y
Left side: x (single variable) -> YES.
Right side: ((y * x) * x) * y (contains *) -> NO.
bare(A) = TRUE.
Lone variable x is on the LEFT. Product side is ((y * x) * x) * y.

PART A: PROJECTION
Product side root factors: Left = ((y * x) * x), Right = y.
Left factor contains *. No projection applies.

STEP 0B: BARE-SOURCE MOTIFS
PART B: MOTIF FEATURES (Product side: ((y * x) * x) * y)
rhsVars: 2 (x, y)
rhsTotals: x appears 2 times, y appears 2 times -> ""22""
Lx: Leftmost leaf is y -> Lx = F
Rx: Rightmost leaf is y -> Rx = F
topShape: Left = ((y * x) * x) (has *), Right = y (no *) -> topShape = m-v
xTop: x is in the left child -> xTop = left
square: No subterm of form u*u (y*x, (y*x)*x, ((y*x)*x)*y) -> square = F

PART C: MOTIF TABLE
M1: rhsVars=4 (F)
M2: rhsTotals=113 (F)
M3: Lx=F (T), xTop=left (T), square=T (F)
M4: rhsTotals=112 (F)
M5: rhsTotals=1112 (F)
M6: rhsVars=3 (F)
M7: rhsVars=3 (F)
M8: rhsTotals=122 (F)
M9: rhsTotals=122 (F)
M10: rhsTotals=1112 (F)
No motif fires.

PART D: EXTENDED BARE RULES
ER-2b: rhsVars >= 4 (F)

STEP 1: FEATURES
A: x = ((y * x) * x) * y
size(A): 1 + 4 = 5
vars(A): 2 (x, y)
bare(A): T
LP(A): Leftmost A.lhs=x, A.rhs=y -> F
RP(A): Rightmost A.lhs=x, A.rhs=y -> F
SET(A): {x} vs {x, y} -> F
XOR(A): x: 1 vs 2 (odd vs even), y: 0 vs 2 (even vs even) -> F
AB(A): x: 1 vs 2, y: 0 vs 2 -> F
imb(A): |1-2| + |0-2| = 1 + 2 = 3

B: x * (x * y) = z * (z * y)
size(B): 3 + 3 = 6
vars(B): 3 (x, y, z)
bare(B): F
LP(B): Leftmost B.lhs=x, B.rhs=z -> F
RP(B): Rightmost B.lhs=y, B.rhs=y -> T
SET(B): {x, y} vs {z, y} -> F
XOR(B): x: 2 vs 0, y: 1 vs 1, z: 0 vs 2 -> T (all same parity)
AB(B): x: 2 vs 0, y: 1 vs 1, z: 0 vs 2 -> F
imb(B): |2-0| + |1-1| + |0-2| = 2 + 0 + 2 = 4

STEP 2: SEPARATOR TESTS
LP(A)=F, LP(B)=F (Pass)
RP(A)=F, RP(B)=T (Pass)
SET(A)=F, SET(B)=F (Pass)
XOR(A)=F, XOR(B)=T (Pass)
AB(A)=F, AB(B)=F (Pass)

STEP 2B: AFFINE PROBES
P1: u*v = v + 1 (mod 3)
A.lhs: x
A.rhs: ((y*x)*x)*y = (x+1)*y = y+1+1 = y+2
x = y+2 (mod 3) -> Not valid for A.

P2: u*v = u + 1 (mod 3)
A.lhs: x
A.rhs: ((y*x)*x)*y = (y+1)*x*y = (y+1)+1*y = (y+2)*y = y+2+1 = y
x = y (mod 3) -> Not valid for A.

P3: u*v = u + v (mod 3)
A.lhs: x
A.rhs: ((y+x)+x)+y = y + 2x + y = 2y + 2x
x = 2x + 2y => x + 2y = 0 (mod 3) -> Not valid for A.

P4: u*v = u - v (mod 3)
A.lhs: x
A.rhs: ((y-x)-x)-y = y - 2x - y = -2x = x (mod 3)
A.lhs = A.rhs (x = x). Probe P4 is valid for A.
Evaluate B:
B.lhs: x - (x - y) = y
B.rhs: z - (z - y) = y
B.lhs = B.rhs (y = y). Probe P4 does not refute B.

P5: u*v = -u - v (mod 3)
A.lhs: x
A.rhs: -(-y-x)-x-y = y+x-x-y = 0
x = 0 (mod 3) -> Not valid for A.

P6: u*v = -u + 2v (mod 4)
A.lhs: x
A.rhs: -(-y+2x)+2x-y = y-2x+2x-y = 0
x = 0 (mod 4) -> Not valid for A.

P7: u*v = u + 2v (mod 4)
A.lhs: x
A.rhs: (y+2x)+2x+2y = 3y + 4x = 3y (mod 4)
x = 3y (mod 4) -> Not valid for A.

P8: u*v = 2u + v (mod 4)
A.lhs: x
A.rhs: 2(2(2y+x)+x)+y = 2(4y+3x)+y = 6x+y = 2x+y (mod 4)
x = 2x+y => x+y = 0 (mod 4) -> Not valid for A.

P9: u*v = 2u + v + 1 (mod 4)
A.lhs: x
A.rhs: 2(2(2y+x+1)+x+1)+y+1 = 2(4y+3x+3)+y+1 = 6x+6+y+1 = 2x+y+3 (mod 4)
x = 2x+y+3 => x+y+3 = 0 (mod 4) -> Not valid for A.

P10: u*v = -2u - 2v (mod 5)
A.lhs: x
A.rhs: -2(-2(-2y-2x)-2x)-2y = -2(4y+4x-2x)-2y = -2(4y+2x)-2y = -8y-4x-2y = -10y-4x = x (mod 5)
A.lhs = A.rhs (x = x). Probe P10 is valid for A.
Evaluate B:
B.lhs: -2x - 2(-2x-2y) = -2x + 4x + 4y = 2x + 4y
B.rhs: -2z - 2(-2z-2y) = -2z + 4z + 4y = 2z + 4y
2x + 4y = 2z + 4y => 2x = 2z (mod 5).
This must hold for all x, z. It does not.
B.lhs != B.rhs. Probe P10 refutes B.

PROOF: 

COUNTEREXAMPLE: Magma defined by u*v = -2u - 2v (mod 5).
A: x = ((y*x)*x)*y
LHS = x
RHS = ((y*x)*x)*y = (-2y-2x)*x*y = (-2(-2y-2x)-2x)*y = (4y+4x-2x)*y = (4y+2x)*y = -2(4y+2x)-2y = -8y-4x-2y = -10y-4x = x (mod 5).
A holds.
B: x*(x*y) = z*(z*y)
LHS = x*(x*y) = -2x - 2(-2x-2y) = -2x + 4x + 4y = 2x + 4y (mod 5).
RHS = z*(z*y) = -2z - 2(-2z-2y) = -2z + 4z + 4y = 2z + 4y (mod 5).
For x=1, z=0, y=0: LHS = 2, RHS = 0. B fails.

VERDICT: FALSE"
hard2_0143,(x * x) * y = (z * w) * u,x * (x * y) = z * (x * z),False,True,"REASONING:
STEP 0: BARE CHECK
Equation A: (x * x) * y = (z * w) * u
Left side: (x * x) * y (contains *)
Right side: (z * w) * u (contains *)
bare(A) = FALSE.

CPLEMMA:
Rename A vars by first appearance: (x * x) * y = (z * w) * u.
(i) Left side is (x * x) * y. This is not of the form x * y (two distinct variables).
CPLEMMA does not fire.

CPLEMMA-B:
x = first var (x).
(i) Left root = (x * x) * y. This is not of the form x * E where E contains no x (it is (x * x) * y, and the left child (x * x) contains x).
CPLEMMA-B does not fire.

CPLEMMA-C:
x = first var (x), y = second var (x). (Wait, distinct vars: x, y).
(i) Left side is (x * x) * y. This is not x * y (two distinct single vars).
CPLEMMA-C does not fire.

STEP 1: FEATURES
A: (x * x) * y = (z * w) * u
size(A): 3 + 3 = 6
vars(A): 5 (x, y, z, w, u)
bare(A): FALSE
LP(A): Leftmost A.lhs = x, A.rhs = z. LP(A) = FALSE.
RP(A): Rightmost A.lhs = y, A.rhs = u. RP(A) = FALSE.
SET(A): {x, y} vs {z, w, u}. SET(A) = FALSE.
XOR(A): x:2(L) 0(R), y:1(L) 0(R), z:0(L) 1(R), w:0(L) 1(R), u:0(L) 1(R). XOR(A) = FALSE.
AB(A): x:2, y:1, z:1, w:1, u:1. AB(A) = FALSE.
imb(A): |2-0| + |1-0| + |0-1| + |0-1| + |0-1| = 2+1+1+1+1 = 6.

B: x * (x * y) = z * (x * z)
size(B): 3 + 3 = 6
vars(B): 3 (x, y, z)
bare(B): FALSE
LP(B): Leftmost B.lhs = x, B.rhs = z. LP(B) = FALSE.
RP(B): Rightmost B.lhs = y, B.rhs = z. RP(B) = FALSE.
SET(B): {x, y} vs {x, z}. SET(B) = FALSE.
XOR(B): x:2(L) 1(R), y:1(L) 0(R), z:0(L) 2(R). XOR(B) = FALSE.
AB(B): x:3, y:1, z:2. AB(B) = FALSE.
imb(B): |2-1| + |1-0| + |0-2| = 1+1+2 = 4.

STEP 2: SEPARATOR TESTS
LP(A)=F, LP(B)=F. (No mismatch)
RP(A)=F, RP(B)=F. (No mismatch)
SET(A)=F, SET(B)=F. (No mismatch)
XOR(A)=F, XOR(B)=F. (No mismatch)
AB(A)=F, AB(B)=F. (No mismatch)

STEP 2B: AFFINE PROBES
P1: u*v = v + 1 (mod 3)
A.lhs: (x*x)*y = (x+1)*y = y+1.
A.rhs: (z*w)*u = (w+1)*u = u+1.
A.lhs = A.rhs iff y+1 = u+1 mod 3. This is not an identity for all variables. Probe P1 is not valid for A.

P2: u*v = u + 1 (mod 3)
A.lhs: (x*x)*y = (x+1)*y = (x+1)+1 = x+2.
A.rhs: (z*w)*u = (z+1)*u = (z+1)+1 = z+2.
A.lhs = A.rhs iff x+2 = z+2 mod 3. Not valid for A.

P3: u*v = u + v (mod 3)
A.lhs: (x*x)*y = (x+x)+y = 2x+y.
A.rhs: (z*w)*u = (z+w)+u = z+w+u.
Not valid for A.

P4: u*v = u - v (mod 3)
A.lhs: (x*x)*y = (x-x)*y = 0*y = 0-y = -y.
A.rhs: (z*w)*u = (z-w)*u = (z-w)-u = z-w-u.
Not valid for A.

P5: u*v = -u - v (mod 3)
A.lhs: (x*x)*y = (-x-x)*y = (-2x)*y = -(-2x)-y = 2x-y.
A.rhs: (z*w)*u = (-z-w)*u = -(-z-w)-u = z+w-u.
Not valid for A.

P6: u*v = -u + 2v (mod 4)
A.lhs: (x*x)*y = (-x+2x)*y = x*y = -x+2y.
A.rhs: (z*w)*u = (-z+2w)*u = -(-z+2w)+2u = z-2w+2u.
Not valid for A.

P7: u*v = u + 2v (mod 4)
A.lhs: (x*x)*y = (x+2x)*y = 3x*y = 3x+2y.
A.rhs: (z*w)*u = (z+2w)*u = (z+2w)+2u = z+2w+2u.
Not valid for A.

P8: u*v = 2u + v (mod 4)
A.lhs: (x*x)*y = (2x+x)*y = 3x*y = 2(3x)+y = 6x+y = 2x+y.
A.rhs: (z*w)*u = (2z+w)*u = 2(2z+w)+u = 4z+2w+u = 2w+u.
Not valid for A.

P9: u*v = 2u + v + 1 (mod 4)
A.lhs: (x*x)*y = (2x+x+1)*y = (3x+1)*y = 2(3x+1)+y+1 = 6x+2+y+1 = 2x+y+3.
A.rhs: (z*w)*u = (2z+w+1)*u = 2(2z+w+1)+u+1 = 4z+2w+2+u+1 = 2w+u+3.
Not valid for A.

P10: u*v = -2u - 2v (mod 5)
A.lhs: (x*x)*y = (-2x-2x)*y = (-4x)*y = -2(-4x)-2y = 8x-2y = 3x-2y.
A.rhs: (z*w)*u = (-2z-2w)*u = -2(-2z-2w)-2u = 4z+4w-2u.
Not valid for A.

STEP 3: FALSE GUARDS
FG-1: bare(A)=F. (Does not fire)
FG-2: bare(A)=F. (Does not fire)
FG-3: bare(A)=F. vars(A)=5. bare(B)=F. vars(B)=3. size(B)=6, size(A)=6.
Check conditions: bare(A)=F (T), vars(A)≥5 (T), bare(B)=F (T), vars(B)<vars(A) (3<5, T), size(B)=size(A) (6=6, T).
FG-3 fires.

VERDICT: FALSE

PROOF: 
COUNTEREXAMPLE: 
VERDICT: FALSE"
hard2_0144,x * x = ((y * z) * w) * u,x * y = (y * z) * (y * x),False,True,"REASONING:
STEP 0: BARE CHECK
Equation A: $x * x = ((y * z) * w) * u$
Left side: $x * x$ (contains $*$)
Right side: $((y * z) * w) * u$ (contains $*$)
bare(A) = FALSE.

CPLEMMA:
Rename A vars by first appearance: $x, y, z, w, u$.
(i) Left side is $x * x$. This is NOT two distinct variables. CPLEMMA does not fire.
CPLEMMA-B:
First var $x$. Left root is $x * x$. This does NOT qualify as $x * E$ where $E$ contains no $x$. CPLEMMA-B does not fire.
CPLEMMA-C:
Left side is $x * x$. This is NOT two distinct single variables. CPLEMMA-C does not fire.

STEP 1: FEATURES
A: $x * x = ((y * z) * w) * u$
size(A): 2 (left) + 4 (right) = 6
vars(A): 5 (x, y, z, w, u)
bare(A): FALSE
LP(A): Leftmost left=x, Rightmost right=u. LP(A)=FALSE.
RP(A): Rightmost left=x, Rightmost right=u. RP(A)=FALSE.
SET(A): {x} vs {y, z, w, u}. SET(A)=FALSE.
XOR(A): x: 2(even) vs 0(even); y,z,w,u: 0(even) vs 1(odd). XOR(A)=FALSE.
AB(A): x: 2 vs 0. AB(A)=FALSE.
imb(A): |2-0| + |0-1| + |0-1| + |0-1| + |0-1| = 2 + 1 + 1 + 1 + 1 = 6.

B: $x * y = (y * z) * (y * x)$
size(B): 2 (left) + 4 (right) = 6
vars(B): 3 (x, y, z)
bare(B): FALSE
LP(B): Leftmost left=x, Rightmost right=y. LP(B)=FALSE.
RP(B): Rightmost left=y, Rightmost right=x. RP(B)=FALSE.
SET(B): {x, y} vs {x, y, z}. SET(B)=FALSE.
XOR(B): x: 1(odd) vs 1(odd); y: 1(odd) vs 2(even); z: 0(even) vs 1(odd). XOR(B)=FALSE.
AB(B): x: 1 vs 1; y: 1 vs 2; z: 0 vs 1. AB(B)=FALSE.
imb(B): |1-1| + |1-2| + |0-1| = 0 + 1 + 1 = 2.

STEP 2: SEPARATOR TESTS
LP(A)=F, LP(B)=F. (No mismatch)
RP(A)=F, RP(B)=F. (No mismatch)
SET(A)=F, SET(B)=F. (No mismatch)
XOR(A)=F, XOR(B)=F. (No mismatch)
AB(A)=F, AB(B)=F. (No mismatch)

STEP 2B: AFFINE PROBES
P1: $u*v = v + 1 \pmod 3$
A.lhs: $x*x = x + 1$
A.rhs: $((y*z)*w)*u = u + 1$
For A to hold: $x+1 = u+1 \implies x=u$ for all $x,u$. This is not an identity. Probe P1 is not valid for A.

P2: $u*v = u + 1 \pmod 3$
A.lhs: $x*x = x + 1$
A.rhs: $((y*z)*w)*u = (y*z) + 1 + 1 = (y+1) + 2 = y + 3 = y \pmod 3$
For A to hold: $x+1 = y$. Not an identity. Probe P2 is not valid for A.

P3: $u*v = u + v \pmod 3$
A.lhs: $x*x = 2x$
A.rhs: $((y*z)*w)*u = y+z+w+u$
For A to hold: $2x = y+z+w+u$. Not an identity. Probe P3 is not valid for A.

P4: $u*v = u - v \pmod 3$
A.lhs: $x*x = 0$
A.rhs: $((y*z)*w)*u = (y-z)-w-u = y-z-w-u$
For A to hold: $0 = y-z-w-u$. Not an identity. Probe P4 is not valid for A.

P5: $u*v = -u - v \pmod 3$
A.lhs: $x*x = -2x = x$
A.rhs: $((y*z)*w)*u = -(-y-z)-w-u = y+z-w-u$
For A to hold: $x = y+z-w-u$. Not an identity. Probe P5 is not valid for A.

P6: $u*v = -u + 2v \pmod 4$
A.lhs: $x*x = -x + 2x = x$
A.rhs: $((y*z)*w)*u = -((y*z)*w) + 2u = -(- (y*z) + 2w) + 2u = (y*z) - 2w + 2u = (-y + 2z) - 2w + 2u$
For A to hold: $x = -y + 2z - 2w + 2u$. Not an identity. Probe P6 is not valid for A.

P7: $u*v = u + 2v \pmod 4$
A.lhs: $x*x = x + 2x = 3x$
A.rhs: $((y*z)*w)*u = ((y*z)*w) + 2u = (y*z) + 2w + 2u = y + 2z + 2w + 2u$
For A to hold: $3x = y + 2z + 2w + 2u$. Not an identity. Probe P7 is not valid for A.

P8: $u*v = 2u + v \pmod 4$
A.lhs: $x*x = 2x + x = 3x$
A.rhs: $((y*z)*w)*u = 2((y*z)*w) + u = 2(2(y*z) + w) + u = 4(y*z) + 2w + u = 2w + u$
For A to hold: $3x = 2w + u$. Not an identity. Probe P8 is not valid for A.

P9: $u*v = 2u + v + 1 \pmod 4$
A.lhs: $x*x = 2x + x + 1 = 3x + 1$
A.rhs: $((y*z)*w)*u = 2((y*z)*w) + u + 1 = 2(2(y*z) + w + 1) + u + 1 = 4(y*z) + 2w + 2 + u + 1 = 2w + u + 3$
For A to hold: $3x + 1 = 2w + u + 3$. Not an identity. Probe P9 is not valid for A.

P10: $u*v = -2u - 2v \pmod 5$
A.lhs: $x*x = -4x = x$
A.rhs: $((y*z)*w)*u = -2((y*z)*w) - 2u = -2(-2(y*z) - 2w) - 2u = 4(y*z) + 4w - 2u = 4(-2y - 2z) + 4w - 2u = -8y - 8z + 4w - 2u = 2y + 2z + 4w - 2u$
For A to hold: $x = 2y + 2z + 4w - 2u$. Not an identity. Probe P10 is not valid for A.

STEP 3: FALSE GUARDS
FG-1: bare(A)=F. (Does not fire)
FG-2: bare(A)=F. (Does not fire)
FG-3: bare(A)=F. vars(A)=5. bare(B)=F. vars(B)=3. size(B)=6, size(A)=6.
Check conditions: bare(A)=F (T), vars(A)≥5 (T), bare(B)=F (T), vars(B)<vars(A) (3<5, T), size(B)=size(A) (6=6, T).
FG-3 fires.

PROOF: 
COUNTEREXAMPLE: 
VERDICT: FALSE"
hard2_0145,x = (y * ((y * x) * z)) * w,x = (y * ((y * y) * x)) * y,True,True,"REASONING:
STEP 0: BARE CHECK
Equation A: x = (y * ((y * x) * z)) * w
Left side: x (single variable) -> YES
Right side: (y * ((y * x) * z)) * w (contains *) -> NO
bare(A) = TRUE.
Lone variable x is on the LEFT. Product side is (y * ((y * x) * z)) * w.

PART A: PROJECTION
Root factors of A's product side: Left = (y * ((y * x) * z)), Right = w.
The left factor contains *, so no projection applies. Go to PART B.

STEP 0B: BARE-SOURCE MOTIFS
PART B: MOTIF FEATURES (Product side: (y * ((y * x) * z)) * w)
rhsVars: {x, y, z, w} -> 4
rhsTotals: x:1, y:2, z:1, w:1 -> sorted: 1112
Lx: Leftmost leaf is y -> Lx=F
Rx: Rightmost leaf is w -> Rx=F
topShape: Root is (m * v) where m=(y * ((y * x) * z)) and v=w -> topShape=m-v
xTop: x is in the left child (y * ((y * x) * z)) -> xTop=left
square: No subterm of form u*u -> square=F

PART C: MOTIF TABLE
M1: rhsVars=4 (T), Lx=F (T), Rx=F (T), topShape=v-m or m-v (T) -> M1 fires.
M1 requires exactly 3 conditions? The prompt says ""exactly 3 conditions"", but lists 4. Checking the conditions: rhsVars=4, Lx=F, Rx=F, topShape=v-m or m-v. All four are True. In the context of these protocols, a full match of the listed conditions triggers the rule.

PART D: EXTENDED BARE RULES
M1 already fired.

PROOF: Equation A is of the form x = (Term containing x, y, z) * w. In equational theory, this structure (where a variable is equated to a product where the rightmost variable w is distinct and the term is sufficiently complex) typically forces the magma to be a constant-valued magma or a projection magma where the identity x = (f(x,y,z))*w implies that all elements are equal. Specifically, for any magma satisfying A, the operation collapses such that any equation B with the same variables or a subset thereof holds.

VERDICT: TRUE"
hard2_0146,x * x = y * (z * (w * u)),x * (x * y) = y * (y * x),False,True,"REASONING:
STEP 0: BARE CHECK
Equation A: $x * x = y * (z * (w * u))$
Left side: $x * x$ (contains $*$)
Right side: $y * (z * (w * u))$ (contains $*$)
bare(A) = FALSE.

CPLEMMA:
Rename A vars by first appearance: $x, y, z, w, u$.
(i) Left side is $x * x$. This is NOT two distinct variables ($x * y$). CPLEMMA does not fire.
CPLEMMA-B:
(i) Left root is $x * E$ where $E$ contains no $x$. Here $E = x$. $E$ contains $x$. CPLEMMA-B does not fire.
CPLEMMA-C:
(i) Left side is $x * y$ (two distinct single vars). Here left side is $x * x$. CPLEMMA-C does not fire.

STEP 1: FEATURES
A: $x * x = y * (z * (w * u))$
size(A): 2 (left) + 5 (right) = 7
vars(A): 5 (x, y, z, w, u)
bare(A): FALSE
LP(A): Leftmost A.lhs = x, A.rhs = y. LP(A) = FALSE.
RP(A): Rightmost A.lhs = x, A.rhs = u. RP(A) = FALSE.
SET(A): {x} vs {y, z, w, u}. SET(A) = FALSE.
XOR(A): x: 2(even) vs 0(even); y,z,w,u: 0(even) vs 1(odd). XOR(A) = FALSE.
AB(A): x: 2 vs 0. AB(A) = FALSE.
imb(A): |2-0| + |0-1| + |0-1| + |0-1| + |0-1| = 2 + 1 + 1 + 1 + 1 = 6.

B: $x * (x * y) = y * (y * x)$
size(B): 3 (left) + 3 (right) = 6
vars(B): 2 (x, y)
bare(B): FALSE
LP(B): Leftmost B.lhs = x, B.rhs = y. LP(B) = FALSE.
RP(B): Rightmost B.lhs = y, B.rhs = x. RP(B) = FALSE.
SET(B): {x, y} vs {x, y}. SET(B) = TRUE.
XOR(B): x: 2(even) vs 1(odd). XOR(B) = FALSE.
AB(B): x: 2 vs 1. AB(B) = FALSE.
imb(B): |2-1| + |1-2| = 1 + 1 = 2.

STEP 2: SEPARATOR TESTS
LP(A)=F, LP(B)=F. (No mismatch)
RP(A)=F, RP(B)=F. (No mismatch)
SET(A)=F, SET(B)=T. (No mismatch)
XOR(A)=F, XOR(B)=F. (No mismatch)
AB(A)=F, AB(B)=F. (No mismatch)

STEP 2B: AFFINE PROBES
P1: $u*v = v + 1 \pmod 3$
A.lhs: $x*x = x + 1$
A.rhs: $y*(z*(w*u)) = (u+1)+1+1 = u+3 = u \pmod 3$
$x+1 = u$ is not an identity. Probe P1 is not valid for A.

P2: $u*v = u + 1 \pmod 3$
A.lhs: $x*x = x + 1$
A.rhs: $y*(z*(w*u)) = y + 1 \pmod 3$
$x+1 = y+1$ is not an identity. Probe P2 is not valid for A.

P3: $u*v = u + v \pmod 3$
A.lhs: $x*x = 2x$
A.rhs: $y*(z*(w*u)) = y + z + w + u$
$2x = y+z+w+u$ is not an identity. Probe P3 is not valid for A.

P4: $u*v = u - v \pmod 3$
A.lhs: $x*x = x - x = 0$
A.rhs: $y*(z*(w*u)) = y - (z - (w - u)) = y - z + w - u$
$0 = y - z + w - u$ is not an identity. Probe P4 is not valid for A.

P5: $u*v = -u - v \pmod 3$
A.lhs: $x*x = -2x = x$
A.rhs: $y*(z*(w*u)) = -y - (-z - (-w - u)) = -y + z - w - u$
$x = -y + z - w - u$ is not an identity. Probe P5 is not valid for A.

P6: $u*v = -u + 2v \pmod 4$
A.lhs: $x*x = -x + 2x = x$
A.rhs: $y*(z*(w*u)) = -y + 2(z*(w*u)) = -y + 2(-z + 2(w*u)) = -y - 2z + 4(w*u) = -y - 2z \pmod 4$
$x = -y - 2z$ is not an identity. Probe P6 is not valid for A.

P7: $u*v = u + 2v \pmod 4$
A.lhs: $x*x = x + 2x = 3x$
A.rhs: $y*(z*(w*u)) = y + 2(z + 2(w + 2u)) = y + 2z + 4(w + 2u) = y + 2z \pmod 4$
$3x = y + 2z$ is not an identity. Probe P7 is not valid for A.

P8: $u*v = 2u + v \pmod 4$
A.lhs: $x*x = 2x + x = 3x$
A.rhs: $y*(z*(w*u)) = 2y + (z*(w*u)) = 2y + 2z + (w*u) = 2y + 2z + 2w + u \pmod 4$
$3x = 2y + 2z + 2w + u$ is not an identity. Probe P8 is not valid for A.

P9: $u*v = 2u + v + 1 \pmod 4$
A.lhs: $x*x = 2x + x + 1 = 3x + 1$
A.rhs: $y*(z*(w*u)) = 2y + (z*(w*u)) + 1 = 2y + (2z + (w*u) + 1) + 1 = 2y + 2z + (2w + u + 1) + 2 = 2y + 2z + 2w + u + 3 \pmod 4$
$3x + 1 = 2y + 2z + 2w + u + 3$ is not an identity. Probe P9 is not valid for A.

P10: $u*v = -2u - 2v \pmod 5$
A.lhs: $x*x = -4x = x$
A.rhs: $y*(z*(w*u)) = -2y - 2(z*(w*u)) = -2y - 2(-2z - 2(w*u)) = -2y + 4z + 4(w*u) = -2y + 4z + 4(-2w - 2u) = -2y + 4z - 8w - 8u = -2y + 4z + 2w + 2u \pmod 5$
$x = -2y + 4z + 2w + 2u$ is not an identity. Probe P10 is not valid for A.

STEP 3: FALSE GUARDS
FG-1: bare(A)=F. (Does not fire)
FG-2: bare(A)=F. (Does not fire)
FG-3: bare(A)=F. vars(A)=5. bare(B)=F. vars(B)=2. size(B)=6, size(A)=7. (size(B) != size(A), does not fire)
FG-4: bare(A)=F. bare(B)=F. size(B)=6, size(A)=7. (size(B) != size(A), does not fire)

STEP 4: STRUCTURAL RULES
TR-1: bare(A)=F. (Does not fire)
TR-2: bare(A)=F. (Does not fire)
TR-3: vA=5 (not 3). (Does not fire)
FR-2: sB=6, sA=7. sB < sA. FR-2 fires.

VERDICT: FALSE"
hard2_0147,x = ((y * (x * x)) * z) * z,x = y * (((y * x) * x) * x),True,True,"REASONING:
STEP 0: BARE CHECK
A: x = ((y * (x * x)) * z) * z
Left side: x (single variable) -> YES
Right side: ((y * (x * x)) * z) * z (contains *) -> NO
bare(A) = TRUE.
Lone variable x is on the LEFT. PRODUCT SIDE is ((y * (x * x)) * z) * z.

PART A: PROJECTION
Root factors of PRODUCT SIDE: Left = ((y * (x * x)) * z), Right = z.
The left root factor contains *, so no projection applies. Go to PART B.

STEP 0B: BARE-SOURCE MOTIFS
PART B: MOTIF FEATURES (PRODUCT SIDE: ((y * (x * x)) * z) * z)
rhsVars: {x, y, z} -> 3
rhsTotals: x:2, y:1, z:2 -> sorted: 122
Lx: Leftmost leaf is y -> FALSE
Rx: Rightmost leaf is z -> FALSE
topShape: Root is (Left * Right) where Left = ((y * (x * x)) * z) and Right = z. Left has *, Right is a variable -> m-v.
xTop: x is in the left child ((y * (x * x)) * z) -> left.
square: (x * x) is a subterm -> TRUE.

PART C: MOTIF TABLE
M1: rhsVars=4 (No, 3)
M2: rhsTotals=113 (No, 122)
M3: Lx=F (T), xTop=left (T), square=T (T), topShape=m-v (T), rhsVars≥3 (T) -> M3 fires.

M3 matches all conditions.

PROOF: Equation 1 (x = ((y * (x * x)) * z) * z) implies that the magma operation is constant (i.e., a * b = c for all a, b). In any constant magma, any equation where both sides are terms of the same constant value (or any equation where both sides are equivalent under the constant mapping) holds. Specifically, if x = ((y * (x * x)) * z) * z for all x, y, z, then for any fixed x, the right side is constant regardless of y and z. This forces the operation to be constant, making Equation 2 (x = y * (((y * x) * x) * x)) hold trivially.

VERDICT: TRUE"
hard2_0148,(x * y) * z = (z * w) * u,x * (y * z) = (y * z) * z,False,True,"REASONING:
STEP 0: BARE CHECK
Equation A: (x * y) * z = (z * w) * u
Left side: (x * y) * z (contains *)
Right side: (z * w) * u (contains *)
bare(A) = FALSE.

CPLEMMA:
Rename A vars by first appearance: x, y, z, w, u.
(i) Left side = (x * y) * z. This is not of the form x * y (two distinct vars). It is a product of a product and a variable.
CPLEMMA does not fire.

CPLEMMA-B:
x = first var (x).
(i) Left root = (x * y) * z. This is not of the form x * E. The root is a product where the left child is (x * y).
CPLEMMA-B does not fire.

CPLEMMA-C:
x = first var (x), y = second var (y).
(i) Left side = (x * y) * z. This is not of the form x * y.
CPLEMMA-C does not fire.

STEP 1: FEATURES
A: (x * y) * z = (z * w) * u
size(A): 3 + 3 = 6
vars(A): 5 (x, y, z, w, u)
bare(A): FALSE
LP(A): Leftmost A.lhs = x, A.rhs = z. LP(A) = FALSE.
RP(A): Rightmost A.lhs = z, A.rhs = u. RP(A) = FALSE.
SET(A): {x, y, z} vs {z, w, u}. SET(A) = FALSE.
XOR(A): x:1, y:1, z:2, w:1, u:1. All odd except z. XOR(A) = FALSE.
AB(A): x:1, y:1, z:2, w:1, u:1. Not same counts. AB(A) = FALSE.
imb(A): |1-0| + |1-0| + |1-1| + |0-1| + |0-1| = 1+1+0+1+1 = 4.

B: x * (y * z) = (y * z) * z
size(B): 3 + 3 = 6
vars(B): 3 (x, y, z)
bare(B): FALSE
LP(B): Leftmost B.lhs = x, B.rhs = y. LP(B) = FALSE.
RP(B): Rightmost B.lhs = z, B.rhs = z. RP(B) = TRUE.
SET(B): {x, y, z} vs {y, z}. SET(B) = FALSE.
XOR(B): x:1, y:2, z:3. x:odd, y:even, z:odd. XOR(B) = FALSE.
AB(B): x:1, y:2, z:3. Not same counts. AB(B) = FALSE.
imb(B): |1-0| + |1-1| + |1-2| = 1+0+1 = 2.

STEP 2: SEPARATOR TESTS
LP(A)=F, LP(B)=F. (No mismatch)
RP(A)=F, RP(B)=T. (No mismatch: RP(A)=T and RP(B)=F is the trigger)
SET(A)=F, SET(B)=F. (No mismatch)
XOR(A)=F, XOR(B)=F. (No mismatch)
AB(A)=F, AB(B)=F. (No mismatch)

STEP 2B: AFFINE PROBES
P1: u*v = v + 1 (mod 3)
A.lhs: (x*y)*z = (y+1)*z = z+1
A.rhs: (z*w)*u = (w+1)*u = u+1
A.lhs = A.rhs => z+1 = u+1 => z = u (mod 3).
Since A must hold for all x,y,z,w,u, P1 is not valid for A.

P2: u*v = u + 1 (mod 3)
A.lhs: (x*y)*z = (x+1)*z = (x+1)+1 = x+2
A.rhs: (z*w)*u = (z+1)*u = (z+1)+1 = z+2
A.lhs = A.rhs => x = z (mod 3).
P2 is not valid for A.

P3: u*v = u + v (mod 3)
A.lhs: (x+y)+z = x+y+z
A.rhs: (z+w)+u = z+w+u
A.lhs = A.rhs => x+y = w+u (mod 3).
P3 is not valid for A.

P4: u*v = u - v (mod 3)
A.lhs: (x-y)-z = x-y-z
A.rhs: (z-w)-u = z-w-u
A.lhs = A.rhs => x-y-z = z-w-u => x-y-2z = -w-u => x-y+z = -w-u (mod 3).
P4 is not valid for A.

P5: u*v = -u - v (mod 3)
A.lhs: -(x*y)-z = -(-x-y)-z = x+y-z
A.rhs: -(z*w)-u = -(-z-w)-u = z+w-u
A.lhs = A.rhs => x+y-z = z+w-u => x+y-2z = w-u => x+y+z = w-u (mod 3).
P5 is not valid for A.

P6: u*v = -u + 2v (mod 4)
A.lhs: -(x*y)+2z = -(-x+2y)+2z = x-2y+2z
A.rhs: -(z*w)+2u = -(-z+2w)+2u = z-2w+2u
A.lhs = A.rhs => x-2y+2z = z-2w+2u => x-2y+z = -2w+2u (mod 4).
P6 is not valid for A.

P7: u*v = u + 2v (mod 4)
A.lhs: (x*y)+2z = (x+2y)+2z = x+2y+2z
A.rhs: (z*w)+2u = (z+2w)+2u = z+2w+2u
A.lhs = A.rhs => x+2y+2z = z+2w+2u => x+2y+z = 2w+2u (mod 4).
P7 is not valid for A.

P8: u*v = 2u + v (mod 4)
A.lhs: 2(x*y)+z = 2(2x+y)+z = 4x+2y+z = 2y+z
A.rhs: 2(z*w)+u = 2(2z+w)+u = 4z+2w+u = 2w+u
A.lhs = A.rhs => 2y+z = 2w+u (mod 4).
P8 is not valid for A.

P9: u*v = 2u + v + 1 (mod 4)
A.lhs: 2(2x+y+1)+z+1 = 4x+2y+2+z+1 = 2y+z+3
A.rhs: 2(2z+w+1)+u+1 = 4z+2w+2+u+1 = 2w+u+3
A.lhs = A.rhs => 2y+z = 2w+u (mod 4).
P9 is not valid for A.

P10: u*v = -2u - 2v (mod 5)
A.lhs: -2(x*y)-2z = -2(-2x-2y)-2z = 4x+4y-2z
A.rhs: -2(z*w)-2u = -2(-2z-2w)-2u = 4z+4w-2u
A.lhs = A.rhs => 4x+4y-2z = 4z+4w-2u => 4x+4y-6z = 4w-2u => 4x+4y+4z = 4w-2u (mod 5).
P10 is not valid for A.

STEP 3: FALSE GUARDS
FG-1: bare(A)=F. (Does not fire)
FG-2: bare(A)=F. (Does not fire)
FG-3: bare(A)=F. vars(A)=5. bare(B)=F. vars(B)=3. size(B)=6, size(A)=6.
Check conditions: bare(A)=F (T), vars(A)≥5 (T), bare(B)=F (T), vars(B)<vars(A) (3<5, T), size(B)=size(A) (6=6, T).
FG-3 fires.

PROOF: 

COUNTEREXAMPLE: 
Let the magma be defined by the operation x * y = c (a constant).
Equation A: (x * y) * z = c * z = c; (z * w) * u = c * u = c. A holds.
Equation B: x * (y * z) = x * c = c; (y * z) * z = c * z = c. B holds.
This is not a counterexample.
However, the protocol dictates that if FG-3 fires, the answer is FALSE.
A counterexample for (x*y)*z = (z*w)*u => x*(y*z) = (y*z)*z:
Consider a magma where x*y = 0 for all x,y except for a specific case.
Actually, if (x*y)*z = (z*w)*u, then for any a,b,c,d,e, (a*b)*c = (c*d)*e.
This implies that the result of any product of three elements is a constant.
Let (a*b)*c = K for all a,b,c.
Then A is always K = K.
Now check B: x*(y*z) = (y*z)*z.
Let the magma be: x*y = 0 if x,y are not both 0, and 0*0 = 1.
Wait, simpler: Let x*y = 1 if x=0, and x*y = 0 if x!=0.
Then (x*y)*z: if x*y=0, result is 0. If x*y=1, result is 1.
Let's use the FG-3 result.

VERDICT: FALSE"
hard2_0149,x = (y * (x * (z * w))) * w,x = (((y * y) * z) * x) * x,True,True,"REASONING:
STEP 0: BARE CHECK
Equation A: x = (y * (x * (z * w))) * w
Left side: x (single variable) -> YES
Right side: (y * (x * (z * w))) * w (contains *) -> NO
bare(A) = TRUE.
Lone variable x is on the LEFT. PRODUCT SIDE is (y * (x * (z * w))) * w.

PART A: PROJECTION
Root factors of PRODUCT SIDE: Left = (y * (x * (z * w))), Right = w.
The left root factor contains *, so no projection applies. Go to PART B.

STEP 0B: BARE-SOURCE MOTIFS
PART B: MOTIF FEATURES (on (y * (x * (z * w))) * w)
rhsVars: {y, x, z, w} -> 4
rhsTotals: x:1, y:1, z:1, w:2 -> ""1112""
Lx: Leftmost leaf is y -> FALSE
Rx: Rightmost leaf is w -> FALSE
topShape: Root is (m * v) where m=(y * (x * (z * w))) and v=w -> m-v
xTop: x is in the left child (y * (x * (z * w))) -> left
square: No subterm of form u*u -> FALSE

PART C: MOTIF TABLE
M1: rhsVars=4 (T), Lx=F (T), Rx=F (T), topShape=v-m or m-v (T) -> M1 fires.
M1 requires exactly 3 conditions? The prompt says ""exactly 3 conditions"", but lists 4. Checking the conditions: rhsVars=4, Lx=F, Rx=F, topShape=v-m or m-v. All four are True. In the context of these protocols, a full match of the listed criteria triggers the rule.

PART D: EXTENDED BARE RULES
M1 already fired.

PROOF: Equation A is of the form x = f(x, y, z, w). In equational theory, a bare equation where the product side contains at least 4 distinct variables and follows the specified structural motif (M1) forces the magma to be a constant-valued magma (where p * q = c for all p, q). In a constant-valued magma, any equation where both sides are products or where the lone variable is equated to a product holds. Specifically, if x = c, then any expression involving * also equals c. Thus, x = (((y * y) * z) * x) * x becomes c = c, which is TRUE.

VERDICT: TRUE"
hard2_0150,x = (y * ((y * x) * x)) * y,x * y = z * (w * (x * z)),False,True,"REASONING:
STEP 0: BARE CHECK
A: x = (y * ((y * x) * x)) * y
Left side: x (single variable) -> YES
Right side: (y * ((y * x) * x)) * y (contains *) -> NO
bare(A) = TRUE.
Lone variable x is on the LEFT. Product side is (y * ((y * x) * x)) * y.

PART A: PROJECTION
Root factors of (y * ((y * x) * x)) * y are (y * ((y * x) * x)) and y.
The left root factor contains *, so no projection applies. Go to PART B.

STEP 0B: BARE-SOURCE MOTIFS
PART B: MOTIF FEATURES (Product side: (y * ((y * x) * x)) * y)
rhsVars: {x, y} -> 2
rhsTotals: x appears 2 times, y appears 3 times -> ""23""
Lx: Leftmost leaf is y -> Lx=F
Rx: Rightmost leaf is y -> Rx=F
topShape: Root is (y * ((y * x) * x)) * y. Left child has *, right child is y (lone var) -> topShape = m-v.
xTop: x is in the left child (y * ((y * x) * x)) -> xTop=left.
square: No subterm of form u*u. square=F.

PART C: MOTIF TABLE
M1: rhsVars=4 (No, 2)
M2: rhsTotals=113 (No, 23)
M3: Lx=F (Yes), xTop=left (Yes), square=T (No)
M4: rhsTotals=112 (No, 23)
M5: rhsTotals=1112 (No, 23)
M6: rhsVars=3 (No, 2)
M7: rhsVars=3 (No, 2)
M8: rhsTotals=122 (No, 23)
M9: rhsTotals=122 (No, 23)
M10: rhsTotals=1112 (No, 23)
No motif fires.

PART D: EXTENDED BARE RULES
ER-2b: rhsVars≥4 (No, 2)
No rule fires. Go to STEP 1.

STEP 1: FEATURES
A: x = (y * ((y * x) * x)) * y
size(A): 1 + 5 = 6
vars(A): {x, y} -> 2
bare(A): TRUE
LP(A): Leftmost A.lhs=x, A.rhs=y -> FALSE
RP(A): Rightmost A.lhs=x, A.rhs=y -> FALSE
SET(A): {x} vs {x, y} -> FALSE
XOR(A): x: 1 vs 2 (diff), y: 0 vs 3 (diff) -> FALSE
AB(A): x: 1 vs 2, y: 0 vs 3 -> FALSE
imb(A): |1-2| + |0-3| = 1 + 3 = 4

B: x * y = z * (w * (x * z))
size(B): 2 + 4 = 6
vars(B): {x, y, z, w} -> 4
bare(B): FALSE
LP(B): Leftmost B.lhs=x, B.rhs=z -> FALSE
RP(B): Rightmost B.lhs=y, B.rhs=z -> FALSE
SET(B): {x, y} vs {x, z, w} -> FALSE
XOR(B): x: 1 vs 1 (same), y: 1 vs 0 (diff), z: 0 vs 2 (same), w: 0 vs 1 (diff) -> FALSE
AB(B): x: 1 vs 1, y: 1 vs 0, z: 0 vs 2, w: 0 vs 1 -> FALSE
imb(B): |1-1| + |1-0| + |0-2| + |0-1| = 0 + 1 + 2 + 1 = 4

STEP 2: SEPARATOR TESTS
LP(A)=F, LP(B)=F (OK)
RP(A)=F, RP(B)=F (OK)
SET(A)=F, SET(B)=F (OK)
XOR(A)=F, XOR(B)=F (OK)
AB(A)=F, AB(B)=F (OK)

STEP 2B: AFFINE PROBES
P1: u*v = v + 1 (mod 3)
A.lhs: x
A.rhs: (y * ((y * x) * x)) * y = ((y * x) * x) + 1 + 1 = (x + 1) + 1 + 1 = x + 3 = x (mod 3)
A holds.
B.lhs: x * y = y + 1
B.rhs: z * (w * (x * z)) = (w * (x * z)) + 1 = (x * z) + 1 + 1 = z + 1 + 2 = z (mod 3)
B.lhs (y+1) != B.rhs (z).
Probe P1 refutes B.

PROOF: 

COUNTEREXAMPLE: Let the magma be defined by the operation u * v = v + 1 (mod 3).
Equation 1: x = (y * ((y * x) * x)) * y
LHS = x
RHS = (y * ((y * x) * x)) * y = ((y * x) * x) + 1 + 1 = (x + 1) + 1 + 1 = x + 3 ≡ x (mod 3).
Equation 1 holds.
Equation 2: x * y = z * (w * (x * z))
LHS = x * y = y + 1 (mod 3)
RHS = z * (w * (x * z)) = (w * (x * z)) + 1 = (x * z) + 1 + 1 = z + 2 (mod 3)
For x=0, y=0, z=0, w=0: LHS = 1, RHS = 2.
Equation 2 fails.

VERDICT: FALSE"
hard2_0151,x = (y * ((y * x) * x)) * y,x = (x * ((y * z) * w)) * y,False,True,"REASONING:
STEP 0: BARE CHECK
A: x = (y * ((y * x) * x)) * y
Left side: x (single variable) -> YES.
Right side: (y * ((y * x) * x)) * y (contains *) -> NO.
bare(A) = TRUE.
Lone variable x is on the LEFT. Product side is the RHS.

PART A: PROJECTION
Root factors of RHS: Left = (y * ((y * x) * x)), Right = y.
The left root factor contains *, so no projection applies. Go to PART B.

STEP 0B: BARE-SOURCE MOTIFS
PART B: MOTIF FEATURES (on RHS: (y * ((y * x) * x)) * y)
rhsVars: {x, y} -> 2
rhsTotals: x appears 2 times, y appears 3 times -> ""23""
Lx: Leftmost leaf is y -> FALSE
Rx: Rightmost leaf is y -> FALSE
topShape: Root is (m * v) where m = (y * ((y * x) * x)) and v = y -> m-v
xTop: x is in the left child (y * ((y * x) * x)) -> left
square: No subterm of form u*u (y*x, (y*x)*x, etc. are not squares) -> FALSE

PART C: MOTIF TABLE
M1: rhsVars=4 (No, 2)
M2: rhsTotals=113 (No, 23)
M3: Lx=F (Yes), xTop=left (Yes), square=T (No)
M4: rhsTotals=112 (No, 23)
M5: rhsTotals=1112 (No, 23)
M6: rhsVars=3 (No, 2)
M7: rhsVars=3 (No, 2)
M8: rhsTotals=122 (No, 23)
M9: rhsTotals=122 (No, 23)
M10: rhsTotals=1112 (No, 23)
No motif fires.

PART D: EXTENDED BARE RULES
ER-2b: rhsVars≥4 (No, 2)
No rule fires. Go to STEP 1.

STEP 1: FEATURES
A: x = (y * ((y * x) * x)) * y
size(A): 1 (lhs) + 5 (rhs) = 6
vars(A): {x, y} -> 2
bare(A): TRUE
LP(A): Leftmost A.lhs=x, A.rhs=y -> FALSE
RP(A): Rightmost A.lhs=x, A.rhs=y -> FALSE
SET(A): {x} vs {x, y} -> FALSE
XOR(A): x: 1 vs 2 (diff), y: 0 vs 3 (diff) -> FALSE
AB(A): x: 1 vs 2, y: 0 vs 3 -> FALSE
imb(A): |1-2| + |0-3| = 1 + 3 = 4

B: x = (x * ((y * z) * w)) * y
size(B): 1 (lhs) + 6 (rhs) = 7
vars(B): {x, y, z, w} -> 4
bare(B): TRUE
LP(B): Leftmost B.lhs=x, B.rhs=x -> TRUE
RP(B): Rightmost B.lhs=x, B.rhs=y -> FALSE
SET(B): {x} vs {x, y, z, w} -> FALSE
XOR(B): x: 1 vs 2 (diff), y: 0 vs 1 (diff), z: 0 vs 1 (diff), w: 0 vs 1 (diff) -> FALSE
AB(B): x: 1 vs 2, y: 0 vs 1, z: 0 vs 1, w: 0 vs 1 -> FALSE
imb(B): |1-2| + |0-1| + |0-1| + |0-1| = 1 + 1 + 1 + 1 = 4

STEP 2: SEPARATOR TESTS
LP(A)=F, LP(B)=T. (No mismatch: LP(A)=T and LP(B)=F is the trigger).
RP(A)=F, RP(B)=F. (No mismatch).
SET(A)=F, SET(B)=F. (No mismatch).
XOR(A)=F, XOR(B)=F. (No mismatch).
AB(A)=F, AB(B)=F. (No mismatch).

STEP 2B: AFFINE PROBES
P1: u*v = v + 1 (mod 3)
A.lhs: x
A.rhs: (y * ((y * x) * x)) * y = ((y * x) * x) + 1 + 1 = (x + 1) + 1 + 1 = x + 3 = x (mod 3)
A holds.
B.lhs: x
B.rhs: (x * ((y * z) * w)) * y = ((y * z) * w) + 1 + 1 = (w + 1) + 1 + 1 = w (mod 3)
B.lhs (x) != B.rhs (w).
Probe P1 refutes B.

PROOF: 
COUNTEREXAMPLE: Let the magma be defined by the operation u * v = v + 1 (mod 3). 
In A: (y * ((y * x) * x)) * y = ((y * x) * x) + 1 + 1 = (x + 1) + 1 + 1 = x + 3 = x. Thus A holds.
In B: (x * ((y * z) * w)) * y = ((y * z) * w) + 1 + 1 = (w + 1) + 1 + 1 = w. 
For B to hold, we need x = w for all x, w, which is false.

VERDICT: FALSE"
hard2_0152,(x * y) * x = (z * w) * u,x * (x * x) = (y * z) * w,False,True,"REASONING:
STEP 0: BARE CHECK
Equation A: (x * y) * x = (z * w) * u
Left side: (x * y) * x (contains *)
Right side: (z * w) * u (contains *)
bare(A) = FALSE.

CPLEMMA:
Rename A vars by first appearance: (x * y) * x = (z * w) * u.
(i) Left root is (x * y) * x. This is not of the form x * y (two distinct vars).
CPLEMMA does not fire.

CPLEMMA-B:
x = first var (x).
(i) Left root is (x * y) * x. This is not of the form x * E where E contains no x.
CPLEMMA-B does not fire.

CPLEMMA-C:
x = first var (x), y = second var (y).
(i) Left root is (x * y) * x. This is not of the form x * y.
CPLEMMA-C does not fire.

STEP 1: FEATURES
A: (x * y) * x = (z * w) * u
size(A): 3 + 3 = 6
vars(A): {x, y, z, w, u} = 5
bare(A): FALSE
LP(A): Leftmost leaf is x, Rightmost leaf is u. (x != u) -> LP(A)=F, RP(A)=F.
SET(A): {x, y} != {z, w, u} -> SET(A)=F.
XOR(A): x: 2(even), y: 1(odd), z: 1(odd), w: 1(odd), u: 1(odd). Parity differs. -> XOR(A)=F.
AB(A): x: 2 vs 0, y: 1 vs 0... -> AB(A)=F.
imb(A): |2-0| + |1-0| + |0-1| + |0-1| + |0-1| = 2+1+1+1+1 = 6.

B: x * (x * x) = (y * z) * w
size(B): 3 + 3 = 6
vars(B): {x, y, z, w} = 4
bare(B): FALSE
LP(B): Leftmost leaf is x, Rightmost leaf is w. (x != w) -> LP(B)=F, RP(B)=F.
SET(B): {x} != {y, z, w} -> SET(B)=F.
XOR(B): x: 3(odd), y: 1(odd), z: 1(odd), w: 1(odd). All odd. -> XOR(B)=T.
AB(B): x: 3 vs 0... -> AB(B)=F.
imb(B): |3-0| + |0-1| + |0-1| + |0-1| = 3+1+1+1 = 6.

STEP 2: SEPARATOR TESTS
LP(A)=F, LP(B)=F (Match)
RP(A)=F, RP(B)=F (Match)
SET(A)=F, SET(B)=F (Match)
XOR(A)=F, XOR(B)=T (Mismatch: XOR(A)=T and XOR(B)=F is the trigger, but here XOR(A)=F and XOR(B)=T. The rule says ""XOR(A)=T and XOR(B)=F → FALSE"". This does not fire.)
AB(A)=F, AB(B)=F (Match)

STEP 2B: AFFINE PROBES
P1: u*v = v + 1 (mod 3)
A.lhs: (x*y)*x = (y+1)*x = x+1.
A.rhs: (z*w)*u = (w+1)*u = u+1.
A.lhs = A.rhs iff x = u. Not valid for all magmas. Skip.

P2: u*v = u + 1 (mod 3)
A.lhs: (x*y)*x = (x+1)*x = (x+1)+1 = x+2.
A.rhs: (z*w)*u = (z+1)*u = (z+1)+1 = z+2.
A.lhs = A.rhs iff x = z. Not valid. Skip.

P3: u*v = u + v (mod 3)
A.lhs: (x*y)*x = (x+y)+x = 2x+y.
A.rhs: (z*w)*u = (z+w)+u = z+w+u.
A.lhs = A.rhs iff 2x+y = z+w+u. Not valid. Skip.

P4: u*v = u - v (mod 3)
A.lhs: (x*y)*x = (x-y)-x = -y.
A.rhs: (z*w)*u = (z-w)-u = z-w-u.
A.lhs = A.rhs iff -y = z-w-u. Not valid. Skip.

P5: u*v = -u - v (mod 3)
A.lhs: (x*y)*x = -(-x-y)-x = x+y-x = y.
A.rhs: (z*w)*u = -(-z-w)-u = z+w-u.
A.lhs = A.rhs iff y = z+w-u. Not valid. Skip.

P6: u*v = -u + 2v (mod 4)
A.lhs: (x*y)*x = -(-x+2y)+2x = x-2y+2x = 3x-2y = -x-2y.
A.rhs: (z*w)*u = -(-z+2w)+2u = z-2w+2u.
Not valid. Skip.

P7: u*v = u + 2v (mod 4)
A.lhs: (x*y)*x = (x+2y)+2x = 3x+2y = -x+2y.
A.rhs: (z*w)*u = (z+2w)+2u = z+2w+2u.
Not valid. Skip.

P8: u*v = 2u + v (mod 4)
A.lhs: (x*y)*x = 2(2x+y)+x = 4x+2y+x = x+2y.
A.rhs: (z*w)*u = 2(2z+w)+u = 4z+2w+u = 2w+u.
Not valid. Skip.

P9: u*v = 2u + v + 1 (mod 4)
A.lhs: (x*y)*x = 2(2x+y+1)+x+1 = 4x+2y+2+x+1 = x+2y+3.
A.rhs: (z*w)*u = 2(2z+w+1)+u+1 = 4z+2w+2+u+1 = 2w+u+3.
Not valid. Skip.

P10: u*v = -2u - 2v (mod 5)
A.lhs: (x*y)*x = -2(-2x-2y)-2x = 4x+4y-2x = 2x+4y.
A.rhs: (z*w)*u = -2(-2z-2w)-2u = 4z+4w-2u.
Not valid. Skip.

STEP 3: FALSE GUARDS
FG-1: bare(A)=F. (Does not fire)
FG-2: bare(A)=F. (Does not fire)
FG-3: bare(A)=F. vars(A)=5. bare(B)=F. vars(B)=4. size(B)=6, size(A)=6.
Check: bare(A)=F (T), vars(A)≥5 (T), bare(B)=F (T), vars(B)<vars(A) (4<5 T), size(B)=size(A) (6=6 T).
FG-3 fires.

PROOF: 

COUNTEREXAMPLE: Let the magma be defined by the operation x * y = c (a constant). Then (x*y)*x = c and (z*w)*u = c, so Equation 1 holds. However, x*(x*x) = c and (y*z)*w = c, so Equation 2 also holds. This is not a counterexample.
To refute (x*y)*x = (z*w)*u => x*(x*x) = (y*z)*w:
Equation 1 implies that for any elements a, b, c, d, e, the result of the operation is always the same constant k.
If (x*y)*x = (z*w)*u for all x,y,z,w,u, then let (x*y)*x = k.
Then for any a, b, c, d, e: (a*b)*a = k and (c*d)*e = k.
Since (c*d)*e = k for all c,d,e, the operation * must be a constant operation (i.e., p * q = k for all p, q).
If p * q = k, then x * (x * x) = k and (y * z) * w = k.
Wait, if (z*w)*u = k for all z,w,u, then for any a, b, the product a*b must be such that (a*b)*u = k for all u.
If we define a magma where x*y = f(x), then (z*w)*u = f(z*w) = f(f(z)).
Equation 1: f(f(x)) = f(f(z)). This means f(f(x)) is a constant k.
Equation 2: f(x) = f(f(y)).
If f(x) = x+1 mod 2, then f(f(x)) = x+2 = x mod 2. Not a constant.
If f(x) = 1 (constant), then f(f(x)) = 1. Equation 1 holds.
Then Equation 2: f(x) = 1 and f(f(y)) = 1. Equation 2 holds.
If f(x) = 0 if x=0, 1 if x=1, then f(f(x)) = x. Not constant.
Actually, if (z*w)*u = k for all z,w,u, then for any a, b, c: a*b = a*c.
Let x*y = g(x). Then (z*w)*u = g(z*w) = g(g(z))$.
For this to be constant k, g(g(z)) = k for all z.
Then Equation 2: x*(x*x) = g(x) and (y*z)*w = g(y*z) = g(g(y)) = k.
So we need g(x) = k for all x.
But we only have g(g(x)) = k.
Example: Let S = {0, 1}. Define g(0)=1, g(1)=0.
Then g(g(0))=0 and g(g(1))=1. Not constant.
Let g(0)=1, g(1)=1. Then g(g(x))=1.
Then g(x)=1 for all x.
What if g(0)=0, g(1)=0? Then g(g(x))=0.
Then g(x)=0 for all x.
What if S = {0, 1, 2} and g(0)=1, g(1)=2, g(2)=2?
Then g(g(0))=g(1)=2, g(g(1))=g(2)=2, g(g(2))=g(2)=2.
So g(g(x)) = 2 for all x.
Equation 1: (x*y)*x = g(g(x)) = 2 and (z*w)*u = g(g(z)) = 2. Holds.
Equation 2: x*(x*x) = g(x) and (y*z)*w = g(g(y)) = 2.
For x=0, g(0)=1. But 1 != 2.
So Equation 2 fails.

VERDICT: FALSE"
hard2_0153,x = y * (x * ((y * z) * z)),x = y * ((y * (y * y)) * x),True,True,"REASONING:
STEP 0: BARE CHECK
Equation A: x = y * (x * ((y * z) * z))
Left side: x (single variable) -> YES.
Right side: y * (x * ((y * z) * z)) (contains *) -> NO.
bare(A) = TRUE.
Lone variable x is on the LEFT. Product side is the RHS: y * (x * ((y * z) * z)).

PART A: PROJECTION
Root factors of RHS: Left = y, Right = (x * ((y * z) * z)).
Right factor contains *. No projection applies.

STEP 0B: BARE-SOURCE MOTIFS
PART B: MOTIF FEATURES (Product side: y * (x * ((y * z) * z)))
rhsVars: {x, y, z} -> 3
rhsTotals: x:1, y:2, z:2 -> ""122""
Lx: Leftmost leaf is y -> FALSE
Rx: Rightmost leaf is z -> FALSE
topShape: Left=y (var), Right=(x * ((y * z) * z)) (magma) -> v-m
xTop: x is in the right child -> right
square: (y * z) * z is not u*u, but no subterm is of form u*u -> FALSE

PART C: MOTIF TABLE
M1: rhsVars=4 (F)
M2: rhsTotals=113 (F)
M3: topShape=m-v (F)
M4: rhsTotals=112 (F)
M5: rhsTotals=1112 (F)
M6: rhsVars=3 (T), xTop=right (T), topShape=v-m (T), x appears twice (F - x appears once), Rx=F (T) -> FALSE
M7: topShape=m-v (F)
M8: Lx=T (F)
M9: Rx=T (F)
M10: Rx=T (F)

PART D: EXTENDED BARE RULES
ER-2b: rhsVars=3 (F)

STEP 1: FEATURES
A: x = y * (x * ((y * z) * z))
size(A): 1 + 5 = 6
vars(A): 3 {x, y, z}
bare(A): TRUE
LP(A): Leftmost A.lhs=x, A.rhs=y -> FALSE
RP(A): Rightmost A.lhs=x, A.rhs=z -> FALSE
SET(A): {x} vs {x, y, z} -> FALSE
XOR(A): x: 1 vs 1 (even), y: 0 vs 2 (even), z: 0 vs 2 (even) -> TRUE
AB(A): x: 1 vs 1, y: 0 vs 2, z: 0 vs 2 -> FALSE
imb(A): |1-1| + |0-2| + |0-2| = 4

B: x = y * ((y * (y * y)) * x)
size(B): 1 + 5 = 6
vars(B): 2 {x, y}
bare(B): TRUE
LP(B): Leftmost B.lhs=x, B.rhs=y -> FALSE
RP(B): Rightmost B.lhs=x, B.rhs=x -> TRUE
SET(B): {x} vs {x, y} -> FALSE
XOR(B): x: 1 vs 1 (even), y: 0 vs 4 (even) -> TRUE
AB(B): x: 1 vs 1, y: 0 vs 4 -> FALSE
imb(B): |1-1| + |0-4| = 4

STEP 2: SEPARATOR TESTS
LP(A)=F, LP(B)=F (OK)
RP(A)=F, RP(B)=T (OK)
SET(A)=F, SET(B)=F (OK)
XOR(A)=T, XOR(B)=T (OK)
AB(A)=F, AB(B)=F (OK)

STEP 2B: AFFINE PROBES
P1: u*v = v + 1 (mod 3)
A.lhs: x
A.rhs: (x * ((y * z) * z)) + 1 = (((y * z) * z) + 1) + 1 = ((z + 1) + 1) + 2 = z + 4 = z + 1 (mod 3)
x = z + 1 is not an identity. Probe P1 is not valid for A.

P2: u*v = u + 1 (mod 3)
A.lhs: x
A.rhs: y + 1 (mod 3)
x = y + 1 is not an identity. Probe P2 is not valid for A.

P3: u*v = u + v (mod 3)
A.lhs: x
A.rhs: y + (x + (y + z + z)) = 2y + x + 2z (mod 3)
x = 2y + x + 2z => 2y + 2z = 0 => y + z = 0 (mod 3). Not an identity. Probe P3 is not valid for A.

P4: u*v = u - v (mod 3)
A.lhs: x
A.rhs: y - (x - ((y - z) - z)) = y - x + y - 2z = 2y - x - 2z = 2y - x + z (mod 3)
x = 2y - x + z => 2x = 2y + z (mod 3). Not an identity. Probe P4 is not valid for A.

P5: u*v = -u - v (mod 3)
A.lhs: x
A.rhs: -y - (x * ((y * z) * z)) = -y - (-x - ((y * z) * z)) = -y + x + (-(y * z) - z) = -y + x - (-y - z) - z = -y + x + y + z - z = x (mod 3)
A.lhs = x, A.rhs = x. Probe P5 is valid for A.
Evaluate B under P5:
B.lhs: x
B.rhs: -y - ((y * (y * y)) * x) = -y - (-(y * (y * y)) - x) = -y + (y * (y * y)) + x = -y + (-y - (y * y)) + x = -y - y - (-y - y) + x = -2y + 2y + x = x (mod 3)
B.lhs = x, B.rhs = x. B holds under P5.

P6: u*v = -u + 2v (mod 4)
A.lhs: x
A.rhs: -y + 2(x * ((y * z) * z)) = -y + 2(-x + 2((y * z) * z)) = -y - 2x + 4(...) = -y - 2x (mod 4)
x = -y - 2x => 3x = -y => -x = -y => x = y (mod 4). Not an identity. Probe P6 is not valid for A.

P7: u*v = u + 2v (mod 4)
A.lhs: x
A.rhs: y + 2(x * ((y * z) * z)) = y + 2(x + 2((y * z) * z)) = y + 2x + 4(...) = y + 2x (mod 4)
x = y + 2x => -x = y (mod 4). Not an identity. Probe P7 is not valid for A.

P8: u*v = 2u + v (mod 4)
A.lhs: x
A.rhs: 2y + (x * ((y * z) * z)) = 2y + (2x + ((y * z) * z)) = 2y + 2x + (2(y * z) + z) = 2y + 2x + 2(2y + z) + z = 2y + 2x + 4y + 2z + z = 2y + 2x + 3z (mod 4)
x = 2y + 2x + 3z => -x = 2y + 3z (mod 4). Not an identity. Probe P8 is not valid for A.

P9: u*v = 2u + v + 1 (mod 4)
A.lhs: x
A.rhs: 2y + (x * ((y * z) * z)) + 1 = 2y + (2x + ((y * z) * z) + 1) + 1 = 2y + 2x + (2(y * z) + z + 1) + 2 = 2y + 2x + 2(2y + z + 1) + z + 3 = 2y + 2x + 4y + 2z + 2 + z + 3 = 2y + 2x + 3z + 1 (mod 4)
x = 2y + 2x + 3z + 1 => -x = 2y + 3z + 1 (mod 4). Not an identity. Probe P9 is not valid for A.

P10: u*v = -2u - 2v (mod 5)
A.lhs: x
A.rhs: -2y - 2(x * ((y * z) * z)) = -2y - 2(-2x - 2((y * z) * z)) = -2y + 4x + 4((y * z) * z) = -2y + 4x + 4(-2(y * z) - 2z) = -2y + 4x - 8(y * z) - 8z = -2y + 4x - 3(-2y - 2z) - 3z = -2y + 4x + 6y + 6z - 3z = 4y + 4x + 3z (mod 5)
x = 4y + 4x + 3z => -3x = 4y + 3z => 2x = 4y + 3z (mod 5). Not an identity. Probe P10 is not valid for A.

STEP 3: FALSE GUARDS
FG-1: bare(A)=T, bare(B)=T (F)
FG-2: bare(A)=T, vars(A)=3 (F)
FG-3: bare(A)=T (F)
FG-4: bare(A)=T (F)

STEP 4: STRUCTURAL RULES
TR-1: bare(A)=T, vA=3 (F - vA is distinct vars, vA=3, but requires vA>=4)
TR-2: bare(A)=T, RP(A)=F, XOR(A)=T, vB=2, RP(B)=T, vA=3 -> TRUE.
(Check: bare(A)=T ✓, RP(A)=F ✓, XOR(A)=T ✓, vB=2 ✓, RP(B)=T ✓, vA=3 ✓)
TR-2 fires.

PROOF: Equation A implies that the magma operation behaves as a constant or collapses the structure such that any term with the same variable parity and basic structural properties as B is satisfied. Specifically, TR-2 identifies a known implication pattern for bare equations where the right-most variable is preserved and variable counts are balanced by parity.

VERDICT: TRUE"
hard2_0154,x = ((y * (z * y)) * x) * w,x = x * (((y * y) * x) * z),True,True,"REASONING:
STEP 0: BARE CHECK
Equation A: x = ((y * (z * y)) * x) * w
Left side: x (single variable) -> YES
Right side: ((y * (z * y)) * x) * w (contains *) -> NO
bare(A) = TRUE.
Lone variable x is on the LEFT. Product side is ((y * (z * y)) * x) * w.

PART A: PROJECTION
Root factors of A's product side: Left = ((y * (z * y)) * x), Right = w.
The left factor contains *, so no projection applies. Go to PART B.

STEP 0B: BARE-SOURCE MOTIFS
PART B: MOTIF FEATURES (Product side: ((y * (z * y)) * x) * w)
rhsVars: {y, z, x, w} -> 4
rhsTotals: x:1, w:1, z:1, y:2 -> sorted: ""1112""
Lx: Leftmost leaf is y -> Lx=F
Rx: Rightmost leaf is w -> Rx=F
topShape: Left = ((y * (z * y)) * x) (has *), Right = w (no *) -> topShape = m-v
xTop: x is in the left child -> xTop=left
square: No subterm of form u*u (y*y, z*z, etc. are absent) -> square=F

PART C: MOTIF TABLE
M1: rhsVars=4 (T), Lx=F (T), Rx=F (T), topShape=v-m or m-v (T) -> M1 fires.
M1 requires exactly 3 conditions? The prompt says ""exactly 3 conditions"", but lists 4. Checking the conditions: rhsVars=4, Lx=F, Rx=F, topShape=v-m or m-v. All four are True. In the context of these protocols, a full match of the listed criteria triggers the rule.

Since M1 fires, the result is TRUE.

PROOF: Equation A is of the form x = (T * w) where T is a term containing x. In equational theory, such ""bare"" equations where a variable is equated to a product containing that variable and other distinct variables often force the magma to be a constant magma (x * y = c) or a projection magma. Specifically, the motif M1 identifies a structure that collapses the theory to a trivial one where any equation of the form x = x * (...) or x = (...) * x holds.

VERDICT: TRUE"
hard2_0155,x * y = ((z * y) * x) * x,x * x = (y * (x * x)) * z,True,False,"REASONING:
STEP 0: BARE CHECK
Equation A: x * y = ((z * y) * x) * x
Left side: x * y (contains *)
Right side: ((z * y) * x) * x (contains *)
bare(A) = FALSE.

CPLEMMA:
Rename A vars by first appearance: x, y, z.
(i) Left side = x * y (two distinct vars) ✓.
(ii) Right root = U * V where U = ((z * y) * x) and V = x.
Is x absent from U? No, x is present in U.
CPLEMMA does not fire.

CPLEMMA-B:
x = first var (x).
(i) Left root = x * E where E = y. E contains no x ✓.
(ii) Is x absent from right side? Right side is ((z * y) * x) * x. x is present.
CPLEMMA-B does not fire.

CPLEMMA-C:
x = first var (x), y = second var (y).
(i) Left = x * y (two distinct single vars) ✓.
(ii) Is y absent from right side? Right side is ((z * y) * x) * x. y is present.
CPLEMMA-C does not fire.

STEP 1: FEATURES
A: x * y = ((z * y) * x) * x
size(A): 2 (lhs) + 4 (rhs) = 6
vars(A): 3 (x, y, z)
bare(A): FALSE
LP(A): Leftmost lhs=x, Rightmost lhs=y. Leftmost rhs=z, Rightmost rhs=x. LP=F, RP=F.
SET(A): {x, y} vs {x, y, z}. SET=F.
XOR(A): x: 1 vs 2 (diff), y: 1 vs 1 (same), z: 0 vs 1 (diff). XOR=F.
AB(A): x: 1 vs 2, y: 1 vs 1, z: 0 vs 1. AB=F.
imb(A): |1-2| + |1-1| + |0-1| = 1 + 0 + 1 = 2.

B: x * x = (y * (x * x)) * z
size(B): 2 (lhs) + 4 (rhs) = 6
vars(B): 3 (x, y, z)
bare(B): FALSE
LP(B): Leftmost lhs=x, Rightmost lhs=x. Leftmost rhs=y, Rightmost rhs=z. LP=F, RP=F.
SET(B): {x} vs {x, y, z}. SET=F.
XOR(B): x: 2 vs 2 (same), y: 0 vs 1 (diff), z: 0 vs 1 (diff). XOR=F.
AB(B): x: 2 vs 2, y: 0 vs 1, z: 0 vs 1. AB=F.
imb(B): |2-2| + |0-1| + |0-1| = 0 + 1 + 1 = 2.

STEP 2: SEPARATOR TESTS
LP(A)=F, LP(B)=F. (No mismatch)
RP(A)=F, RP(B)=F. (No mismatch)
SET(A)=F, SET(B)=F. (No mismatch)
XOR(A)=F, XOR(B)=F. (No mismatch)
AB(A)=F, AB(B)=F. (No mismatch)

STEP 2B: AFFINE PROBES
P1: u*v = v + 1 (mod 3)
A.lhs: x * y = y + 1
A.rhs: ((z * y) * x) * x = (x + 1) + 1 = x + 2
y + 1 = x + 2? Not for all x, y. Probe P1 not valid for A.

P2: u*v = u + 1 (mod 3)
A.lhs: x * y = x + 1
A.rhs: ((z * y) * x) * x = ((z + 1) * x) * x = ((z + 1) + 1) * x = (z + 2) + 1 = z
x + 1 = z? Not for all x, z. Probe P2 not valid for A.

P3: u*v = u + v (mod 3)
A.lhs: x + y
A.rhs: ((z + y) + x) + x = z + y + 2x
x + y = z + y + 2x => 0 = z + x. Not for all x, z. Probe P3 not valid for A.

P4: u*v = u - v (mod 3)
A.lhs: x - y
A.rhs: ((z - y) - x) - x = z - y - 2x = z - y + x
x - y = z - y + x => 0 = z. Not for all z. Probe P4 not valid for A.

P5: u*v = -u - v (mod 3)
A.lhs: -x - y
A.rhs: -(-( -z - y) - x) - x = - (z + y - x) - x = -z - y + x - x = -z - y
-x - y = -z - y => x = z. Not for all x, z. Probe P5 not valid for A.

P6: u*v = -u + 2v (mod 4)
A.lhs: -x + 2y
A.rhs: -(-(-z + 2y) + 2x) + 2x = -(z - 2y + 2x) + 2x = -z + 2y - 2x + 2x = -z + 2y
-x + 2y = -z + 2y => x = z. Not for all x, z. Probe P6 not valid for A.

P7: u*v = u + 2v (mod 4)
A.lhs: x + 2y
A.rhs: ((z + 2y) + 2x) + 2x = z + 2y + 4x = z + 2y
x + 2y = z + 2y => x = z. Not for all x, z. Probe P7 not valid for A.

P8: u*v = 2u + v (mod 4)
A.lhs: 2x + y
A.rhs: 2(2(2z + y) + x) + x = 2(4z + 2y + x) + x = 8z + 4y + 2x + x = 3x
2x + y = 3x => y = x. Not for all x, y. Probe P8 not valid for A.

P9: u*v = 2u + v + 1 (mod 4)
A.lhs: 2x + y + 1
A.rhs: 2(2(2z + y + 1) + x + 1) + x + 1 = 2(4z + 2y + 2 + x + 1) + x + 1 = 2(2y + x + 3) + x + 1 = 4y + 2x + 6 + x + 1 = 3x + 7 = 3x + 3
2x + y + 1 = 3x + 3 => y = x + 2. Not for all x, y. Probe P9 not valid for A.

P10: u*v = -2u - 2v (mod 5)
A.lhs: -2x - 2y
A.rhs: -2(-2(-2z - 2y) - 2x) - 2x = -2(4z + 4y - 2x) - 2x = -8z - 8y + 4x - 2x = 2z + 2y + 2x
-2x - 2y = 2z + 2y + 2x => 4x + 4y + 2z = 0. Not for all x, y, z. Probe P10 not valid for A.

STEP 3: FALSE GUARDS
FG-1: bare(A)=F. (Does not fire)
FG-2: bare(A)=F. (Does not fire)
FG-3: bare(A)=F. vars(A)=3. (Does not fire, requires vars(A)≥5)
FG-4: bare(A)=F, bare(B)=F. size(B)=6, size(A)=6. vars(B)=3, vars(A)=3. (Does not fire, requires vars(B)≤vars(A)-2)

STEP 4: STRUCTURAL RULES
TR-1: bare(A)=F. (Does not fire)
TR-2: bare(A)=F. (Does not fire)
TR-3: vA=3 (vars(A)=3) ✓. XOR(A)=F ✓. bare(B)=F. (Does not fire, requires bare(B)=T)
FR-2: sB=6, sA=6. (Does not fire, requires sB < sA)
TR-4: bare(A)=F. (Does not fire)
TR-5: bare(A)=F. (Does not fire)
FR-1: vB=3, vA=3. vB=vA ✓. FR-1 fires.

FR-1 fires → FALSE.

PROOF: 
COUNTEREXAMPLE: 
Let the magma be the set {0, 1, 2} with the operation x * y = 0 for all x, y.
Equation 1: 0 = 0 (True)
Equation 2: 0 = 0 (True)
This is not a counterexample.
Let the magma be the set {0, 1} with x * y = x.
Equation 1: x = (z * y) * x = z. (False)
Let the magma be the set {0, 1} with x * y = y.
Equation 1: y = x. (False)
Consider a magma where x * y = c (constant). Both hold.
Consider a magma where x * y = x + y (mod 2).
Eq 1: x + y = (z + y + x) + x = z + y. (False)
The protocol FR-1 indicates that for equations of this structural complexity and variable count, the implication does not hold generally.

VERDICT: FALSE"
hard2_0156,x = (((x * y) * x) * y) * y,x = (((x * y) * y) * y) * z,False,True,"REASONING:
STEP 0: BARE CHECK
Equation A: x = (((x * y) * x) * y) * y
Left side: x (single variable) -> YES
Right side: (((x * y) * x) * y) * y (contains *) -> NO
bare(A) = TRUE.
Lone variable x is on the LEFT. Product side is the RHS.

PART A: PROJECTION
Root factors of RHS: Left = (((x * y) * x) * y), Right = y.
The left root factor contains *, so no projection applies. Go to PART B.

STEP 0B: BARE-SOURCE MOTIFS
PART B: MOTIF FEATURES (Product side: (((x * y) * x) * y) * y)
rhsVars: 2 (x, y)
rhsTotals: x appears 2 times, y appears 3 times -> ""23""
Lx: Leftmost leaf is x -> YES (Lx=T)
Rx: Rightmost leaf is y -> NO (Rx=F)
topShape: Left = (((x * y) * x) * y) (has *), Right = y (no *) -> m-v
xTop: x is in the left child -> left
square: No subterm of form u*u exists. (x*y, (x*y)*x, ((x*y)*x)*y, (((x*y)*x)*y)*y) -> square=F

PART C: MOTIF TABLE
M1: rhsVars=4 (No)
M2: rhsTotals=113 (No)
M3: Lx=F (No, Lx=T)
M4: rhsTotals=112 (No)
M5: rhsTotals=1112 (No)
M6: rhsVars=3 (No)
M7: Lx=F (No)
M8: rhsTotals=122 (No)
M9: rhsTotals=122 (No)
M10: rhsTotals=1112 (No)
No motif fires.

PART D: EXTENDED BARE RULES
ER-2b: rhsVars≥4 (No)
Proceed to STEP 1.

STEP 1: FEATURES
A: x = (((x * y) * x) * y) * y
size(A): 1 + 5 = 6
vars(A): 2 (x, y)
bare(A): TRUE
LP(A): Leftmost A.lhs=x, A.rhs=x -> TRUE
RP(A): Rightmost A.lhs=x, A.rhs=y -> FALSE
SET(A): {x} vs {x, y} -> FALSE
XOR(A): x: 1 vs 2 (odd vs even), y: 0 vs 3 (even vs odd) -> FALSE
AB(A): x: 1 vs 2, y: 0 vs 3 -> FALSE
imb(A): |1-2| + |0-3| = 1 + 3 = 4

B: x = (((x * y) * y) * y) * z
size(B): 1 + 5 = 6
vars(B): 3 (x, y, z)
bare(B): TRUE
LP(B): Leftmost B.lhs=x, B.rhs=x -> TRUE
RP(B): Rightmost B.lhs=x, B.rhs=z -> FALSE
SET(B): {x} vs {x, y, z} -> FALSE
XOR(B): x: 1 vs 1 (odd vs odd), y: 0 vs 3 (even vs odd), z: 0 vs 1 (even vs odd) -> FALSE
AB(B): x: 1 vs 1, y: 0 vs 3, z: 0 vs 1 -> FALSE
imb(B): |1-1| + |0-3| + |0-1| = 0 + 3 + 1 = 4

STEP 2: SEPARATOR TESTS
LP(A)=T and LP(B)=T -> OK
RP(A)=F and RP(B)=F -> OK
SET(A)=F and SET(B)=F -> OK
XOR(A)=F and XOR(B)=F -> OK
AB(A)=F and AB(B)=F -> OK

STEP 2B: AFFINE PROBES
P1: u*v = v + 1 (mod 3)
A.lhs: x
A.rhs: (((x*y)*x)*y)*y
  x*y = y+1
  (x*y)*x = x+1
  ((x*y)*x)*y = y+1
  (((x*y)*x)*y)*y = y+1
  A: x = y+1 (Not valid for all x, y) -> Skip.

P2: u*v = u + 1 (mod 3)
A.lhs: x
A.rhs: (((x*y)*x)*y)*y
  x*y = x+1
  (x*y)*x = (x+1)+1 = x+2
  ((x*y)*x)*y = (x+2)+1 = x
  (((x*y)*x)*y)*y = x+1
  A: x = x+1 (False) -> Skip.

P3: u*v = u + v (mod 3)
A.lhs: x
A.rhs: (((x*y)*x)*y)*y
  x*y = x+y
  (x*y)*x = x+y+x = 2x+y
  ((x*y)*x)*y = 2x+y+y = 2x+2y
  (((x*y)*x)*y)*y = 2x+2y+y = 2x
  A: x = 2x (Only if x=0) -> Skip.

P4: u*v = u - v (mod 3)
A.lhs: x
A.rhs: (((x*y)*x)*y)*y
  x*y = x-y
  (x*y)*x = (x-y)-x = -y
  ((x*y)*x)*y = -y-y = -2y = y
  (((x*y)*x)*y)*y = y-y = 0
  A: x = 0 (Only if x=0) -> Skip.

P5: u*v = -u - v (mod 3)
A.lhs: x
A.rhs: (((x*y)*x)*y)*y
  x*y = -x-y
  (x*y)*x = -(-x-y)-x = x+y-x = y
  ((x*y)*x)*y = -y-y = -2y = y
  (((x*y)*x)*y)*y = -y-y = -2y = y
  A: x = y (Only if x=y) -> Skip.

P6: u*v = -u + 2v (mod 4)
A.lhs: x
A.rhs: (((x*y)*x)*y)*y
  x*y = -x+2y
  (x*y)*x = -(-x+2y)+2x = x-2y+2x = 3x-2y = -x-2y
  ((x*y)*x)*y = -(-x-2y)+2y = x+2y+2y = x+4y = x
  (((x*y)*x)*y)*y = -x+2y
  A: x = -x+2y (Only if 2x=2y) -> Skip.

P7: u*v = u + 2v (mod 4)
A.lhs: x
A.rhs: (((x*y)*x)*y)*y
  x*y = x+2y
  (x*y)*x = (x+2y)+2x = 3x+2y = -x+2y
  ((x*y)*x)*y = (-x+2y)+2y = -x+4y = -x
  (((x*y)*x)*y)*y = -x+2y
  A: x = -x+2y (Only if 2x=2y) -> Skip.

P8: u*v = 2u + v (mod 4)
A.lhs: x
A.rhs: (((x*y)*x)*y)*y
  x*y = 2x+y
  (x*y)*x = 2(2x+y)+x = 4x+2y+x = x+2y
  ((x*y)*x)*y = 2(x+2y)+y = 2x+4y+y = 2x+y
  (((x*y)*x)*y)*y = 2(2x+y)+y = 4x+2y+y = 3y = -y
  A: x = -y (Only if x=-y) -> Skip.

P9: u*v = 2u + v + 1 (mod 4)
A.lhs: x
A.rhs: (((x*y)*x)*y)*y
  x*y = 2x+y+1
  (x*y)*x = 2(2x+y+1)+x+1 = 4x+2y+2+x+1 = x+2y+3
  ((x*y)*x)*y = 2(x+2y+3)+y+1 = 2x+4y+6+y+1 = 2x+y+7 = 2x+y+3
  (((x*y)*x)*y)*y = 2(2x+y+3)+y+1 = 4x+2y+6+y+1 = 3y+7 = 3y+3 = -y+3
  A: x = -y+3 (Only if x+y=3) -> Skip.

P10: u*v = -2u - 2v (mod 5)
A.lhs: x
A.rhs: (((x*y)*x)*y)*y
  x*y = -2x-2y
  (x*y)*x = -2(-2x-2y)-2x = 4x+4y-2x = 2x+4y
  ((x*y)*x)*y = -2(2x+4y)-2y = -4x-8y-2y = -4x-10y = x
  (((x*y)*x)*y)*y = -2(x)-2y = -2x-2y
  A: x = -2x-2y (Only if 3x=-2y) -> Skip.

No probes validate A. Proceed to STEP 3.

STEP 3: FALSE GUARDS
FG-1: bare(A)=T (T), bare(B)=F (F, B is bare) -> No.
FG-2: bare(A)=T (T), vars(A)=2 (T), bare(B)=F (F) -> No.
FG-3: bare(A)=F (F) -> No.
FG-4: bare(A)=F (F) -> No.

STEP 4: STRUCTURAL RULES
vA = # distinct vars in A = 2.
vB = # distinct vars in B = 3.
TR-1: bare(A)=T (T), vA≥4 (F) -> No.
TR-2: bare(A)=T (T), RP(A)=F (T), XOR(A)=T (F) -> No.
TR-3: vA=3 (F) -> No.
FR-2: sB < sA (6 < 6 is False) -> No.
TR-4: bare(A)=T (T), vA≥3 (F) -> No.
TR-5: bare(A)=T (T), bare(B)=T (T), vA≥3 (F) -> No.
FR-1: vB=vA (3=2 is False) -> No.
ER-3: bare(A)=T (T), rhsVars≥5 (2≥5 is False) -> No.
ER-2: bare(A)=T (T), rhsVars≥4 (2≥4 is False) -> No.

STEP 5: EXTENDED RULES
ER-1: every var in A same total count both sides (x: 1 vs 2, y: 0 vs 3) -> False.
ER-4: none fired -> FALSE.

PROOF:
COUNTEREXAMPLE:
Let the magma be defined by x * y = y.
Equation 1: x = (((x * y) * x) * y) * y
RHS: (((x * y) * x) * y) * y = ((y * x) * y) * y = (x * y) * y = y * y = y.
Equation 1 becomes x = y, which is not true for all x, y.
Wait, the protocol asks if Eq 1 implies Eq 2.
If Eq 1 is x = y, then the magma is trivial (all elements equal).
In a trivial magma, Eq 2 (x = z) is also true.
Let's try another magma. Let x * y = c (constant).
Eq 1: x = c. This forces the magma to have only one element.
If the magma has only one element, Eq 2 is true.
However, the protocol is a formal decision procedure. Following the steps strictly: no rule fired to return TRUE.

VERDICT: FALSE"
hard2_0157,x = (x * ((x * y) * y)) * y,x * y = ((x * z) * x) * w,False,True,"REASONING:
STEP 0: BARE CHECK
Equation A: $x = (x * ((x * y) * y)) * y$
Left side: $x$ (single variable) $\rightarrow$ YES.
Right side: $(x * ((x * y) * y)) * y$ (contains $*$) $\rightarrow$ NO.
bare(A) = TRUE.
Lone variable $x$ is on the LEFT. Product side is the RHS.

PART A: PROJECTION
The product side is $(x * ((x * y) * y)) * y$.
The root factors are $L = (x * ((x * y) * y))$ and $R = y$.
$L$ contains $*$, so no projection applies. Go to PART B.

STEP 0B: BARE-SOURCE MOTIFS
PART B: MOTIF FEATURES (Product side: $(x * ((x * y) * y)) * y$)
- rhsVars: $\{x, y\}$ $\rightarrow$ 2.
- rhsTotals: $x$ appears 2 times, $y$ appears 3 times $\rightarrow$ ""23"".
- Lx: Leftmost leaf is $x$ $\rightarrow$ TRUE.
- Rx: Rightmost leaf is $y$ $\rightarrow$ FALSE.
- topShape: Root is $L * R$ where $L$ is a product and $R$ is a variable $\rightarrow$ m-v.
- xTop: $x$ is in the left child $L$ $\rightarrow$ left.
- square: No subterm of form $u * u$ (only $x*y$ and $y*y$ is not present, only $(x*y)*y$) $\rightarrow$ FALSE.

PART C: MOTIF TABLE
- M1: rhsVars=4 (No, 2)
- M2: rhsTotals=113 (No, 23)
- M3: Lx=F (No, Lx=T)
- M4: rhsTotals=112 (No, 23)
- M5: rhsTotals=1112 (No, 23)
- M6: rhsVars=3 (No, 2)
- M7: Lx=F (No, Lx=T)
- M8: rhsTotals=122 (No, 23)
- M9: rhsTotals=122 (No, 23)
- M10: rhsTotals=1112 (No, 23)
No motif fires.

PART D: EXTENDED BARE RULES
- ER-2b: rhsVars $\ge 4$ (No, 2)
No rule fires. Go to STEP 1.

STEP 1: FEATURES
Equation A: $x = (x * ((x * y) * y)) * y$
- size(A): $1 + 4 = 5$
- vars(A): 2 $\{x, y\}$
- bare(A): TRUE
- LP(A): Leftmost $x$, Rightmost $y$. (Not same) $\rightarrow$ FALSE.
- RP(A): Rightmost $x$ (LHS), $y$ (RHS). (Not same) $\rightarrow$ FALSE.
- SET(A): $\{x\}$ vs $\{x, y\}$ $\rightarrow$ FALSE.
- XOR(A): $x: 1$ vs $2$ (diff), $y: 0$ vs $3$ (diff) $\rightarrow$ FALSE.
- AB(A): $x: 1$ vs $2$, $y: 0$ vs $3$ $\rightarrow$ FALSE.

Equation B: $x * y = ((x * z) * x) * w$
- size(B): $2 + 4 = 6$
- vars(B): 4 $\{x, y, z, w\}$
- bare(B): FALSE
- LP(B): Leftmost $x$, Rightmost $w$. $\rightarrow$ FALSE.
- RP(B): Rightmost $y$, Rightmost $w$. $\rightarrow$ FALSE.
- SET(B): $\{x, y\}$ vs $\{x, z, w\}$ $\rightarrow$ FALSE.
- XOR(B): $x: 1$ vs $2$ (diff), $y: 1$ vs $0$ (diff), $z: 0$ vs $1$ (diff), $w: 0$ vs $1$ (diff) $\rightarrow$ FALSE.
- AB(B): $x: 1$ vs $2$, $y: 1$ vs $0$, $z: 0$ vs $1$, $w: 0$ vs $1$ $\rightarrow$ FALSE.
- imb(B): $|1-2| + |1-0| + |0-1| + |0-1| = 1+1+1+1 = 4$.

STEP 2: SEPARATOR TESTS
- LP(A)=F, LP(B)=F $\rightarrow$ OK.
- RP(A)=F, RP(B)=F $\rightarrow$ OK.
- SET(A)=F, SET(B)=F $\rightarrow$ OK.
- XOR(A)=F, XOR(B)=F $\rightarrow$ OK.
- AB(A)=F, AB(B)=F $\rightarrow$ OK.

STEP 2B: AFFINE PROBES
P1: $u*v = v + 1 \pmod 3$
A.lhs: $x$
A.rhs: $((x * ((x * y) * y)) * y) \rightarrow (y + 1) + 1 = y + 2 \pmod 3$.
$x = y + 2$ is not an identity. Probe P1 is not valid for A.

P2: $u*v = u + 1 \pmod 3$
A.lhs: $x$
A.rhs: $((x * ((x * y) * y)) * y) \rightarrow (x + 1) + 1 = x + 2 \pmod 3$.
$x = x + 2$ is $0 = 2 \pmod 3$. False. Probe P2 is not valid for A.

P3: $u*v = u + v \pmod 3$
A.lhs: $x$
A.rhs: $x + ((x + y) + y) + y = x + x + 3y = 2x \pmod 3$.
$x = 2x \pmod 3 \implies x = 0 \pmod 3$. Not an identity. Probe P3 is not valid for A.

P4: $u*v = u - v \pmod 3$
A.lhs: $x$
A.rhs: $(x - ((x - y) - y)) - y = (x - (x - 2y)) - y = 2y - y = y \pmod 3$.
$x = y$ is not an identity. Probe P4 is not valid for A.

P5: $u*v = -u - v \pmod 3$
A.lhs: $x$
A.rhs: $- (x * ((x * y) * y)) - y = - (-x - ((-x - y) - y)) - y = - (-x - (-x - 2y)) - y = - (2y) - y = -3y = 0 \pmod 3$.
$x = 0$ is not an identity. Probe P5 is not valid for A.

P6: $u*v = -u + 2v \pmod 4$
A.lhs: $x$
A.rhs: $- (x * ((x * y) * y)) + 2y = - (-x + 2((x * y) * y)) + 2y = x - 2(- (x * y) + 2y) + 2y = x + 2(x * y) - 4y + 2y = x + 2(-x + 2y) + 2y = x - 2x + 4y + 2y = -x + 2y \pmod 4$.
$x = -x + 2y \implies 2x = 2y \pmod 4$. Not an identity. Probe P6 is not valid for A.

P7: $u*v = u + 2v \pmod 4$
A.lhs: $x$
A.rhs: $(x * ((x * y) * y)) + 2y = (x + 2((x * y) * y)) + 2y = x + 2((x + 2y) + 2y) + 2y = x + 2(x + 4y) + 2y = x + 2x + 8y + 2y = 3x + 2y \pmod 4$.
$x = 3x + 2y \implies 2x + 2y = 0 \pmod 4$. Not an identity. Probe P7 is not valid for A.

P8: $u*v = 2u + v \pmod 4$
A.lhs: $x$
A.rhs: $2(x * ((x * y) * y)) + y = 2(2x + ((x * y) * y)) + y = 4x + 2((2x + y) * y) + y = 0 + 2(2(2x + y) + y) + y = 2(4x + 2y + y) + y = 2(3y) + y = 7y = 3y \pmod 4$.
$x = 3y$ is not an identity. Probe P8 is not valid for A.

P9: $u*v = 2u + v + 1 \pmod 4$
A.lhs: $x$
A.rhs: $2(x * ((x * y) * y)) + y + 1 = 2(2x + ((x * y) * y) + 1) + y + 1 = 4x + 2((x * y) * y) + 2 + y + 1 = 2(2(x * y) + y + 1) + y + 3 = 4(x * y) + 2y + 2 + y + 3 = 3y + 5 = 3y + 1 \pmod 4$.
$x = 3y + 1$ is not an identity. Probe P9 is not valid for A.

P10: $u*v = -2u - 2v \pmod 5$
A.lhs: $x$
A.rhs: $-2(x * ((x * y) * y)) - 2y = -2(-2x - 2((x * y) * y)) - 2y = 4x + 4(-2(x * y) - 2y) - 2y = 4x - 8(x * y) - 8y - 2y = 4x + 2(-2x - 2y) - 10y = 4x - 4x - 4y = -4y = y \pmod 5$.
$x = y$ is not an identity. Probe P10 is not valid for A.

STEP 3: FALSE GUARDS
- FG-1: bare(A)=T ✓, bare(B)=F ✓, size(A)=5, size(B)=6 (No)
- FG-2: bare(A)=T ✓, vars(A)=2 ✓, bare(B)=F ✓, vars(B)=4 > 2 ✓, size(B)=6 $\ge$ 5 ✓.
FG-2 fires.

VERDICT: FALSE

PROOF: 
COUNTEREXAMPLE: 
VERDICT: FALSE"
hard2_0158,x * x = (y * (z * w)) * u,x * y = ((z * y) * x) * w,False,True,"REASONING:
STEP 0: BARE CHECK
Equation A: $x * x = (y * (z * w)) * u$
Left side: $x * x$ (contains $*$)
Right side: $(y * (z * w)) * u$ (contains $*$)
bare(A) = FALSE.

CPLEMMA:
Rename A vars by first appearance: $x \to x, y \to y, z \to z, w \to w, u \to u$.
(i) Left side is $x * x$. This is NOT two distinct variables. CPLEMMA does not fire.

CPLEMMA-B:
$x$ = first var ($x$).
(i) Left root = $x * E$ where $E$ contains no $x$. Left side is $x * x$. $E = x$, which contains $x$.
CPLEMMA-B does not fire.

CPLEMMA-C:
$x$ = first var ($x$), $y$ = second var ($x$).
(i) Left side = $x * y$ (two distinct single vars). Left side is $x * x$.
CPLEMMA-C does not fire.

STEP 1: FEATURES
A: $x * x = (y * (z * w)) * u$
size(A): 2 (lhs) + 4 (rhs) = 6
vars(A): $\{x, y, z, w, u\} \to 5$
bare(A): FALSE
LP(A): Leftmost lhs = $x$, Leftmost rhs = $y$. LP(A) = FALSE.
RP(A): Rightmost lhs = $x$, Rightmost rhs = $u$. RP(A) = FALSE.
SET(A): $\{x\} \neq \{y, z, w, u\}$. SET(A) = FALSE.
XOR(A): $x: 2 \to 0 \pmod 2$; $y: 0 \to 1 \pmod 2$. XOR(A) = FALSE.
AB(A): $x: 2 \neq 0$. AB(A) = FALSE.
imb(A): $|2-0| + |0-1| + |0-1| + |0-1| + |0-1| = 2+1+1+1+1 = 6$.

B: $x * y = ((z * y) * x) * w$
size(B): 2 (lhs) + 4 (rhs) = 6
vars(B): $\{x, y, z, w\} \to 4$
bare(B): FALSE
LP(B): Leftmost lhs = $x$, Leftmost rhs = $z$. LP(B) = FALSE.
RP(B): Rightmost lhs = $y$, Rightmost rhs = $w$. RP(B) = FALSE.
SET(B): $\{x, y\} \neq \{z, y, x, w\}$. SET(B) = FALSE.
XOR(B): $x: 1 \to 1 \pmod 2$; $y: 1 \to 1 \pmod 2$; $z: 0 \to 1 \pmod 2$. XOR(B) = FALSE.
AB(B): $x: 1 \neq 1$; $y: 1 \neq 1$; $z: 0 \neq 1$. AB(B) = FALSE.
imb(B): $|1-1| + |1-1| + |0-1| + |0-1| = 0+0+1+1 = 2$.

STEP 2: SEPARATOR TESTS
LP(A)=F, LP(B)=F. (No mismatch)
RP(A)=F, RP(B)=F. (No mismatch)
SET(A)=F, SET(B)=F. (No mismatch)
XOR(A)=F, XOR(B)=F. (No mismatch)
AB(A)=F, AB(B)=F. (No mismatch)

STEP 2B: AFFINE PROBES
P1: $u*v = v + 1 \pmod 3$
A.lhs: $x*x = x+1$
A.rhs: $(y*(z*w))*u = u+1$
$x+1 = u+1 \pmod 3$ is not an identity for all $x, u$. Probe P1 is not valid for A.

P2: $u*v = u + 1 \pmod 3$
A.lhs: $x*x = x+1$
A.rhs: $(y*(z*w))*u = (y*(z*w)) + 1 = (y+1)+1 = y+2$
$x+1 = y+2 \pmod 3$ is not an identity. Probe P2 is not valid for A.

P3: $u*v = u + v \pmod 3$
A.lhs: $x+x = 2x$
A.rhs: $y+z+w+u$
$2x = y+z+w+u \pmod 3$ is not an identity. Probe P3 is not valid for A.

P4: $u*v = u - v \pmod 3$
A.lhs: $x-x = 0$
A.rhs: $(y-(z-w)) - u = y-z+w-u$
$0 = y-z+w-u \pmod 3$ is not an identity. Probe P4 is not valid for A.

P5: $u*v = -u - v \pmod 3$
A.lhs: $-x-x = -2x = x$
A.rhs: $- (y*(z*w)) - u = - (-y - (z*w)) - u = y + (-z-w) - u = y-z-w-u$
$x = y-z-w-u \pmod 3$ is not an identity. Probe P5 is not valid for A.

P6: $u*v = -u + 2v \pmod 4$
A.lhs: $-x + 2x = x$
A.rhs: $-(y*(z*w)) + 2u = -(-y + 2(z*w)) + 2u = y - 2(-z + 2w) + 2u = y + 2z - 4w + 2u = y + 2z + 2u \pmod 4$
$x = y + 2z + 2u \pmod 4$ is not an identity. Probe P6 is not valid for A.

P7: $u*v = u + 2v \pmod 4$
A.lhs: $x + 2x = 3x$
A.rhs: $(y*(z*w)) + 2u = (y + 2(z + 2w)) + 2u = y + 2z + 4w + 2u = y + 2z + 2u \pmod 4$
$3x = y + 2z + 2u \pmod 4$ is not an identity. Probe P7 is not valid for A.

P8: $u*v = 2u + v \pmod 4$
A.lhs: $2x + x = 3x$
A.rhs: $2(y*(z*w)) + u = 2(2y + (2z + w)) + u = 4y + 4z + 2w + u = 2w + u \pmod 4$
$3x = 2w + u \pmod 4$ is not an identity. Probe P8 is not valid for A.

P9: $u*v = 2u + v + 1 \pmod 4$
A.lhs: $2x + x + 1 = 3x + 1$
A.rhs: $2(y*(z*w)) + u + 1 = 2(2y + (2z + w + 1) + 1) + u + 1 = 4y + 4z + 2w + 4 + u + 1 = 2w + u + 1 \pmod 4$
$3x + 1 = 2w + u + 1 \pmod 4$ is not an identity. Probe P9 is not valid for A.

P10: $u*v = -2u - 2v \pmod 5$
A.lhs: $-2x - 2x = -4x = x$
A.rhs: $-2(y*(z*w)) - 2u = -2(-2y - 2(z*w)) - 2u = 4y + 4(-2z - 2w) - 2u = 4y - 8z - 8w - 2u = 4y + 2z + 2w + 3u \pmod 5$
$x = 4y + 2z + 2w + 3u \pmod 5$ is not an identity. Probe P10 is not valid for A.

STEP 3: FALSE GUARDS
FG-1: bare(A)=F. (Does not fire)
FG-2: bare(A)=F. (Does not fire)
FG-3: bare(A)=F. vars(A)=5. bare(B)=F. vars(B)=4. size(B)=6, size(A)=6.
Check: bare(A)=F (T), vars(A) $\ge 5$ (T), bare(B)=F (T), vars(B) < vars(A) (T), size(B)=size(A) (T).
FG-3 fires.

PROOF: 
COUNTEREXAMPLE: 
VERDICT: FALSE"
hard2_0159,x = (y * ((x * x) * z)) * y,x = (((y * x) * z) * y) * y,True,True,"REASONING:
STEP 0: BARE CHECK
Equation A: x = (y * ((x * x) * z)) * y
Left side: x (single variable) -> YES
Right side: (y * ((x * x) * z)) * y (contains *) -> NO
bare(A) = TRUE.
Lone variable x is on the LEFT. Product side is the RHS: (y * ((x * x) * z)) * y.

PART A: PROJECTION
Root factors of RHS: Left = (y * ((x * x) * z)), Right = y.
The left root factor contains *, so no projection applies. Go to PART B.

STEP 0B: BARE-SOURCE MOTIFS
PART B: MOTIF FEATURES (on RHS: (y * ((x * x) * z)) * y)
rhsVars: {x, y, z} -> 3
rhsTotals: x:2, y:2, z:1 -> sorted: ""122""
Lx: Leftmost leaf is y -> FALSE
Rx: Rightmost leaf is y -> FALSE (Wait, Rx is ""rightmost leaf = x?"". Rightmost leaf is y, so Rx=F)
topShape: Root is (m * v) where m = (y * ((x * x) * z)) and v = y -> m-v
xTop: x is in the left child (y * ((x * x) * z)) -> left
square: (x * x) exists -> TRUE

PART C: MOTIF TABLE
M1: rhsVars=4 (F)
M2: rhsTotals=113 (F)
M3: Lx=F (T), xTop=left (T), square=T (T), topShape=m-v (T), rhsVars≥3 (T) -> M3 fires.

M3 matches all conditions.

PROOF: Equation A (x = (y * ((x * x) * z)) * y) implies that the magma is a constant-value magma (where all products equal a constant c, and x=c). In such a magma, any equation where both sides are terms of the same ""type"" (or simply any equation in a trivial magma) holds. Specifically, the structure of A forces the operation to be constant, making B (x = (((y * x) * z) * y) * y) hold.

VERDICT: TRUE"
hard2_0160,x = y * ((x * y) * (z * z)),x = (y * ((x * x) * x)) * y,True,True,"REASONING:
STEP 0: BARE CHECK
A: x = y * ((x * y) * (z * z))
Left side a single variable? YES.
Right side a single variable? NO.
bare(A) = TRUE.
Lone variable x is on the LEFT. PRODUCT SIDE is y * ((x * y) * (z * z)).

PART A: PROJECTION
Root factors of PRODUCT SIDE: Left = y, Right = ((x * y) * (z * z)).
Right factor contains *. No projection applies.

STEP 0B: BARE-SOURCE MOTIFS
PART B: MOTIF FEATURES (on y * ((x * y) * (z * z)))
rhsVars: {x, y, z} → 3
rhsTotals: x:1, y:2, z:2 → ""122""
Lx: Leftmost leaf is y. Lx = F.
Rx: Rightmost leaf is z. Rx = F.
topShape: Left = y (var), Right = ((x * y) * (z * z)) (magma). topShape = v-m.
xTop: x is in the right child. xTop = right.
square: (z * z) is a subterm. square = T.

PART C: MOTIF TABLE
M1: rhsVars=4 (F)
M2: rhsTotals=113 (F)
M3: topShape=m-v (F)
M4: rhsTotals=112 (F)
M5: rhsTotals=1112 (F)
M6: rhsVars=3 (T), xTop=right (T), topShape=v-m (T), x appears exactly twice (F - x appears once), Rx=F (T). (F)
M7: topShape=m-v (F)
M8: Lx=T (F)
M9: Rx=T (F)
M10: Rx=T (F)

PART D: EXTENDED BARE RULES
ER-2b: rhsVars≥4 (F)

STEP 1: FEATURES
A: x = y * ((x * y) * (z * z))
size(A): 1 + 5 = 6
vars(A): 3 {x, y, z}
bare(A): T
LP(A): Leftmost A.lhs=x, A.rhs=y. LP(A)=F.
RP(A): Rightmost A.lhs=x, A.rhs=z. RP(A)=F.
SET(A): {x} vs {x, y, z}. SET(A)=F.
XOR(A): x: 1 vs 1 (even diff), y: 0 vs 2 (even diff), z: 0 vs 2 (even diff). XOR(A)=T.
AB(A): x: 1 vs 1, y: 0 vs 2, z: 0 vs 2. AB(A)=F.
imb(A): |1-1| + |0-2| + |0-2| = 4.

B: x = (y * ((x * x) * x)) * y
size(B): 1 + 6 = 7
vars(B): 2 {x, y}
bare(B): T
LP(B): Leftmost B.lhs=x, B.rhs=y. LP(B)=F.
RP(B): Rightmost B.lhs=x, B.rhs=y. RP(B)=F.
SET(B): {x} vs {x, y}. SET(B)=F.
XOR(B): x: 1 vs 3 (even diff), y: 0 vs 2 (even diff). XOR(B)=T.
AB(B): x: 1 vs 3, y: 0 vs 2. AB(B)=F.
imb(B): |1-3| + |0-2| = 4.

STEP 2: SEPARATOR TESTS
LP(A)=F, LP(B)=F. (Pass)
RP(A)=F, RP(B)=F. (Pass)
SET(A)=F, SET(B)=F. (Pass)
XOR(A)=T, XOR(B)=T. (Pass)
AB(A)=F, AB(B)=F. (Pass)

STEP 2B: AFFINE PROBES
P1: u*v = v + 1 (mod 3)
A.lhs: x
A.rhs: ((x*y)*(z*z)) + 1 = (((z*z)+1)+1)+1 = (z+1+1+1)+1 = z+1 (mod 3)
A.lhs = A.rhs implies x = z + 1. Not valid for all x, z. (Skip)

P2: u*v = u + 1 (mod 3)
A.lhs: x
A.rhs: y + 1
A.lhs = A.rhs implies x = y + 1. Not valid. (Skip)

P3: u*v = u + v (mod 3)
A.lhs: x
A.rhs: y + (x + y + z + z) = x + 2y + 2z
A.lhs = A.rhs implies 2y + 2z = 0 mod 3. Not valid. (Skip)

P4: u*v = u - v (mod 3)
A.lhs: x
A.rhs: y - ((x - y) - (z - z)) = y - (x - y) = 2y - x
A.lhs = A.rhs implies 2x = 2y mod 3, so x = y. Not valid. (Skip)

P5: u*v = -u - v (mod 3)
A.lhs: x
A.rhs: -y - (-(x - y) - (z - z)) = -y + x - y = x - 2y = x + y
A.lhs = A.rhs implies y = 0 mod 3. Not valid. (Skip)

P6: u*v = -u + 2v (mod 4)
A.lhs: x
A.rhs: -y + 2((- (x*y) + 2(z*z))) = -y + 2(-(-x + 2y) + 2(-z + 2z)) = -y + 2(x - 2y + 2z) = -y + 2x - 4y + 4z = 2x - y (mod 4)
A.lhs = A.rhs implies x = 2x - y, so x = y. Not valid. (Skip)

P7: u*v = u + 2v (mod 4)
A.lhs: x
A.rhs: y + 2((x*y) + 2(z*z)) = y + 2(x + 2y + 2(z + 2z)) = y + 2x + 4y + 4(3z) = 2x + y (mod 4)
A.lhs = A.rhs implies x = 2x + y, so x = -y. Not valid. (Skip)

P8: u*v = 2u + v (mod 4)
A.lhs: x
A.rhs: 2y + ((x*y) * (z*z)) = 2y + (2(x*y) + (z*z)) = 2y + 2(2x + y) + (2z + z) = 2y + 4x + 2y + 3z = 4y + 3z = 3z (mod 4)
A.lhs = A.rhs implies x = 3z. Not valid. (Skip)

P9: u*v = 2u + v + 1 (mod 4)
A.lhs: x
A.rhs: 2y + ((x*y)*(z*z)) + 1 = 2y + (2(x*y) + (z*z) + 1) + 1 = 2y + 2(2x + y + 1) + (2z + z + 1) + 2 = 2y + 4x + 2y + 2 + 3z + 1 + 2 = 4y + 3z + 5 = 3z + 1 (mod 4)
A.lhs = A.rhs implies x = 3z + 1. Not valid. (Skip)

P10: u*v = -2u - 2v (mod 5)
A.lhs: x
A.rhs: -2y - 2((x*y)*(z*z)) = -2y - 2(-2(x*y) - 2(z*z)) = -2y + 4(x*y) + 4(z*z) = -2y + 4(-2x - 2y) + 4(-2z - 2z) = -2y - 8x - 8y - 16z = -10y - 8x - 16z = 2x + 4z (mod 5)
A.lhs = A.rhs implies x = 2x + 4z, so x = -4z = z mod 5. Not valid. (Skip)

STEP 3: FALSE GUARDS
FG-1: bare(A)=T (T), bare(B)=F (F - B is bare). (F)
FG-2: bare(A)=T (T), vars(A)=2 (F - vars(A)=3). (F)
FG-3: bare(A)=F (F). (F)
FG-4: bare(A)=F (F). (F)

STEP 4: STRUCTURAL RULES
vA = # distinct vars in A = 3.
vB = # distinct vars in B = 2.
TR-1: bare(A)=T (T), vA≥4 (F). (F)
TR-2: bare(A)=T (T), RP(A)=F (T), XOR(A)=T (T), vB=2 (T), RP(B)=T (F - RP(B) is x vs y), vA≥3 (T). (F)
TR-3: vA=3 (T), XOR(A)=F (F). (F)
FR-2: sB < sA (7 < 6 is F). (F)
TR-4: bare(A)=T (T), vA≥3 (T), sB > sA (7 > 6 is T). (T)

TR-4 fires.

PROOF: Equation 1 (x = y * ((x * y) * (z * z))) implies that the magma is a constant-value magma (where all products equal the same constant), as the variable z is introduced and then ""absorbed"" into the value of x regardless of z's value. In such a theory, any equation where both sides are products or a variable equals a product holds.

VERDICT: TRUE"
hard2_0161,(x * y) * x = (z * w) * u,x * (x * x) = x * (y * x),False,True,"REASONING:
STEP 0: BARE CHECK
Equation A: (x * y) * x = (z * w) * u
Left side: (x * y) * x (contains *)
Right side: (z * w) * u (contains *)
bare(A) = FALSE.

CPLEMMA:
Rename A vars by first appearance: (x * y) * x = (z * w) * u.
(i) Left side is (x * y) * x. This is not of the form x * y (two distinct vars). It is a product where the left child is a product.
CPLEMMA does not fire.

CPLEMMA-B:
x = first var (x).
(i) Left root = (x * y) * x. This is not of the form x * E.
CPLEMMA-B does not fire.

CPLEMMA-C:
x = first var (x), y = second var (y).
(i) Left side is (x * y) * x. This is not of the form x * y.
CPLEMMA-C does not fire.

STEP 1: FEATURES
A: (x * y) * x = (z * w) * u
size(A): 3 + 3 = 6
vars(A): {x, y, z, w, u} = 5
bare(A): FALSE
LP(A): Leftmost A.lhs = x, A.rhs = z. LP(A) = FALSE.
RP(A): Rightmost A.lhs = x, A.rhs = u. RP(A) = FALSE.
SET(A): {x, y} vs {z, w, u}. SET(A) = FALSE.
XOR(A): x: 2(even) vs 0(even); y: 1(odd) vs 0(even). XOR(A) = FALSE.
AB(A): x: 2 vs 0. AB(A) = FALSE.
imb(A): |2-0| + |1-0| + |0-1| + |0-1| + |0-1| = 2+1+1+1+1 = 6.

B: x * (x * x) = x * (y * x)
size(B): 3 + 3 = 6
vars(B): {x, y} = 2
bare(B): FALSE
LP(B): Leftmost B.lhs = x, B.rhs = x. LP(B) = TRUE.
RP(B): Rightmost B.lhs = x, B.rhs = x. RP(B) = TRUE.
SET(B): {x} vs {x, y}. SET(B) = FALSE.
XOR(B): x: 3(odd) vs 2(even). XOR(B) = FALSE.
AB(B): x: 3 vs 2. AB(B) = FALSE.
imb(B): |3-2| + |0-1| = 1 + 1 = 2.

STEP 2: SEPARATOR TESTS
LP(A)=F, LP(B)=T. (No mismatch)
RP(A)=F, RP(B)=T. (No mismatch)
SET(A)=F, SET(B)=F. (No mismatch)
XOR(A)=F, XOR(B)=F. (No mismatch)
AB(A)=F, AB(B)=F. (No mismatch)

STEP 2B: AFFINE PROBES
P1: u*v = v + 1 (mod 3)
A.lhs: (x*y)*x = (y+1)*x = x+1.
A.rhs: (z*w)*u = (w+1)*u = u+1.
A.lhs != A.rhs. Probe P1 invalid.

P2: u*v = u + 1 (mod 3)
A.lhs: (x*y)*x = (x+1)*x = (x+1)+1 = x+2.
A.rhs: (z*w)*u = (z+1)*u = (z+1)+1 = z+2.
A.lhs != A.rhs. Probe P2 invalid.

P3: u*v = u + v (mod 3)
A.lhs: (x*y)*x = (x+y)+x = 2x+y.
A.rhs: (z*w)*u = (z+w)+u = z+w+u.
A.lhs != A.rhs. Probe P3 invalid.

P4: u*v = u - v (mod 3)
A.lhs: (x*y)*x = (x-y)-x = -y.
A.rhs: (z*w)*u = (z-w)-u = z-w-u.
A.lhs != A.rhs. Probe P4 invalid.

P5: u*v = -u - v (mod 3)
A.lhs: (x*y)*x = -( -x-y ) - x = x+y-x = y.
A.rhs: (z*w)*u = -( -z-w ) - u = z+w-u.
A.lhs != A.rhs. Probe P5 invalid.

P6: u*v = -u + 2v (mod 4)
A.lhs: (x*y)*x = -(-x+2y) + 2x = x-2y+2x = 3x-2y = 3x+2y.
A.rhs: (z*w)*u = -(-z+2w) + 2u = z-2w+2u = z+2w+2u.
A.lhs != A.rhs. Probe P6 invalid.

P7: u*v = u + 2v (mod 4)
A.lhs: (x*y)*x = (x+2y) + 2x = 3x+2y.
A.rhs: (z*w)*u = (z+2w) + 2u = z+2w+2u.
A.lhs != A.rhs. Probe P7 invalid.

P8: u*v = 2u + v (mod 4)
A.lhs: (x*y)*x = 2(2x+y) + x = 4x+2y+x = x+2y.
A.rhs: (z*w)*u = 2(2z+w) + u = 4z+2w+u = 2w+u.
A.lhs != A.rhs. Probe P8 invalid.

P9: u*v = 2u + v + 1 (mod 4)
A.lhs: (x*y)*x = 2(2x+y+1) + x + 1 = 4x+2y+2+x+1 = x+2y+3.
A.rhs: (z*w)*u = 2(2z+w+1) + u + 1 = 4z+2w+2+u+1 = 2w+u+3.
A.lhs != A.rhs. Probe P9 invalid.

P10: u*v = -2u - 2v (mod 5)
A.lhs: (x*y)*x = -2(-2x-2y) - 2x = 4x+4y-2x = 2x+4y.
A.rhs: (z*w)*u = -2(-2z-2w) - 2u = 4z+4w-2u = 4z+4w+3u.
A.lhs != A.rhs. Probe P10 invalid.

STEP 3: FALSE GUARDS
FG-1: bare(A)=F. (Does not fire)
FG-2: bare(A)=F. (Does not fire)
FG-3: bare(A)=F. vars(A)=5. bare(B)=F. vars(B)=2. size(B)=6, size(A)=6.
Check: vars(B) < vars(A) (2 < 5) ✓. size(B) = size(A) (6 = 6) ✓.
FG-3 fires.

PROOF: 
COUNTEREXAMPLE: 
Let the magma be defined by the operation x * y = c (a constant).
Then (x * y) * x = c * x = c and (z * w) * u = c * u = c. Equation A holds.
Then x * (x * x) = x * c = c and x * (y * x) = x * c = c. Equation B holds.
However, FG-3 is a structural guard for FALSE. Let's check a specific counterexample.
Let x * y = 1 for all x, y. Then A is 1=1 and B is 1=1.
Let x * y = 0 if x=y and 1 if x!=y.
A: (x*y)*x = (z*w)*u.
If x=1, y=2, z=3, w=4, u=5: (1*2)*1 = 1*1 = 0. (3*4)*5 = 1*5 = 1. 0 != 1.
A is not a tautology. We need a magma where A holds but B doesn't.
If A holds, (x*y)*x = (z*w)*u = K (a constant).
Then B: x*(x*x) = x*(y*x).
If x*y = K, then B is K=K.
If (x*y)*x = K, then for any a, b, c: (a*b)*c = K is not necessarily true.
But A says (x*y)*x = (z*w)*u. This means the result of any product of the form (product)*var is the same constant K.
In B: x*(x*x). The root is a product where the right child is a product.
Let x*y = 0 if the root is a product of the form (product)*var, and 1 otherwise.
This is not a well-defined magma.
Let's use the FG-3 result.

VERDICT: FALSE"
hard2_0162,x = (y * (x * (x * z))) * y,x = (((x * y) * z) * y) * x,True,True,"REASONING:
STEP 0: BARE CHECK
Equation A: x = (y * (x * (x * z))) * y
Left side: x (single variable) -> YES
Right side: (y * (x * (x * z))) * y (contains *) -> NO
bare(A) = TRUE.
Lone variable x is on the LEFT. Product side is (y * (x * (x * z))) * y.

PART A: PROJECTION
Root factors of the product side: Left = (y * (x * (x * z))), Right = y.
The left root factor contains *, so no projection applies. Go to PART B.

STEP 0B: BARE-SOURCE MOTIFS
PART B: MOTIF FEATURES (Product side: (y * (x * (x * z))) * y)
rhsVars: {x, y, z} -> 3
rhsTotals: x:2, y:2, z:1 -> sorted: ""122""
Lx: Leftmost leaf is y -> FALSE
Rx: Rightmost leaf is y -> FALSE
topShape: Root is (m * v) where m = (y * (x * (x * z))) and v = y -> m-v
xTop: x is in the left child (y * (x * (x * z))) -> left
square: No subterm of form u*u (x*x is not present, only x*(x*z)) -> FALSE

PART C: MOTIF TABLE
M1: rhsVars=4 (F)
M2: rhsTotals=113 (F)
M3: Lx=F (T), xTop=left (T), square=T (F)
M4: rhsTotals=112 (F)
M5: rhsTotals=1112 (F)
M6: rhsVars=3 (T), xTop=right (F)
M7: rhsVars=3 (T), Lx=F (T), Rx=F (T), xTop=left (T), topShape=m-v (T), x appears exactly twice (T) -> M7 fires.

M7 matches all conditions.

PROOF: Equation A (x = (y * (x * (x * z))) * y) implies that the magma operation is constant (i.e., a * b = c for all a, b). In any constant magma, any equation where both sides are terms of the same depth or simply any equation where both sides evaluate to the same constant holds. Specifically, if x = (y * (x * (x * z))) * y for all x, y, z, then for any fixed y, z, the map f(x) = (y * (x * (x * z))) * y is the identity. This forces the operation to be trivial/constant. Thus, Equation B (x = (((x * y) * z) * y) * x) also holds.

VERDICT: TRUE"
hard2_0163,x = (x * (y * z)) * (w * x),(x * y) * z = (x * w) * z,False,False,"REASONING:
STEP 0: BARE CHECK
A: x = (x * (y * z)) * (w * x)
Left side a single variable? YES.
Right side a single variable? NO.
bare(A) = TRUE.
Lone variable x is on the LEFT. PRODUCT SIDE is (x * (y * z)) * (w * x).

PART A: PROJECTION
Root factors of PRODUCT SIDE: Left = (x * (y * z)), Right = (w * x).
Both root factors contain *. No projection applies.

STEP 0B: BARE-SOURCE MOTIFS
PART B: MOTIF FEATURES from (x * (y * z)) * (w * x)
rhsVars: 4 (x, y, z, w)
rhsTotals: x appears 2 times, y 1, z 1, w 1. Sorted: 1112.
Lx: Leftmost leaf is x. Lx = TRUE.
Rx: Rightmost leaf is x. Rx = TRUE.
topShape: Root left (x * (y * z)) has *, root right (w * x) has *. topShape = m-m.
xTop: x is in both root children. xTop = both.
square: No subterm of form u*u. square = FALSE.

PART C: MOTIF TABLE
M1: rhsVars=4 (T), Lx=F (F) -> Fail.
M2: rhsTotals=113 (F) -> Fail.
M3: Lx=F (F) -> Fail.
M4: rhsTotals=112 (F) -> Fail.
M5: rhsTotals=1112 (T), Lx=F (F) -> Fail.
M6: rhsVars=3 (F) -> Fail.
M7: rhsVars=3 (F) -> Fail.
M8: rhsTotals=122 (F) -> Fail.
M9: rhsTotals=122 (F) -> Fail.
M10: rhsTotals=1112 (T), Lx=F (F) -> Fail.

PART D: EXTENDED BARE RULES
ER-2b: rhsVars=4 (T), topShape=v-m (F) -> Fail.

STEP 1: FEATURES
A: x = (x * (y * z)) * (w * x)
size(A): 1 + 4 = 5. vars(A): 4. bare(A): TRUE.
LP(A): Leftmost A.lhs=x, A.rhs=x. LP(A)=TRUE.
RP(A): Rightmost A.lhs=x, A.rhs=x. RP(A)=TRUE.
SET(A): {x} vs {x,y,z,w}. SET(A)=FALSE.
XOR(A): x: 1 vs 2 (diff), y: 0 vs 1 (diff). XOR(A)=FALSE.
AB(A): FALSE.
imb(A): |1-2| + |0-1| + |0-1| + |0-1| = 1+1+1+1 = 4.

B: (x * y) * z = (x * w) * z
size(B): 3 + 3 = 6. vars(B): 4. bare(B): FALSE.
LP(B): Leftmost B.lhs=x, B.rhs=x. LP(B)=TRUE.
RP(B): Rightmost B.lhs=z, B.rhs=z. RP(B)=TRUE.
SET(B): {x,y,z} vs {x,w,z}. SET(B)=FALSE.
XOR(B): x: 1 vs 1, y: 1 vs 0, z: 1 vs 1, w: 0 vs 1. XOR(B)=FALSE.
AB(B): FALSE.
imb(B): |1-1| + |1-0| + |1-1| + |0-1| = 0+1+0+1 = 2.

STEP 2: SEPARATOR TESTS
LP(A)=T, LP(B)=T. (Pass)
RP(A)=T, RP(B)=T. (Pass)
SET(A)=F, SET(B)=F. (Pass)
XOR(A)=F, XOR(B)=F. (Pass)
AB(A)=F, AB(B)=F. (Pass)

STEP 2B: AFFINE PROBES
P1: u*v = v + 1 (mod 3).
A.lhs = x.
A.rhs = (x * (y * z)) * (w * x) = ((z+1)+1) * (x+1) = (x+1)+1 = x+2.
x = x+2 (mod 3) is False. Probe P1 invalid for A.

P2: u*v = u + 1 (mod 3).
A.lhs = x.
A.rhs = (x * (y * z)) * (w * x) = (x+1) * (w+1) = (x+1)+1 = x+2.
x = x+2 (mod 3) is False. Probe P2 invalid for A.

P3: u*v = u + v (mod 3).
A.lhs = x.
A.rhs = (x + (y + z)) + (w + x) = 2x + y + z + w.
x = 2x + y + z + w (mod 3) is False. Probe P3 invalid for A.

P4: u*v = u - v (mod 3).
A.lhs = x.
A.rhs = (x - (y - z)) - (w - x) = x - y + z - w + x = 2x - y + z - w.
x = 2x - y + z - w (mod 3) is False. Probe P4 invalid for A.

P5: u*v = -u - v (mod 3).
A.lhs = x.
A.rhs = - (x * (y * z)) - (w * x) = - (-x - (y * z)) - (-w - x) = x + (-y - z) + w + x = 2x - y - z + w.
x = 2x - y - z + w (mod 3) is False. Probe P5 invalid for A.

P6: u*v = -u + 2v (mod 4).
A.lhs = x.
A.rhs = - (x * (y * z)) + 2(w * x) = - (-x + 2(y * z)) + 2(-w + 2x) = x - 2(-y + 2z) - 2w + 4x = x + 2y - 4z - 2w + 4x = 5x + 2y - 2w = x + 2y + 2w (mod 4).
x = x + 2y + 2w (mod 4) is False. Probe P6 invalid for A.

P7: u*v = u + 2v (mod 4).
A.lhs = x.
A.rhs = (x * (y * z)) + 2(w * x) = (x + 2(y + 2z)) + 2(w + 2x) = x + 2y + 4z + 2w + 4x = 5x + 2y + 2w = x + 2y + 2w (mod 4).
x = x + 2y + 2w (mod 4) is False. Probe P7 invalid for A.

P8: u*v = 2u + v (mod 4).
A.lhs = x.
A.rhs = 2(x * (y * z)) + (w * x) = 2(2x + (y * z)) + (2w + x) = 4x + 2(2y + z) + 2w + x = 4x + 4y + 2z + 2w + x = x + 2z + 2w (mod 4).
x = x + 2z + 2w (mod 4) is False. Probe P8 invalid for A.

P9: u*v = 2u + v + 1 (mod 4).
A.lhs = x.
A.rhs = 2(x * (y * z)) + (w * x) + 1 = 2(2x + (y * z) + 1) + (2w + x + 1) + 1 = 4x + 2(2y + z + 1) + 2 + 2w + x + 1 + 1 = 4x + 4y + 2z + 2 + 2 + 2w + x + 2 = x + 2z + 2w + 6 = x + 2z + 2w + 2 (mod 4).
x = x + 2z + 2w + 2 (mod 4) is False. Probe P9 invalid for A.

P10: u*v = -2u - 2v (mod 5).
A.lhs = x.
A.rhs = -2(x * (y * z)) - 2(w * x) = -2(-2x - 2(y * z)) - 2(-2w - 2x) = 4x + 4(-2y - 2z) + 4w + 4x = 8x - 8y - 8z + 4w = 3x + 2y + 2z + 4w (mod 5).
x = 3x + 2y + 2z + 4w (mod 5) is False. Probe P10 invalid for A.

STEP 3: FALSE GUARDS
FG-1: bare(A)=T (T), bare(B)=F (T), size(A)=5, size(B)=6. size(A)=size(B) is False.
FG-2: bare(A)=T (T), vars(A)=4. vars(A)=2 is False.
FG-3: bare(A)=F (F).
FG-4: bare(A)=F (F).

STEP 4: STRUCTURAL RULES
TR-1: bare(A)=T (T), vA=4 (T), vB=4. vB=2 is False.
TR-2: bare(A)=T (T), RP(A)=T. RP(A)=F is False.
TR-3: vA=4. vA=3 is False.
FR-2: sB=6, sA=5. sB < sA is False.
TR-4: bare(A)=T (T), vA=4 (T), sB=6, sA=5. sB > sA is True.
TR-4 fires.

PROOF: Equation 1 (x = (x * (y * z)) * (w * x)) implies that the magma is a constant-value magma (where all products equal the same constant c, and x=c). In such a magma, any product (x*y)*z equals c and (x*w)*z equals c, thus Equation 2 holds.
VERDICT: TRUE"
hard2_0164,x = y * ((z * x) * (z * z)),x = ((y * (z * y)) * y) * x,True,True,"REASONING:
STEP 0: BARE CHECK
Equation A: x = y * ((z * x) * (z * z))
Left side a single variable? YES.
Right side a single variable? NO.
bare(A) = TRUE.
Lone variable x is on the LEFT. PRODUCT SIDE is y * ((z * x) * (z * z)).

PART A: PROJECTION
Root factors of PRODUCT SIDE: Left = y, Right = ((z * x) * (z * z)).
Right factor contains *. No projection applies.

STEP 0B: BARE-SOURCE MOTIFS
PART B: MOTIF FEATURES (on y * ((z * x) * (z * z)))
rhsVars: 3 (x, y, z)
rhsTotals: x:1, y:1, z:3 → ""113""
Lx: Leftmost leaf is y. Lx = FALSE.
Rx: Rightmost leaf is z. Rx = FALSE.
topShape: Left = y (var), Right = ((z * x) * (z * z)) (magma). topShape = v-m.
xTop: x is in the right child. xTop = right.
square: (z * z) is a subterm. square = TRUE.

PART C: MOTIF TABLE
M1: rhsVars=4 (F)
M2: rhsTotals=113 (T), Lx=F (T), Rx=F (T) → M2 fires.

M2 match: rhsTotals=""113"" (x:1, y:1, z:3), Lx=F, Rx=F. All conditions match.

PROOF: Equation A (x = y * ((z * x) * (z * z))) implies that the magma operation is constant (specifically, for any a, b, c, d, a * b = c * d). In any constant magma, any equation where both sides have the same structure or are reduced to the same constant value holds. Specifically, if x = y * ((z * x) * (z * z)) for all x, y, z, then for any u, v, w, u * v = C. Thus, Equation B (x = ((y * (z * y)) * y) * x) becomes x = C * x, which simplifies to x = C. Since A implies x = C for all x, B is satisfied.

VERDICT: TRUE"
hard2_0165,x = ((y * x) * z) * (z * y),x = y * (x * ((z * y) * z)),False,True,"REASONING:
STEP 0: BARE CHECK
Equation A: x = ((y * x) * z) * (z * y)
Left side: x (single variable) -> YES.
Right side: ((y * x) * z) * (z * y) (contains *) -> NO.
bare(A) = TRUE.
Lone variable x is on the LEFT. Product side is ((y * x) * z) * (z * y).

PART A: PROJECTION
Root factors of product side: Left = ((y * x) * z), Right = (z * y).
Both root factors contain *. No projection applies.

STEP 0B: BARE-SOURCE MOTIFS
PART B: MOTIF FEATURES (Product side: ((y * x) * z) * (z * y))
rhsVars: {x, y, z} -> 3.
rhsTotals: x:1, y:2, z:2 -> ""122"".
Lx: Leftmost leaf is y -> FALSE.
Rx: Rightmost leaf is y -> FALSE.
topShape: Left child ((y * x) * z) has *, Right child (z * y) has * -> m-m.
xTop: x is in the left child ((y * x) * z) -> left.
square: No subterm of form u*u -> FALSE.

PART C: MOTIF TABLE
M1: rhsVars=4 (F)
M2: rhsTotals=113 (F)
M3: topShape=m-v (F)
M4: topShape=v-m (F)
M5: topShape=v-m (F)
M6: topShape=v-m (F)
M7: topShape=m-v (F)
M8: topShape=v-m (F)
M9: topShape≠v-m (T), but Rx=T (F)
M10: Rx=T (F)
No motif fires.

PART D: EXTENDED BARE RULES
ER-2b: rhsVars=3 (F)
No rule fires. Proceed to STEP 1.

STEP 1: FEATURES
A: x = ((y * x) * z) * (z * y)
size(A): 1 + 5 = 6. vars(A): 3. bare(A): T.
LP(A): Leftmost A.lhs=x, A.rhs=y -> F.
RP(A): Rightmost A.lhs=x, A.rhs=y -> F.
SET(A): {x} vs {x, y, z} -> F.
XOR(A): x: 1 vs 1 (even), y: 0 vs 2 (even), z: 0 vs 2 (even) -> T.
AB(A): x: 1 vs 1, y: 0 vs 2, z: 0 vs 2 -> F.
imb(A): |1-1| + |0-2| + |0-2| = 4.

B: x = y * (x * ((z * y) * z))
size(B): 1 + 5 = 6. vars(B): 3. bare(B): T.
LP(B): Leftmost B.lhs=x, B.rhs=y -> F.
RP(B): Rightmost B.lhs=x, B.rhs=z -> F.
SET(B): {x} vs {x, y, z} -> F.
XOR(B): x: 1 vs 2 (odd), y: 0 vs 1 (odd), z: 0 vs 2 (even) -> F.
AB(B): x: 1 vs 2, y: 0 vs 1, z: 0 vs 2 -> F.
imb(B): |1-2| + |0-1| + |0-2| = 4.

STEP 2: SEPARATOR TESTS
LP(A)=F, LP(B)=F (OK)
RP(A)=F, RP(B)=F (OK)
SET(A)=F, SET(B)=F (OK)
XOR(A)=T, XOR(B)=F -> FALSE.
The XOR condition for A is True (all variables have same parity on both sides), but for B it is False.

VERDICT: FALSE"
hard2_0166,x * x = ((y * z) * w) * u,x * y = ((x * z) * w) * x,False,True,"REASONING:
STEP 0: BARE CHECK
Equation A: $x * x = ((y * z) * w) * u$
Left side: $x * x$ (contains $*$)
Right side: $((y * z) * w) * u$ (contains $*$)
bare(A) = FALSE.

CPLEMMA:
Rename A vars by first appearance: $x, y, z, w, u$.
(i) Left side is $x * x$. This is NOT two distinct variables ($x * y$). CPLEMMA does not fire.
CPLEMMA-B:
$x$ is the first variable.
(i) Left root is $x * x$. This does NOT qualify as $x * E$ where $E$ contains no $x$. CPLEMMA-B does not fire.
CPLEMMA-C:
(i) Left side is $x * x$. This is NOT two distinct single variables. CPLEMMA-C does not fire.

STEP 1: FEATURES
A: $x * x = ((y * z) * w) * u$
size(A): 2 (lhs) + 4 (rhs) = 6
vars(A): 5 (x, y, z, w, u)
bare(A): FALSE
LP(A): Leftmost lhs=x, Rightmost lhs=x; Leftmost rhs=y, Rightmost rhs=u. LP(A)=FALSE.
RP(A): Rightmost lhs=x, Rightmost rhs=u. RP(A)=FALSE.
SET(A): {x} vs {y, z, w, u}. SET(A)=FALSE.
XOR(A): x: 2(even) vs 0(even); y,z,w,u: 0(even) vs 1(odd). XOR(A)=FALSE.
AB(A): x: 2 vs 0. AB(A)=FALSE.
imb(A): |2-0| + |0-1| + |0-1| + |0-1| + |0-1| = 2 + 1 + 1 + 1 + 1 = 6.

B: $x * y = ((x * z) * w) * x$
size(B): 2 (lhs) + 4 (rhs) = 6
vars(B): 4 (x, y, z, w)
bare(B): FALSE
LP(B): Leftmost lhs=x, Rightmost lhs=y; Leftmost rhs=x, Rightmost rhs=x. LP(B)=TRUE.
RP(B): Rightmost lhs=y, Rightmost rhs=x. RP(B)=FALSE.
SET(B): {x, y} vs {x, z, w}. SET(B)=FALSE.
XOR(B): x: 1(odd) vs 2(even). XOR(B)=FALSE.
AB(B): x: 1 vs 2. AB(B)=FALSE.
imb(B): |1-2| + |1-0| + |0-1| + |0-1| = 1 + 1 + 1 + 1 = 4.

STEP 2: SEPARATOR TESTS
LP(A)=F, LP(B)=T. (No mismatch)
RP(A)=F, RP(B)=F. (No mismatch)
SET(A)=F, SET(B)=F. (No mismatch)
XOR(A)=F, XOR(B)=F. (No mismatch)
AB(A)=F, AB(B)=F. (No mismatch)

STEP 2B: AFFINE PROBES
P1: $u*v = v + 1 \pmod 3$
A.lhs: $x*x = x+1$
A.rhs: $((y*z)*w)*u = (z+1)*w)*u = (w+1)*u = u+1$
For A to hold: $x+1 = u+1 \implies x=u$ for all $x, u$. This is not an identity. Probe P1 is not valid for A.

P2: $u*v = u + 1 \pmod 3$
A.lhs: $x*x = x+1$
A.rhs: $((y*z)*w)*u = (y+1)*w)*u = (y+1)+1)*u = (y+2)+1 = y+3 = y$
For A to hold: $x+1 = y$. Not an identity. Probe P2 is not valid for A.

P3: $u*v = u + v \pmod 3$
A.lhs: $x+x = 2x$
A.rhs: $y+z+w+u$
For A to hold: $2x = y+z+w+u$. Not an identity. Probe P3 is not valid for A.

P4: $u*v = u - v \pmod 3$
A.lhs: $x-x = 0$
A.rhs: $((y-z)-w)-u = y-z-w-u$
For A to hold: $0 = y-z-w-u$. Not an identity. Probe P4 is not valid for A.

P5: $u*v = -u - v \pmod 3$
A.lhs: $-x-x = -2x = x$
A.rhs: $-( -( -y-z ) - w ) - u = - ( y+z-w ) - u = -y-z+w-u$
Not an identity. Probe P5 is not valid for A.

P6: $u*v = -u + 2v \pmod 4$
A.lhs: $-x + 2x = x$
A.rhs: $((-y+2z)*w)*u = -(-y+2z)+2w)*u = (y-2z+2w)*u = -(y-2z+2w)+2u = -y+2z-2w+2u$
Not an identity. Probe P6 is not valid for A.

P7: $u*v = u + 2v \pmod 4$
A.lhs: $x + 2x = 3x$
A.rhs: $((y+2z)*w)*u = (y+2z)+2w)*u = (y+2z+2w)+2u$
Not an identity. Probe P7 is not valid for A.

P8: $u*v = 2u + v \pmod 4$
A.lhs: $2x + x = 3x$
A.rhs: $((2y+z)*w)*u = 2(2y+z)+w)*u = (4y+2z+w)*u = 2(2z+w)+u = 4z+2w+u = 2w+u$
Not an identity. Probe P8 is not valid for A.

P9: $u*v = 2u + v + 1 \pmod 4$
A.lhs: $2x + x + 1 = 3x + 1$
A.rhs: $((2y+z+1)*w)*u = 2(2y+z+1)+w+1)*u = (4y+2z+2+w+1)*u = (2z+w+3)*u = 2(2z+w+3)+u+1 = 4z+2w+6+u+1 = 2w+u+7 = 2w+u+3$
Not an identity. Probe P9 is not valid for A.

P10: $u*v = -2u - 2v \pmod 5$
A.lhs: $-2x - 2x = -4x = x$
A.rhs: $((-2y-2z)*w)*u = -2(-2y-2z)-2w)*u = (4y+4z-2w)*u = -2(4y+4z-2w)-2u = -8y-8z+4w-2u = 2y+2z+4w-2u$
Not an identity. Probe P10 is not valid for A.

STEP 3: FALSE GUARDS
FG-1: bare(A)=F. (Does not fire)
FG-2: bare(A)=F. (Does not fire)
FG-3: bare(A)=F. vars(A)=5. bare(B)=F. vars(B)=4. size(B)=6, size(A)=6.
Check: vars(B) < vars(A) (4 < 5) ✓. size(B) = size(A) (6 = 6) ✓.
FG-3 fires.

PROOF: 
COUNTEREXAMPLE: 
Let the magma be defined by $x * y = c$ (constant). Then A is $c = c$ (True) and B is $c = c$ (True).
However, the protocol FG-3 indicates a structural failure. Let's test a specific counterexample:
Let $x * y = 0$ for all $x, y$. Then $x*x=0$ and $((y*z)*w)*u=0$. A holds.
Then $x*y=0$ and $((x*z)*w)*x=0$. B holds.
Wait, FG-3 is a ""False Guard"", meaning if it fires, the implication is FALSE.
Let's find a magma where $x*x = ((y*z)*w)*u$ but $x*y \neq ((x*z)*w)*x$.
Let $x*y = 1$ if $x=y$ and $x*y = 0$ if $x \neq y$.
A: $x*x = 1$. $((y*z)*w)*u$: if $y \neq z$, $y*z=0$. Then $0*w=0$ (if $w \neq 0$), then $0*u=0$.
This doesn't work.
Let $x*y = 0$ for all $x, y$ except $x*x = 0$. This is just the zero magma.
Consider the magma where $x*y = 0$ for all $x, y$. Then A and B both hold.
Consider the magma where $x*y = k$ (constant). Then A and B both hold.
The guard FG-3 suggests that because A is ""too general"" (5 variables, no constraints on the right side other than the result of the operation), it cannot force the specific structure of B.
Specifically, A implies that for any $x, y, z, w, u$, $x*x$ is always equal to the same constant $C = ((y*z)*w)*u$.
This means $x*x = C$ for all $x$, and any product of the form $((y*z)*w)*u$ equals $C$.
In B: $x*y = ((x*z)*w)*x$.
The right side of B is a product of the form $(P*Q)*R$, which is not necessarily $C$ (A only specifies the form $((y*z)*w)*u$).
If we define $x*y = 0$ for all $x, y$, then $x*x=0$ and $((y*z)*w)*u=0$. A holds.
But if we define $x*y = 0$ except for a specific case, we can break B.
Let $S = \{0, 1, 2\}$. Define $x*y = 0$ for all $x, y$.
Then $x*x = 0$ and $((y*z)*w)*u = 0$. A holds.
B: $x*y = 0$ and $((x*z)*w)*x = 0$. B holds.
Wait, if $x*y = 0$ for all $x, y$, then any equation holds.
Let's use the property $x*x = C$ and $((y*z)*w)*u = C$.
Define $x*y = 0$ for all $x, y$. This satisfies A.
To make B fail, we need $x*y \neq ((x*z)*w)*x$.
But if $x*y = 0$, then $0 \neq 0$ is impossible.
Let's try $x*y = 1$ for all $x, y$. Same problem.
Let's try: $x*y = 0$ if $x$ or $y$ is $0$, and $x*y = 1$ otherwise.
A: $x*x = 1$ (if $x \neq 0$) or $0$ (if $x=0$).
$((y*z)*w)*u$: if any are $0$, it's $0$. If all are non-zero, $y*z=1$, $1*w=1$, $1*u=1$.
So A is $x*x = 1$ (for $x \neq 0$) and $1 = 1$ (for $y,z,w,u \neq 0$).
But if $x=0$, $x*x=0$, while the RHS could be $1$. So A does not hold.
Actually, the protocol is a formal system. FG-3 firing is a sufficient condition for FALSE.

VERDICT: FALSE"
hard2_0167,x = (x * ((y * x) * y)) * y,x * y = x * ((y * x) * z),False,True,"REASONING:
STEP 0: BARE CHECK
A: x = (x * ((y * x) * y)) * y
Left side: x (single variable) -> YES.
Right side: (x * ((y * x) * y)) * y (contains *) -> NO.
bare(A) = TRUE.
Lone variable x is on the LEFT. Product side is (x * ((y * x) * y)) * y.

PART A: PROJECTION
Product side root factors: Left = (x * ((y * x) * y)), Right = y.
Left factor contains *, so no projection applies. Go to PART B.

STEP 0B: BARE-SOURCE MOTIFS
PART B: MOTIF FEATURES (Product side: (x * ((y * x) * y)) * y)
rhsVars: {x, y} -> 2
rhsTotals: x appears 2 times, y appears 3 times -> ""23""
Lx: Leftmost leaf is x -> YES (Lx=T)
Rx: Rightmost leaf is y -> NO (Rx=F)
topShape: Root left = (x * ((y * x) * y)) (has *), root right = y (no *) -> m-v
xTop: x is in the left child -> left
square: No subterm of form u*u. -> square=F

PART C: MOTIF TABLE
M1: rhsVars=4 (No)
M2: rhsTotals=113 (No)
M3: Lx=F (No)
M4: rhsTotals=112 (No)
M5: rhsTotals=1112 (No)
M6: rhsVars=3 (No)
M7: Lx=F (No)
M8: rhsTotals=122 (No)
M9: rhsTotals=122 (No)
M10: rhsTotals=1112 (No)
No motif fires.

PART D: EXTENDED BARE RULES
ER-2b: rhsVars≥4 (No)
No rule fires. Go to STEP 1.

STEP 1: FEATURES
A: x = (x * ((y * x) * y)) * y
size(A): 1 (lhs) + 5 (rhs) = 6
vars(A): {x, y} -> 2
bare(A): TRUE
LP(A): Leftmost lhs=x, Rightmost rhs=y. (No)
RP(A): Rightmost lhs=x, Rightmost rhs=y. (No)
SET(A): {x} vs {x, y}. (No)
XOR(A): x: 1 vs 2 (diff), y: 0 vs 3 (diff). (No)
AB(A): x: 1 vs 2, y: 0 vs 3. (No)
imb(A): |1-2| + |0-3| = 1 + 3 = 4

B: x * y = x * ((y * x) * z)
size(B): 2 (lhs) + 4 (rhs) = 6
vars(B): {x, y, z} -> 3
bare(B): FALSE
LP(B): Leftmost lhs=x, Rightmost rhs=z. (No)
RP(B): Rightmost lhs=y, Rightmost rhs=z. (No)
SET(B): {x, y} vs {x, y, z}. (No)
XOR(B): x: 1 vs 1 (same), y: 1 vs 1 (same), z: 0 vs 1 (diff). (No)
AB(B): x: 1 vs 1, y: 1 vs 1, z: 0 vs 1. (No)
imb(B): |1-1| + |1-1| + |0-1| = 1

STEP 2: SEPARATOR TESTS
LP(A)=F, LP(B)=F (Pass)
RP(A)=F, RP(B)=F (Pass)
SET(A)=F, SET(B)=F (Pass)
XOR(A)=F, XOR(B)=F (Pass)
AB(A)=F, AB(B)=F (Pass)

STEP 2B: AFFINE PROBES
P1: u*v = v + 1 (mod 3)
A.lhs: x
A.rhs: ((x * ((y * x) * y)) * y) = (y + 1) + 1 = y + 2.
x = y + 2 is not an identity. Probe P1 is not valid for A.

P2: u*v = u + 1 (mod 3)
A.lhs: x
A.rhs: ((x * ((y * x) * y)) * y) = (x * ((y * x) * y)) + 1 = (x + 1) + 1 = x + 2.
x = x + 2 is not an identity. Probe P2 is not valid for A.

P3: u*v = u + v (mod 3)
A.lhs: x
A.rhs: (x + (y + (y + x) + y)) + y = x + 3y + x + y = 2x + 4y = 2x + y.
x = 2x + y is not an identity. Probe P3 is not valid for A.

P4: u*v = u - v (mod 3)
A.lhs: x
A.rhs: (x - ((y - (y - x)) - y)) - y = (x - (x - y)) - y = y - y = 0.
x = 0 is not an identity. Probe P4 is not valid for A.

P5: u*v = -u - v (mod 3)
A.lhs: x
A.rhs: - (x * ((y * x) * y)) - y = - (- (x * ((y * x) * y)) - y) - y = (x * ((y * x) * y)).
Let's re-evaluate A.rhs:
T1 = (y * x) = -y - x
T2 = (T1 * y) = -(-y - x) - y = y + x - y = x
T3 = (x * T2) = -x - x = -2x = x
A.rhs = (T3 * y) = -x - y.
x = -x - y is not an identity. Probe P5 is not valid for A.

P6: u*v = -u + 2v (mod 4)
A.lhs: x
A.rhs:
T1 = (y * x) = -y + 2x
T2 = (T1 * y) = -(-y + 2x) + 2y = y - 2x + 2y = 3y - 2x = 3y + 2x
T3 = (x * T2) = -x + 2(3y + 2x) = -x + 6y + 4x = 3x + 2y
A.rhs = (T3 * y) = -(3x + 2y) + 2y = -3x - 2y + 2y = -3x = x.
A.lhs = x, A.rhs = x. Probe P6 is valid for A.
Now evaluate B:
B.lhs: x * y = -x + 2y
B.rhs: x * ((y * x) * z) = -x + 2((y * x) * z) = -x + 2(- (y * x) + 2z) = -x - 2(y * x) + 4z = -x - 2(-y + 2x) = -x + 2y - 4x = -5x + 2y = 3x + 2y.
B.lhs = -x + 2y, B.rhs = 3x + 2y.
-x + 2y = 3x + 2y mod 4 => -x = 3x mod 4 => 4x = 0 mod 4.
This holds for all x. B.lhs = B.rhs. Probe P6 does not refute B.

P7: u*v = u + 2v (mod 4)
A.lhs: x
A.rhs:
T1 = (y * x) = y + 2x
T2 = (T1 * y) = (y + 2x) + 2y = 3y + 2x
T3 = (x * T2) = x + 2(3y + 2x) = x + 6y + 4x = x + 2y
A.rhs = (T3 * y) = (x + 2y) + 2y = x + 4y = x.
A.lhs = x, A.rhs = x. Probe P7 is valid for A.
Now evaluate B:
B.lhs: x * y = x + 2y
B.rhs: x * ((y * x) * z) = x + 2((y * x) * z) = x + 2((y + 2x) + 2z) = x + 2y + 4x + 4z = x + 2y.
B.lhs = x + 2y, B.rhs = x + 2y.
B.lhs = B.rhs. Probe P7 does not refute B.

P8: u*v = 2u + v (mod 4)
A.lhs: x
A.rhs:
T1 = (y * x) = 2y + x
T2 = (T1 * y) = 2(2y + x) + y = 4y + 2x + y = 2x + y
T3 = (x * T2) = 2x + (2x + y) = 4x + y = y
A.rhs = (T3 * y) = 2y + y = 3y.
x = 3y is not an identity. Probe P8 is not valid for A.

P9: u*v = 2u + v + 1 (mod 4)
A.lhs: x
A.rhs:
T1 = (y * x) = 2y + x + 1
T2 = (T1 * y) = 2(2y + x + 1) + y + 1 = 4y + 2x + 2 + y + 1 = 2x + y + 3
T3 = (x * T2) = 2x + (2x + y + 3) + 1 = 4x + y + 4 = y
A.rhs = (T3 * y) = 2y + y + 1 = 3y + 1.
x = 3y + 1 is not an identity. Probe P9 is not valid for A.

P10: u*v = -2u - 2v (mod 5)
A.lhs: x
A.rhs:
T1 = (y * x) = -2y - 2x
T2 = (T1 * y) = -2(-2y - 2x) - 2y = 4y + 4x - 2y = 2y + 4x
T3 = (x * T2) = -2x - 2(2y + 4x) = -2x - 4y - 8x = -10x - 4y = -4y = y
A.rhs = (T3 * y) = -2y - 2y = -4y = y.
x = y is not an identity. Probe P10 is not valid for A.

STEP 3: FALSE GUARDS
FG-1: bare(A)=T, bare(B)=F, size(A)=6, size(B)=6, vars(B)=3, vars(A)=2. (vars(B) < vars(A) is False).
FG-2: bare(A)=T, vars(A)=2, bare(B)=F, vars(B)=3, size(B)=6, size(A)=6.
Check: bare(A)=T (Yes), vars(A)=2 (Yes), bare(B)=F (Yes), vars(B)>vars(A) (3>2 Yes), size(B)≥size(A) (6≥6 Yes).
FG-2 fires.

VERDICT: FALSE

PROOF: 

COUNTEREXAMPLE: 
A magma where x = (x * ((y * x) * y)) * y holds but x * y = x * ((y * x) * z) does not.
The probe P7 (u*v = u + 2v mod 4) showed that both A and B hold under that specific linear model, but FG-2 is a structural guard indicating that the constraints of A are not sufficient to force the structure of B. Specifically, A is a ""bare"" equation in 2 variables, while B introduces a third variable z in a position that is not constrained by the identity A.

VERDICT: FALSE"
hard2_0168,x * y = y * (z * (y * x)),x * (y * y) = (y * z) * x,True,True,"REASONING:
STEP 0: BARE CHECK
Equation A: x * y = y * (z * (y * x))
Left side: x * y (contains *)
Right side: y * (z * (y * x)) (contains *)
bare(A) = FALSE.

CPLEMMA:
Rename A vars by first appearance: x, y, z.
(i) Left = x * y (two distinct vars) ✓
(ii) Right root = U * V where U = y, V = (z * (y * x)).
Is x absent from U? YES (U=y).
Is x present in V? YES (V contains x).
CPLEMMA fires.

Collapse B:
Equation B: x * (y * y) = (y * z) * x
Every product → c, lone var stays.
Left side: x * (y * y) → c
Right side: (y * z) * x → c
Both sides are the same symbol 'c'.
Result: TRUE.

PROOF: The equation x * y = y * (z * (y * x)) implies that the magma operation is constant (i.e., a * b = c for all a, b). In any constant magma, any product equals any other product, so x * (y * y) = (y * z) * x holds.

COUNTEREXAMPLE: 

VERDICT: TRUE"
hard2_0169,x = (y * (y * (x * y))) * y,x = (x * ((x * x) * x)) * x,False,True,"REASONING:
STEP 0: BARE CHECK
Equation A: x = (y * (y * (x * y))) * y
Left side: x (single variable) -> YES
Right side: (y * (y * (x * y))) * y (contains *) -> NO
bare(A) = TRUE.
Lone variable x is on the LEFT. Product side is the RHS: (y * (y * (x * y))) * y.

PART A: PROJECTION
Root factors of RHS: Left = (y * (y * (x * y))), Right = y.
The left root factor contains *, so no projection applies. Go to PART B.

STEP 0B: BARE-SOURCE MOTIFS
PART B: MOTIF FEATURES (Product side: (y * (y * (x * y))) * y)
rhsVars: {x, y} -> 2
rhsTotals: x:1, y:4 -> ""14""
Lx: Leftmost leaf is y -> FALSE
Rx: Rightmost leaf is y -> FALSE (Wait, Rx is ""rightmost leaf = x?"". Rightmost leaf is y, so Rx=F)
topShape: Root is (m * v) where m=(y * (y * (x * y))) and v=y -> m-v
xTop: x is in the left child (y * (y * (x * y))) -> left
square: Is there any u*u? No. (y*y is not present; it is y*(y*(...))) -> FALSE

PART C: MOTIF TABLE
M1: rhsVars=4 (No, 2)
M2: rhsTotals=113 (No, 14)
M3: Lx=F (T), xTop=left (T), square=T (F) -> No
M4: rhsTotals=112 (No, 14)
M5: rhsTotals=1112 (No, 14)
M6: rhsVars=3 (No, 2)
M7: rhsVars=3 (No, 2)
M8: rhsTotals=122 (No, 14)
M9: rhsTotals=122 (No, 14)
M10: rhsTotals=1112 (No, 14)
No motif fires.

PART D: EXTENDED BARE RULES
ER-2b: rhsVars>=4 (No, 2)
No rule fires. Go to STEP 1.

STEP 1: FEATURES
A: x = (y * (y * (x * y))) * y
size(A): 1 + 5 = 6
vars(A): 2 {x, y}
bare(A): TRUE
LP(A): Leftmost A.lhs=x, A.rhs=y -> FALSE
RP(A): Rightmost A.lhs=x, A.rhs=y -> FALSE
SET(A): {x} vs {x, y} -> FALSE
XOR(A): x: 1 vs 1 (even/odd: O vs O), y: 0 vs 4 (E vs E) -> TRUE
AB(A): x: 1 vs 1, y: 0 vs 4 -> FALSE
imb(A): |1-1| + |0-4| = 4

B: x = (x * ((x * x) * x)) * x
size(B): 1 + 5 = 6
vars(B): 1 {x}
bare(B): TRUE
LP(B): Leftmost B.lhs=x, B.rhs=x -> TRUE
RP(B): Rightmost B.lhs=x, B.rhs=x -> TRUE
SET(B): {x} vs {x} -> TRUE
XOR(B): x: 1 vs 5 (O vs O) -> TRUE
AB(B): x: 1 vs 5 -> FALSE
imb(B): |1-5| = 4

STEP 2: SEPARATOR TESTS
LP(A)=F, LP(B)=T. (No mismatch: LP(A)=T and LP(B)=F is the trigger)
RP(A)=F, RP(B)=T. (No mismatch)
SET(A)=F, SET(B)=T. (No mismatch)
XOR(A)=T, XOR(B)=T. (No mismatch)
AB(A)=F, AB(B)=F. (No mismatch)

STEP 2B: AFFINE PROBES
P1: u*v = v + 1 (mod 3)
A.lhs: x
A.rhs: (y * (y * (x * y))) * y = (y * (x * y + 1)) + 1 = (x * y + 1 + 1) + 1 = x * y + 3 = x * y = y + 1 + 0 = y + 1.
x = y + 1. Not valid for all x, y. Probe P1 does not validate A.

P2: u*v = u + 1 (mod 3)
A.lhs: x
A.rhs: (y * (y * (x * y))) * y = (y * (y * (x + 1))) + 1 = (y * (y + 1)) + 1 = (y + 1) + 1 = y + 2.
x = y + 2. Not valid.

P3: u*v = u + v (mod 3)
A.lhs: x
A.rhs: (y * (y * (x * y))) * y = (y + (y + (x + y))) + y = 3y + x = x (mod 3).
A.lhs = A.rhs. Probe P3 validates A.
Check B:
B.lhs: x
B.rhs: (x * ((x * x) * x)) * x = (x + ((x + x) + x)) + x = 5x = 2x (mod 3).
x = 2x implies x = 0. Not valid for all x.
B fails under P3. Result: FALSE.

PROOF: 
COUNTEREXAMPLE: Let the magma be the integers modulo 3 with operation u * v = u + v (mod 3). 
Equation A: x = (y + (y + (x + y))) + y = x + 4y = x + y (mod 3). 
Wait, let me re-calculate A.rhs for P3:
A.rhs = (y * (y * (x * y))) * y
= (y + (y + (x + y))) + y
= x + 4y = x + y (mod 3).
For A to hold, x = x + y must hold for all x, y, which means y = 0. This probe does not validate A.

Let's re-evaluate P3:
A.lhs = x
A.rhs = (y * (y * (x * y))) * y
If u*v = u+v, then A.rhs = y + (y + (x + y)) + y = x + 4y.
x = x + 4y mod 3 => 4y = 0 mod 3 => y = 0 mod 3.
Since this must hold for all y, P3 does not validate A.

Let's try P4: u*v = u - v (mod 3)
A.lhs = x
A.rhs = (y * (y * (x * y))) * y
= (y - (y - (x - y))) - y
= (y - (y - x + y)) - y
= (y - 2y + x) - y = x - 2y = x + y (mod 3).
Not valid for all y.

Let's try P5: u*v = -u - v (mod 3)
A.lhs = x
A.rhs = (y * (y * (x * y))) * y
= - (y * (y * (x * y))) - y
= - (-y - (y * (x * y))) - y
= y + (y * (x * y)) - y = y * (x * y)
= -y - (x * y) = -y - (-x - y) = -y + x + y = x.
A.lhs = A.rhs. Probe P5 validates A.
Check B:
B.lhs = x
B.rhs = (x * ((x * x) * x)) * x
= - (x * ((x * x) * x)) - x
= - (-x - ((x * x) * x)) - x
= x + ((x * x) * x) - x = (x * x) * x
= - (x * x) - x
= - (-x - x) - x = 2x - x = x.
B.lhs = B.rhs. Probe P5 validates B.

Let's try P6: u*v = -u + 2v (mod 4)
A.lhs = x
A.rhs = (y * (y * (x * y))) * y
= - (y * (y * (x * y))) + 2y
= - (-y + 2(y * (x * y))) + 2y
= y - 2(y * (x * y)) + 2y = 3y - 2(-y + 2(x * y))
= 3y + 2y - 4(x * y) = 5y = y (mod 4).
Not valid.

Let's try P7: u*v = u + 2v (mod 4)
A.lhs = x
A.rhs = (y * (y * (x * y))) * y
= (y * (y * (x * y))) + 2y
= (y + 2(y * (x * y))) + 2y = 3y + 2(y + 2(x * y))
= 3y + 2y + 4(x * y) = 5y = y (mod 4).
Not valid.

Let's try P8: u*v = 2u + v (mod 4)
A.lhs = x
A.rhs = (y * (y * (x * y))) * y
= 2(y * (y * (x * y))) + y
= 2(2y + (y * (x * y))) + y = 4y + 2(y * (x * y)) + y = y + 2(2y + (x * y))
= y + 4y + 2(x * y) = y + 2(2x + y) = y + 4x + 2y = 3y (mod 4).
Not valid.

Let's try P10: u*v = -2u - 2v (mod 5)
A.lhs = x
A.rhs = (y * (y * (x * y))) * y
= -2(y * (y * (x * y))) - 2y
= -2(-2y - 2(y * (x * y))) - 2y
= 4y + 4(y * (x * y)) - 2y = 2y + 4(-2y - 2(x * y))
= 2y - 8y - 8(x * y) = -6y - 8(-2x - 2y)
= 4y + 16x + 16y = 20y + 16x = x (mod 5).
A.lhs = A.rhs. Probe P10 validates A.
Check B:
B.lhs = x
B.rhs = (x * ((x * x) * x)) * x
= -2(x * ((x * x) * x)) - 2x
= -2(-2x - 2((x * x) * x)) - 2x
= 4x + 4((x * x) * x) - 2x = 2x + 4((x * x) * x)
= 2x + 4(-2(x * x) - 2x)
= 2x - 8(x * x) - 8x = -6x - 8(-2x - 2x)
= 4x - 8(-4x) = 4x + 32x = 36x = x (mod 5).
B.lhs = B.rhs. Probe P10 validates B.

Since no probe refutes B, we proceed to STEP 3.

STEP 3: FALSE GUARDS
FG-1: bare(A)=T (T), bare(B)=F (F) -> No
FG-2: bare(A)=T (T), vars(A)=2 (T), bare(B)=F (F) -> No
FG-3: bare(A)=F (F) -> No
FG-4: bare(A)=F (F) -> No

STEP 4: STRUCTURAL RULES
TR-1: bare(A)=T (T), vA=2 (No, vA is # distinct vars in A = 2), vB=1 (No)
Wait, vA and vB in TR rules usually refer to vars(A) and vars(B).
vars(A)=2, vars(B)=1.
TR-1: vA>=4 (No)
TR-2: bare(A)=T (T), RP(A)=F (T), XOR(A)=T (T), vB=2 (No, vB=1)
TR-3: vA=3 (No)
FR-2: sB < sA (6 < 6 is False)
TR-4: bare(A)=T (T), vA>=3 (No, vA=2)
TR-5: bare(A)=T (T), bare(B)=T (T), vA>=3 (No)
FR-1: vB=vA (1=2 is False)
ER-3: bare(A)=T (T), rhsVars>=5 (No, 2)
ER-2: bare(A)=T (T), rhsVars>=4 (No, 2)

STEP 5: EXTENDED RULES
ER-1: every var in A same total count both sides?
A: x=1, y=0 vs x=1, y=4. No.
ER-4: none fired -> FALSE.

VERDICT: FALSE"
hard2_0170,x * y = (y * (x * z)) * w,x * x = (y * (z * y)) * z,True,False,"REASONING:
STEP 0: BARE CHECK
Equation A: $x * y = (y * (x * z)) * w$
Left side: $x * y$ (contains $*$)
Right side: $(y * (x * z)) * w$ (contains $*$)
bare(A) = FALSE.

CPLEMMA:
Rename A vars by first appearance: $x, y, z, w$.
(i) Left side is $x * y$ (two distinct vars). ✓
(ii) Right root is $U * V$ where $U = (y * (x * z))$ and $V = w$.
Is $x$ absent from $U$? No, $x$ is present in $U$.
CPLEMMA does not fire.

CPLEMMA-B:
$x$ is the first variable.
(i) Left root is $x * E$ where $E = y$. $y$ contains no $x$. ✓
(ii) Is $x$ absent from the right side $(y * (x * z)) * w$? No, $x$ is present.
CPLEMMA-B does not fire.

CPLEMMA-C:
$x$ is first, $y$ is second.
(i) Left side is $x * y$ (two distinct single vars). ✓
(ii) Is $y$ absent from the right side $(y * (x * z)) * w$? No, $y$ is present.
CPLEMMA-C does not fire.

STEP 1: FEATURES
A: $x * y = (y * (x * z)) * w$
size(A): $2 + 4 = 6$
vars(A): 4 $\{x, y, z, w\}$
bare(A): FALSE
LP(A): Leftmost A.lhs = $x$, A.rhs = $y$. $x \neq y \rightarrow$ FALSE.
RP(A): Rightmost A.lhs = $y$, A.rhs = $w$. $y \neq w \rightarrow$ FALSE.
SET(A): $\{x, y\} \neq \{x, y, z, w\} \rightarrow$ FALSE.
XOR(A): $x: 1$ vs $1$ (same), $y: 1$ vs $1$ (same), $z: 0$ vs $1$ (diff), $w: 0$ vs $1$ (diff). $\rightarrow$ FALSE.
AB(A): $x: 1$ vs $1$, $y: 1$ vs $1$, $z: 0$ vs $1$, $w: 0$ vs $1$. $\rightarrow$ FALSE.
imb(A): $|1-1| + |1-1| + |0-1| + |0-1| = 2$.

B: $x * x = (y * (z * y)) * z$
size(B): $2 + 4 = 6$
vars(B): 3 $\{x, y, z\}$
bare(B): FALSE
LP(B): Leftmost B.lhs = $x$, B.rhs = $y$. $x \neq y \rightarrow$ FALSE.
RP(B): Rightmost B.lhs = $x$, B.rhs = $z$. $x \neq z \rightarrow$ FALSE.
SET(B): $\{x\} \neq \{y, z\} \rightarrow$ FALSE.
XOR(B): $x: 2$ vs $0$ (same parity), $y: 0$ vs $2$ (same parity), $z: 0$ vs $2$ (same parity). $\rightarrow$ TRUE.
AB(B): $x: 2$ vs $0 \rightarrow$ FALSE.
imb(B): $|2-0| + |0-2| + |0-2| = 6$.

STEP 2: SEPARATOR TESTS
LP(A)=F, LP(B)=F. (No mismatch)
RP(A)=F, RP(B)=F. (No mismatch)
SET(A)=F, SET(B)=F. (No mismatch)
XOR(A)=F, XOR(B)=T. (No mismatch: only if XOR(A)=T and XOR(B)=F)
AB(A)=F, AB(B)=F. (No mismatch)

STEP 2B: AFFINE PROBES
P1: $u*v = v + 1 \pmod 3$
A.lhs: $y + 1$
A.rhs: $((x*z)+1)+1 = (z+1+1)+1 = z+3 = z \pmod 3$
$y+1 = z$ is not an identity. Probe P1 is not valid for A.

P2: $u*v = u + 1 \pmod 3$
A.lhs: $x + 1$
A.rhs: $(y*(x*z)) + 1 = (y+1)+1 = y+2 \pmod 3$
$x+1 = y+2$ is not an identity. Probe P2 is not valid for A.

P3: $u*v = u + v \pmod 3$
A.lhs: $x + y$
A.rhs: $(y + (x + z)) + w = x + y + z + w \pmod 3$
$x+y = x+y+z+w \rightarrow z+w=0$. Not an identity. Probe P3 is not valid for A.

P4: $u*v = u - v \pmod 3$
A.lhs: $x - y$
A.rhs: $(y - (x - z)) - w = y - x + z - w \pmod 3$
$x-y = y-x+z-w \rightarrow 2x - 2y - z + w = 0$. Not an identity. Probe P4 is not valid for A.

P5: $u*v = -u - v \pmod 3$
A.lhs: $-x - y$
A.rhs: $-(y * (x * z)) - w = -(-y - (x * z)) - w = y + (-x - z) - w = y - x - z - w \pmod 3$
$-x - y = y - x - z - w \rightarrow 2y - z - w = 0$. Not an identity. Probe P5 is not valid for A.

P6: $u*v = -u + 2v \pmod 4$
A.lhs: $-x + 2y$
A.rhs: $-(y * (x * z)) + 2w = -(-y + 2(x * z)) + 2w = y - 2(-x + 2z) + 2w = y + 2x - 4z + 2w = 2x + y + 2w \pmod 4$
$-x + 2y = 2x + y + 2w \rightarrow 3x - y + 2w = 0$. Not an identity. Probe P6 is not valid for A.

P7: $u*v = u + 2v \pmod 4$
A.lhs: $x + 2y$
A.rhs: $(y * (x * z)) + 2w = (y + 2(x + 2z)) + 2w = y + 2x + 4z + 2w = 2x + y + 2w \pmod 4$
$x + 2y = 2x + y + 2w \rightarrow x - y + 2w = 0$. Not an identity. Probe P7 is not valid for A.

P8: $u*v = 2u + v \pmod 4$
A.lhs: $2x + y$
A.rhs: $2(y * (x * z)) + w = 2(2y + (2x + z)) + w = 4y + 4x + 2z + w = 2z + w \pmod 4$
$2x + y = 2z + w$. Not an identity. Probe P8 is not valid for A.

P9: $u*v = 2u + v + 1 \pmod 4$
A.lhs: $2x + y + 1$
A.rhs: $2(y * (x * z)) + w + 1 = 2(2y + (2x + z + 1) + 1) + w + 1 = 4y + 4x + 2z + 4 + w + 1 = 2z + w + 1 \pmod 4$
$2x + y + 1 = 2z + w + 1 \rightarrow 2x + y = 2z + w$. Not an identity. Probe P9 is not valid for A.

P10: $u*v = -2u - 2v \pmod 5$
A.lhs: $-2x - 2y$
A.rhs: $-2(y * (x * z)) - 2w = -2(-2y - 2(x * z)) - 2w = 4y + 4(-2x - 2z) - 2w = 4y - 8x - 8z - 2w = 2x + 4y + 2z + 3w \pmod 5$
$-2x - 2y = 2x + 4y + 2z + 3w \rightarrow 4x + 6y + 2z + 3w = 0 \rightarrow 4x + y + 2z + 3w = 0$. Not an identity. Probe P10 is not valid for A.

STEP 3: FALSE GUARDS
FG-1: bare(A)=F. (Does not fire)
FG-2: bare(A)=F. (Does not fire)
FG-3: bare(A)=F. vars(A)=4. (Requires vars(A) $\ge 5$). (Does not fire)
FG-4: bare(A)=F. bare(B)=F. size(B)=6, size(A)=6. vars(B)=3, vars(A)=4.
Condition: vars(B) $\le$ vars(A) - 2 $\rightarrow 3 \le 4 - 2 \rightarrow 3 \le 2$. (FALSE). (Does not fire)

STEP 4: STRUCTURAL RULES
TR-1: bare(A)=F. (Does not fire)
TR-2: bare(A)=F. (Does not fire)
TR-3: vA=4 (not 3). (Does not fire)
FR-2: sB=6, sA=6. $6 < 6$ is FALSE. (Does not fire)
TR-4: bare(A)=F. (Does not fire)
TR-5: bare(A)=F. (Does not fire)
FR-1: vB=3, vA=4. $3 = 4$ is FALSE. (Does not fire)
ER-3: bare(A)=F. (Does not fire)
ER-2: bare(A)=F. (Does not fire)

STEP 5: EXTENDED RULES
ER-1: Var counts in A: lhs $\{x:1, y:1\}$, rhs $\{x:1, y:1, z:1, w:1\}$. Not same total count. (Does not fire)
ER-4: No rules fired. $\rightarrow$ FALSE.

PROOF: 
COUNTEREXAMPLE: 
VERDICT: FALSE"
hard2_0171,x = y * ((x * (x * y)) * y),x * y = (x * (z * z)) * w,False,True,"REASONING:
STEP 0: BARE CHECK
Equation A: x = y * ((x * (x * y)) * y)
Left side: x (single variable) -> YES.
Right side: y * ((x * (x * y)) * y) (contains *) -> NO.
bare(A) = TRUE.
Lone variable x is on the LEFT. Product side is the right side.

PART A: PROJECTION
Right side root factors: Left = y, Right = ((x * (x * y)) * y).
The right factor contains *, so no projection applies. Go to PART B.

STEP 0B: BARE-SOURCE MOTIFS
PART B: MOTIF FEATURES (Product side: y * ((x * (x * y)) * y))
rhsVars: {x, y} -> 2
rhsTotals: x appears 2 times, y appears 3 times -> ""23""
Lx: Leftmost leaf is y. Lx = FALSE.
Rx: Rightmost leaf is y. Rx = FALSE.
topShape: Left child is y (variable), Right child is ((x * (x * y)) * y) (magma). topShape = v-m.
xTop: x is only in the right child. xTop = right.
square: No subterm of form u*u. square = FALSE.

PART C: MOTIF TABLE
M1: rhsVars=4 (No, 2)
M2: rhsTotals=113 (No, 23)
M3: Lx=F (Yes), xTop=left (No, right)
M4: rhsTotals=112 (No, 23)
M5: rhsTotals=1112 (No, 23)
M6: rhsVars=3 (No, 2)
M7: rhsVars=3 (No, 2)
M8: rhsTotals=122 (No, 23)
M9: rhsTotals=122 (No, 23)
M10: rhsTotals=1112 (No, 23)
No motif fires.

PART D: EXTENDED BARE RULES
ER-2b: rhsVars≥4 (No, 2)
No rule fires. Go to STEP 1.

STEP 1: FEATURES
A: x = y * ((x * (x * y)) * y)
size(A): 1 + 5 = 6
vars(A): 2 {x, y}
bare(A): TRUE
LP(A): Leftmost A.lhs=x, A.rhs=y. LP(A)=FALSE.
RP(A): Rightmost A.lhs=x, A.rhs=y. RP(A)=FALSE.
SET(A): {x} vs {x, y}. SET(A)=FALSE.
XOR(A): x: 1 vs 2 (diff), y: 0 vs 3 (diff). XOR(A)=FALSE.
AB(A): x: 1 vs 2, y: 0 vs 3. AB(A)=FALSE.
imb(A): |1-2| + |0-3| = 1 + 3 = 4.

B: x * y = (x * (z * z)) * w
size(B): 2 + 5 = 7
vars(B): 4 {x, y, z, w}
bare(B): FALSE
LP(B): Leftmost B.lhs=x, B.rhs=x. LP(B)=TRUE.
RP(B): Rightmost B.lhs=y, B.rhs=w. RP(B)=FALSE.
SET(B): {x, y} vs {x, z, w}. SET(B)=FALSE.
XOR(B): x: 1 vs 1 (same), y: 1 vs 0 (diff), z: 0 vs 2 (same), w: 0 vs 1 (diff). XOR(B)=FALSE.
AB(B): x: 1 vs 1, y: 1 vs 0, z: 0 vs 2, w: 0 vs 1. AB(B)=FALSE.
imb(B): |1-1| + |1-0| + |0-2| + |0-1| = 0 + 1 + 2 + 1 = 4.

STEP 2: SEPARATOR TESTS
LP(A)=F, LP(B)=T. (No mismatch)
RP(A)=F, RP(B)=F. (No mismatch)
SET(A)=F, SET(B)=F. (No mismatch)
XOR(A)=F, XOR(B)=F. (No mismatch)
AB(A)=F, AB(B)=F. (No mismatch)

STEP 2B: AFFINE PROBES
P1: u*v = v + 1 (mod 3)
A.lhs: x
A.rhs: ((x * (x * y)) * y) + 1 = ( ( (x*y)+1 + 1 ) + 1 ) + 1 = ( (y+1+1+1)+1 ) + 1 = y+2.
x = y+2 (mod 3). Not valid for all x, y. Probe P1 fails.

P2: u*v = u + 1 (mod 3)
A.lhs: x
A.rhs: y + 1.
x = y+1 (mod 3). Not valid. Probe P2 fails.

P3: u*v = u + v (mod 3)
A.lhs: x
A.rhs: y + (x + (x + y) + y) = 2x + 3y = 2x (mod 3).
x = 2x (mod 3) => x = 0. Not valid for all x. Probe P3 fails.

P4: u*v = u - v (mod 3)
A.lhs: x
A.rhs: y - ((x - (x - y)) - y) = y - (y - y) = y.
x = y (mod 3). Not valid. Probe P4 fails.

P5: u*v = -u - v (mod 3)
A.lhs: x
A.rhs: -y - (-(x * (x * y)) - y) = -y + (x * (x * y)) + y = x * (x * y) = -x - (x * y) = -x - (-x - y) = y.
x = y (mod 3). Not valid. Probe P5 fails.

P6: u*v = -u + 2v (mod 4)
A.lhs: x
A.rhs: -y + 2((x * (x * y)) * y) = -y + 2(- (x * (x * y)) + 2y) = -y - 2(x * (x * y)) + 4y = -y - 2(-x + 2(x * y)) = -y + 2x - 4(x * y) = 2x - y (mod 4).
x = 2x - y (mod 4) => x = y. Not valid. Probe P6 fails.

P7: u*v = u + 2v (mod 4)
A.lhs: x
A.rhs: y + 2((x * (x * y)) * y) = y + 2( (x * (x * y)) + 2y ) = y + 2(x * (x * y)) + 4y = y + 2(x + 2(x * y)) = y + 2x + 4(x * y) = 2x + y (mod 4).
x = 2x + y (mod 4) => x = -y. Not valid. Probe P7 fails.

P8: u*v = 2u + v (mod 4)
A.lhs: x
A.rhs: 2y + ((x * (x * y)) * y) = 2y + 2(x * (x * y)) + y = 3y + 2(2x + (x * y)) = 3y + 4x + 2(2x + y) = 3y + 4x + 4x + 2y = 5y = y (mod 4).
x = y (mod 4). Not valid. Probe P8 fails.

P9: u*v = 2u + v + 1 (mod 4)
A.lhs: x
A.rhs: 2y + ((x * (x * y)) * y) + 1 = 2y + [2(x * (x * y)) + y + 1] + 1 = 3y + 2 + 2[2x + (x * y) + 1] = 3y + 2 + 4x + 2(x * y) + 2 = 3y + 2(x * y) = 3y + 2[2x + y + 1] = 3y + 4x + 2y + 2 = 5y + 2 = y + 2 (mod 4).
x = y + 2 (mod 4). Not valid. Probe P9 fails.

P10: u*v = -2u - 2v (mod 5)
A.lhs: x
A.rhs: -2y - 2((x * (x * y)) * y) = -2y - 2[-2(x * (x * y)) - 2y] = -2y + 4(x * (x * y)) + 4y = 2y + 4[-2x - 2(x * y)] = 2y - 8x - 8(x * y) = 2y + 2x - 3(x * y) = 2y + 2x - 3[-2x - 2(x * y)] = 2y + 2x + 6x + 6(x * y) = 2y + 8x + (x * y) = 2y + 3x + [-2x - 2(x * y)] = y + x - 2(x * y) = y + x - 2[-2x - 2(x * y)] = y + x + 4x + 4(x * y) = y + 5x + 4(x * y) = y + 4[-2x - 2(x * y)] = y - 8x - 8(x * y) = y + 2x + 2(x * y) = y + 2x + 2[-2x - 2(x * y)] = y + 2x - 4x - 4(x * y) = y - 2x + (x * y) = y - 2x + [-2x - 2(x * y)] = y - 4x - 2(x * y) = y + x - 2(x * y)...
This is a recursive loop because the probe is linear. Let's solve for the coefficient of x and y.
Let f(x,y) = ax + by + c.
f(x,y) = -2(ax + by + c) - 2(ax + by + c) = -4ax - 4by - 4c = ax + by + c (mod 5).
This implies 5ax + 5by + 5c = 0, which is always true mod 5.
Wait, the probe is u*v = -2u - 2v.
A.rhs = y * ((x * (x * y)) * y)
Let L(x,y) be the value of a term.
L(x) = x, L(y) = y.
L(x*y) = -2x - 2y.
L(x*(x*y)) = -2x - 2(-2x - 2y) = -2x + 4x + 4y = 2x + 4y.
L((x*(x*y))*y) = -2(2x + 4y) - 2y = -4x - 8y - 2y = x - 10y = x (mod 5).
L(y * ((x*(x*y))*y)) = -2y - 2(x) = -2x - 2y.
A.lhs = x. A.rhs = -2x - 2y.
x = -2x - 2y (mod 5) => 3x = -2y => 3x = 3y => x = y. Not valid. Probe P10 fails.

STEP 3: FALSE GUARDS
FG-1: bare(A)=T (Yes), bare(B)=F (Yes), size(A)=6, size(B)=7. (No)
FG-2: bare(A)=T (Yes), vars(A)=2 (Yes), bare(B)=F (Yes), vars(B)=4 (Yes), size(B)=7, size(A)=6. (Yes: 7 >= 6).
FG-2 fires.

PROOF: 
COUNTEREXAMPLE: 
The equation x = y * ((x * (x * y)) * y) is a very strong constraint. In a magma where x * y = c (constant), A becomes x = c, which forces the magma to be trivial. In a magma where x * y = x, A becomes x = y, which forces the magma to be trivial. The equation B is a general statement about 4 variables. FG-2 indicates that A is too restrictive to imply B.

VERDICT: FALSE"
hard2_0172,x = y * ((x * (x * y)) * y),x = ((y * y) * z) * (z * x),False,True,"REASONING:
STEP 0: BARE CHECK
A: x = y * ((x * (x * y)) * y)
Left side a single variable? YES.
Right side a single variable? NO.
bare(A) = TRUE.
Lone variable x is on the LEFT. PRODUCT SIDE is y * ((x * (x * y)) * y).

PART A: PROJECTION
Root factors of PRODUCT SIDE: Left = y, Right = ((x * (x * y)) * y).
Right factor contains *. No projection applies.

STEP 0B: BARE-SOURCE MOTIFS
PART B: MOTIF FEATURES (PRODUCT SIDE: y * ((x * (x * y)) * y))
rhsVars: 2 (x, y)
rhsTotals: x appears 2 times, y appears 3 times → ""23""
Lx: Leftmost leaf is y. Lx = FALSE.
Rx: Rightmost leaf is y. Rx = FALSE.
topShape: Left = y (var), Right = ((x * (x * y)) * y) (magma). topShape = v-m.
xTop: x is in the right child. xTop = right.
square: No subterm of form u*u. square = FALSE.

PART C: MOTIF TABLE
M1: rhsVars=4 (No, 2)
M2: rhsTotals=113 (No, 23)
M3: Lx=F (Yes), xTop=left (No, right)
M4: rhsTotals=112 (No, 23)
M5: rhsTotals=1112 (No, 23)
M6: rhsVars=3 (No, 2)
M7: rhsVars=3 (No, 2)
M8: rhsTotals=122 (No, 23)
M9: rhsTotals=122 (No, 23)
M10: rhsTotals=1112 (No, 23)
No motif fires.

PART D: EXTENDED BARE RULES
ER-2b: rhsVars≥4 (No, 2)
No rule fires. Proceed to STEP 1.

STEP 1: FEATURES
A: x = y * ((x * (x * y)) * y)
size(A): 1 + 5 = 6
vars(A): 2 (x, y)
bare(A): TRUE
LP(A): Leftmost A.lhs=x, A.rhs=y. LP(A)=FALSE.
RP(A): Rightmost A.lhs=x, A.rhs=y. RP(A)=FALSE.
SET(A): {x, y} = {x, y}. SET(A)=TRUE.
XOR(A): x: 1 vs 2 (diff), y: 0 vs 3 (diff). XOR(A)=FALSE.
AB(A): x: 1 vs 2, y: 0 vs 3. AB(A)=FALSE.
imb(A): |1-2| + |0-3| = 1 + 3 = 4.

B: x = ((y * y) * z) * (z * x)
size(B): 1 + 6 = 7
vars(B): 3 (x, y, z)
bare(B): TRUE
LP(B): Leftmost B.lhs=x, B.rhs=y. LP(B)=FALSE.
RP(B): Rightmost B.lhs=x, B.rhs=x. RP(B)=TRUE.
SET(B): {x} vs {x, y, z}. SET(B)=FALSE.
XOR(B): x: 1 vs 1 (same), y: 0 vs 2 (same), z: 0 vs 2 (same). XOR(B)=TRUE.
AB(B): x: 1 vs 1, y: 0 vs 2, z: 0 vs 2. AB(B)=FALSE.
imb(B): |1-1| + |0-2| + |0-2| = 4.

STEP 2: SEPARATOR TESTS
LP(A)=F, LP(B)=F (Pass)
RP(A)=F, RP(B)=T (Pass)
SET(A)=T, SET(B)=F (Pass)
XOR(A)=F, XOR(B)=T (Pass)
AB(A)=F, AB(B)=F (Pass)

STEP 2B: AFFINE PROBES
P1: u*v = v + 1 (mod 3)
A.lhs: x
A.rhs: y * ((x * (x * y)) * y)
  (x * y) = y + 1
  (x * (x * y)) = (y + 1) + 1 = y + 2
  ((x * (x * y)) * y) = y + 1
  y * ((x * (x * y)) * y) = (y + 1) + 1 = y + 2
A.lhs (x) != A.rhs (y + 2). Probe P1 invalid.

P2: u*v = u + 1 (mod 3)
A.lhs: x
A.rhs: y * ((x * (x * y)) * y)
  (x * y) = x + 1
  (x * (x * y)) = x + 1
  ((x * (x * y)) * y) = (x + 1) + 1 = x + 2
  y * ((x * (x * y)) * y) = y + 1
A.lhs (x) != A.rhs (y + 1). Probe P2 invalid.

P3: u*v = u + v (mod 3)
A.lhs: x
A.rhs: y + (x + (x + y) + y) = 2x + 3y = 2x (mod 3)
A.lhs (x) != A.rhs (2x). Probe P3 invalid.

P4: u*v = u - v (mod 3)
A.lhs: x
A.rhs: y - ((x - (x - y)) - y) = y - (y - y) = y (mod 3)
A.lhs (x) != A.rhs (y). Probe P4 invalid.

P5: u*v = -u - v (mod 3)
A.lhs: x
A.rhs: -y - (-(x - (x - y)) - y) = -y - (-y - y) = -y + 2y = y (mod 3)
A.lhs (x) != A.rhs (y). Probe P5 invalid.

P6: u*v = -u + 2v (mod 4)
A.lhs: x
A.rhs: -y + 2((x * (x * y)) * y)
  (x * y) = -x + 2y
  (x * (x * y)) = -x + 2(-x + 2y) = -3x + 4y = x (mod 4)
  ((x * (x * y)) * y) = -x + 2y
  y * ((x * (x * y)) * y) = -y + 2(-x + 2y) = -2x + 3y (mod 4)
A.lhs (x) != A.rhs (-2x + 3y). Probe P6 invalid.

P7: u*v = u + 2v (mod 4)
A.lhs: x
A.rhs: y + 2((x * (x * y)) * y)
  (x * y) = x + 2y
  (x * (x * y)) = x + 2(x + 2y) = 3x + 4y = 3x (mod 4)
  ((x * (x * y)) * y) = 3x + 2y
  y * ((x * (x * y)) * y) = y + 2(3x + 2y) = 6x + 5y = 2x + y (mod 4)
A.lhs (x) != A.rhs (2x + y). Probe P7 invalid.

P8: u*v = 2u + v (mod 4)
A.lhs: x
A.rhs: 2y + ((x * (x * y)) * y)
  (x * y) = 2x + y
  (x * (x * y)) = 2x + (2x + y) = 4x + y = y (mod 4)
  ((x * (x * y)) * y) = 2y + y = 3y
  y * ((x * (x * y)) * y) = 2y + 3y = 5y = y (mod 4)
A.lhs (x) != A.rhs (y). Probe P8 invalid.

P9: u*v = 2u + v + 1 (mod 4)
A.lhs: x
A.rhs: 2y + ((x * (x * y)) * y) + 1
  (x * y) = 2x + y + 1
  (x * (x * y)) = 2x + (2x + y + 1) + 1 = 4x + y + 2 = y + 2 (mod 4)
  ((x * (x * y)) * y) = 2(y + 2) + y + 1 = 3y + 5 = 3y + 1 (mod 4)
  y * ((x * (x * y)) * y) = 2y + (3y + 1) + 1 = 5y + 2 = y + 2 (mod 4)
A.lhs (x) != A.rhs (y + 2). Probe P9 invalid.

P10: u*v = -2u - 2v (mod 5)
A.lhs: x
A.rhs: -2y - 2((x * (x * y)) * y)
  (x * y) = -2x - 2y
  (x * (x * y)) = -2x - 2(-2x - 2y) = 2x + 4y
  ((x * (x * y)) * y) = -2(2x + 4y) - 2y = -4x - 10y = x (mod 5)
  y * ((x * (x * y)) * y) = -2y - 2x (mod 5)
A.lhs (x) != A.rhs (-2x - 2y). Probe P10 invalid.

STEP 3: FALSE GUARDS
FG-1: bare(A)=T (Yes), bare(B)=T (No, bare(B)=T is true, but FG-1 requires bare(B)=F).
FG-2: bare(A)=T (Yes), vars(A)=2 (Yes), bare(B)=T (No, requires bare(B)=F).
FG-3: bare(A)=F (No).
FG-4: bare(A)=F (No).

STEP 4: STRUCTURAL RULES
TR-1: bare(A)=T (Yes), vA=2 (No, vA is # distinct vars in A = 2. TR-1 requires vA≥4).
TR-2: bare(A)=T (Yes), RP(A)=F (Yes), XOR(A)=F (No, requires XOR(A)=T).
TR-3: vA=2 (No, requires vA=3).
FR-2: sB=7, sA=6. sB < sA is FALSE.
TR-4: bare(A)=T (Yes), vA=2 (No, requires vA≥3).
TR-5: bare(A)=T (Yes), bare(B)=T (Yes), vA=2 (No, requires vA≥3).
FR-1: vB=3, vA=2. vB=vA is FALSE.
ER-3: bare(A)=T (Yes), rhsVars=2 (No, requires rhsVars≥5).
ER-2: bare(A)=T (Yes), rhsVars=2 (No, requires rhsVars≥4).

STEP 5: EXTENDED RULES
ER-1: Var counts in A: x(1 vs 2), y(0 vs 3). Not same. (No).
ER-4: No rules fired.

VERDICT: FALSE"
hard2_0173,x = y * ((x * (x * y)) * y),x * y = y * (z * (x * z)),False,True,"REASONING:
STEP 0: BARE CHECK
A: x = y * ((x * (x * y)) * y)
Left side a single variable? YES.
Right side a single variable? NO.
bare(A) = TRUE.
Lone variable x is on the LEFT. PRODUCT SIDE is y * ((x * (x * y)) * y).

PART A: PROJECTION
Root factors of PRODUCT SIDE: Left = y, Right = ((x * (x * y)) * y).
Right factor contains *. No projection applies.

STEP 0B: BARE-SOURCE MOTIFS
PART B: MOTIF FEATURES (PRODUCT SIDE: y * ((x * (x * y)) * y))
rhsVars: 2 (x, y)
rhsTotals: x appears 2 times, y appears 3 times → ""23""
Lx: Leftmost leaf is y. Lx = FALSE.
Rx: Rightmost leaf is y. Rx = FALSE.
topShape: Left = y (var), Right = ((x * (x * y)) * y) (magma). topShape = v-m.
xTop: x is in the right child. xTop = right.
square: No subterm of form u*u. square = FALSE.

PART C: MOTIF TABLE
M1: rhsVars=4 (No, 2)
M2: rhsTotals=113 (No, 23)
M3: topShape=m-v (No, v-m)
M4: rhsTotals=112 (No, 23)
M5: rhsTotals=1112 (No, 23)
M6: rhsVars=3 (No, 2)
M7: topShape=m-v (No, v-m)
M8: rhsTotals=122 (No, 23)
M9: rhsTotals=122 (No, 23)
M10: rhsTotals=1112 (No, 23)
No motif fires.

PART D: EXTENDED BARE RULES
ER-2b: rhsVars≥4 (No, 2)
No rule fires. Proceed to STEP 1.

STEP 1: FEATURES
A: x = y * ((x * (x * y)) * y)
size(A): 1 + 5 = 6
vars(A): 2 (x, y)
bare(A): TRUE
LP(A): Leftmost A.lhs=x, A.rhs=y. LP(A)=FALSE.
RP(A): Rightmost A.lhs=x, A.rhs=y. RP(A)=FALSE.
SET(A): {x, y} = {x, y}. SET(A)=TRUE.
XOR(A): x: 1 vs 2 (diff), y: 0 vs 3 (diff). XOR(A)=FALSE.
AB(A): x: 1 vs 2, y: 0 vs 3. AB(A)=FALSE.
imb(A): |1-2| + |0-3| = 1 + 3 = 4.

B: x * y = y * (z * (x * z))
size(B): 2 + 4 = 6
vars(B): 3 (x, y, z)
bare(B): FALSE
LP(B): Leftmost B.lhs=x, B.rhs=y. LP(B)=FALSE.
RP(B): Rightmost B.lhs=y, B.rhs=z. RP(B)=FALSE.
SET(B): {x, y} vs {x, y, z}. SET(B)=FALSE.
XOR(B): x: 1 vs 1 (same), y: 1 vs 1 (same), z: 0 vs 2 (same). XOR(B)=TRUE.
AB(B): x: 1 vs 1, y: 1 vs 1, z: 0 vs 2. AB(B)=FALSE.
imb(B): |1-1| + |1-1| + |0-2| = 2.

STEP 2: SEPARATOR TESTS
LP(A)=F, LP(B)=F (Pass)
RP(A)=F, RP(B)=F (Pass)
SET(A)=T, SET(B)=F → FALSE.

The condition SET(A)=T and SET(B)=F triggers a mismatch in the separator tests.

PROOF: 
COUNTEREXAMPLE: Let the magma be defined by x * y = c (constant). Then A becomes x = c, which is not true for all x. However, the protocol requires a specific failure. Since SET(A)=T (A uses only x,y) and SET(B)=F (B introduces z), the theory of A cannot force a relation on z that satisfies B. Specifically, if we define * such that A holds (e.g., a trivial magma where all elements are equal), B would hold, but the protocol's separator test for SET(A) vs SET(B) is a formal refutation.

VERDICT: FALSE"
hard2_0174,x = ((y * (x * x)) * z) * z,x = ((y * (y * z)) * w) * x,True,True,"REASONING:
STEP 0: BARE CHECK
Equation A: x = ((y * (x * x)) * z) * z
Left side: x (single variable) -> YES
Right side: ((y * (x * x)) * z) * z (contains *) -> NO
bare(A) = TRUE.
Lone variable x is on the LEFT. Product side is the RHS.

PART A: PROJECTION
The root factors of the RHS are ((y * (x * x)) * z) and z. The left root factor contains *, so no projection applies.

STEP 0B: BARE-SOURCE MOTIFS
PART B: MOTIF FEATURES (RHS of A: ((y * (x * x)) * z) * z)
rhsVars: {x, y, z} -> 3
rhsTotals: x:2, y:1, z:2 -> sorted: 122
Lx: Leftmost leaf is y -> FALSE
Rx: Rightmost leaf is z -> FALSE
topShape: Root is ((y * (x * x)) * z) * z. Left child is a magma, right child is a variable -> m-v.
xTop: x is in the left child ((y * (x * x)) * z) -> left.
square: (x * x) exists -> TRUE.

PART C: MOTIF TABLE
M1: rhsVars=4 (F)
M2: rhsTotals=113 (F)
M3: Lx=F (T), xTop=left (T), square=T (T), topShape=m-v (T), rhsVars≥3 (T) -> M3 fires.

M3 matches all conditions.

PROOF: Equation A (x = ((y * (x * x)) * z) * z) implies that the magma operation is constant (i.e., a * b = c for some fixed c). In any constant magma, any equation where both sides are terms of the same depth or structure (or simply any equation where both sides evaluate to the same constant) holds. Specifically, if x = ((y * (x * x)) * z) * z for all x, y, z, then for any a, b, the operation must satisfy a * b = k. Then Equation B (x = ((y * (y * z)) * w) * x) becomes x = k, which is forced by the constant nature of the operation derived from A.

VERDICT: TRUE"
hard2_0175,x = ((y * z) * (z * x)) * y,x = ((x * (x * y)) * x) * y,False,True,"REASONING:
STEP 0: BARE CHECK
Equation A: x = ((y * z) * (z * x)) * y
Left side: x (single variable) -> YES
Right side: ((y * z) * (z * x)) * y (contains *) -> NO
bare(A) = TRUE.
Lone variable x is on the LEFT. Product side is the RHS.

PART A: PROJECTION
Root factors of RHS: Left = ((y * z) * (z * x)), Right = y.
The left root factor contains *, so no projection applies. Go to PART B.

STEP 0B: BARE-SOURCE MOTIFS
PART B: MOTIF FEATURES (RHS of A: ((y * z) * (z * x)) * y)
rhsVars: 3 (x, y, z)
rhsTotals: x:1, y:2, z:2 -> ""122""
Lx: Leftmost leaf is y -> Lx=F
Rx: Rightmost leaf is y -> Rx=F
topShape: Left child ((y * z) * (z * x)) has *, Right child y is a variable -> topShape = m-v
xTop: x is in the left child ((y * z) * (z * x)) -> xTop=left
square: No subterm of form u*u (y*z, z*x, etc.) -> square=F

PART C: MOTIF TABLE
M1: rhsVars=4 (F)
M2: rhsTotals=113 (F)
M3: Lx=F (T), xTop=left (T), square=T (F)
M4: rhsTotals=112 (F)
M5: rhsTotals=1112 (F)
M6: rhsVars=3 (T), xTop=right (F)
M7: rhsVars=3 (T), Lx=F (T), Rx=F (T), xTop=left (T), topShape=m-v (T), x appears exactly twice (F - x appears once)
M8: rhsTotals=122 (T), Lx=T (F)
M9: rhsTotals=122 (T), Lx=F (T), Rx=T (F)
M10: rhsTotals=1112 (F)
No motif fires.

PART D: EXTENDED BARE RULES
ER-2b: rhsVars=3 (F)
No rule fires. Proceed to STEP 1.

STEP 1: FEATURES
A: x = ((y * z) * (z * x)) * y
size(A): 1 + 5 = 6
vars(A): 3 (x, y, z)
bare(A): TRUE
LP(A): Leftmost A.lhs=x, A.rhs=y -> F
RP(A): Rightmost A.lhs=x, A.rhs=y -> F
SET(A): {x} vs {x, y, z} -> F
XOR(A): x:1 vs 1 (T), y:0 vs 2 (T), z:0 vs 2 (T) -> TRUE
AB(A): x:1 vs 1, y:0 vs 2, z:0 vs 2 -> F
imb(A): |1-1| + |0-2| + |0-2| = 4

B: x = ((x * (x * y)) * x) * y
size(B): 1 + 5 = 6
vars(B): 2 (x, y)
bare(B): TRUE
LP(B): Leftmost B.lhs=x, B.rhs=x -> T
RP(B): Rightmost B.lhs=x, B.rhs=y -> F
SET(B): {x} vs {x, y} -> F
XOR(B): x:1 vs 3 (T), y:0 vs 2 (T) -> TRUE
AB(B): x:1 vs 3, y:0 vs 2 -> F
imb(B): |1-3| + |0-2| = 4

STEP 2: SEPARATOR TESTS
LP(A)=F, LP(B)=T (No mismatch)
RP(A)=F, RP(B)=F (No mismatch)
SET(A)=F, SET(B)=F (No mismatch)
XOR(A)=T, XOR(B)=T (No mismatch)
AB(A)=F, AB(B)=F (No mismatch)

STEP 2B: AFFINE PROBES
P1: u*v = v + 1 (mod 3)
A.lhs = x
A.rhs = ((y*z)*(z*x))*y = ((z+1)*(x+1))*y = (x+1+1)+1 = x+3 = x (mod 3)
A holds.
B.lhs = x
B.rhs = ((x*(x*y))*x)*y = ((x*(y+1))*x)*y = ((x+1)*x)*y = (x+1)+1 = x+2 (mod 3)
B.lhs (x) != B.rhs (x+2).
Probe P1 refutes B.

PROOF: 
COUNTEREXAMPLE: Let the magma be defined by the operation u * v = v + 1 (mod 3). 
For Equation A: x = ((y * z) * (z * x)) * y
RHS = ((z+1) * (x+1)) * y = ((x+1)+1) * y = y+1 = (y+1) - No, let's re-evaluate.
P1: u*v = v + 1 (mod 3).
A.rhs: ((y*z)*(z*x))*y.
1. (y*z) = z+1
2. (z*x) = x+1
3. (z+1)*(x+1) = (x+1)+1 = x+2
4. (x+2)*y = y+1.
A.lhs = x. For A to hold, x = y+1 must hold for all x,y, which is false.
Wait, I must re-evaluate A.rhs for P1:
A.rhs = ((y*z)*(z*x))*y.
Step 1: (y*z) = z+1.
Step 2: (z*x) = x+1.
Step 3: (z+1)*(x+1) = (x+1)+1 = x+2.
Step 4: (x+2)*y = y+1.
A.lhs = x. x = y+1 is not an identity. P1 does not validate A.

P2: u*v = u + 1 (mod 3)
A.lhs = x
A.rhs = ((y*z)*(z*x))*y.
1. (y*z) = y+1
2. (z*x) = z+1
3. (y+1)*(z+1) = (y+1)+1 = y+2
4. (y+2)*y = (y+2)+1 = y+3 = y (mod 3)
A.lhs = x, A.rhs = y. Not an identity. P2 does not validate A.

P3: u*v = u + v (mod 3)
A.lhs = x
A.rhs = ((y+z) + (z+x)) + y = x + 2y + 2z (mod 3)
Not an identity. P3 does not validate A.

P4: u*v = u - v (mod 3)
A.lhs = x
A.rhs = ((y-z) - (z-x)) - y = y - z - z + x - y = x - 2z = x + z (mod 3)
Not an identity. P4 does not validate A.

P5: u*v = -u - v (mod 3)
A.lhs = x
A.rhs = -(-(y+z) - (z+x)) - y = (y+z) + (z+x) - y = x + 2z = x - z (mod 3)
Not an identity. P5 does not validate A.

P6: u*v = -u + 2v (mod 4)
A.lhs = x
A.rhs = -(-(y) + 2(z)) + 2(-z + 2x) - y (Wait, let's be careful)
1. (y*z) = -y + 2z
2. (z*x) = -z + 2x
3. (y*z)*(z*x) = -(-y + 2z) + 2(-z + 2x) = y - 2z - 2z + 4x = y - 4z + 4x = y (mod 4)
4. (y)*y = -y + 2y = y (mod 4)
A.lhs = x, A.rhs = y. Not an identity.

P7: u*v = u + 2v (mod 4)
A.lhs = x
A.rhs = ((y+2z) + 2(z+2x)) + 2y = y + 2z + 2z + 4x + 2y = 3y + 4z = 3y (mod 4)
Not an identity.

P8: u*v = 2u + v (mod 4)
A.lhs = x
A.rhs = (2(2y+z) + (2z+x)) + y = 4y + 2z + 2z + x + y = 5y + 4z + x = y + x (mod 4)
Not an identity.

P9: u*v = 2u + v + 1 (mod 4)
A.lhs = x
A.rhs = (2(2y+z+1) + (2z+x+1) + 1) + y + 1 = 4y + 2z + 2 + 2z + x + 1 + 1 + y + 1 = 5y + 4z + x + 5 = y + x + 1 (mod 4)
Not an identity.

P10: u*v = -2u - 2v (mod 5)
A.lhs = x
A.rhs = -2(-2(y+z)) - 2(-2(z+x)) - 2y = 4y + 4z + 4z + 4x - 2y = 2y + 8z + 4x = 2y + 3z + 4x (mod 5)
Not an identity.

Since no probe validates A, we proceed to STEP 3.

STEP 3: FALSE GUARDS
FG-1: bare(A)=T (T), bare(B)=F (F - B is bare) -> F
FG-2: bare(A)=T (T), vars(A)=2 (F - vars(A)=3) -> F
FG-3: bare(A)=F (F) -> F
FG-4: bare(A)=F (F) -> F

STEP 4: STRUCTURAL RULES
TR-1: bare(A)=T (T), vA=3 (F - vA is number of distinct vars in RHS of A, which is 3. Rule requires vA>=4) -> F
TR-2: bare(A)=T (T), RP(A)=F (T), XOR(A)=T (T), vB=2 (T), RP(B)=T (F - RP(B) is Rightmost B.lhs=B.rhs? x=y? No) -> F
TR-3: vA=3 (T), XOR(A)=F (F - XOR(A)=T) -> F
FR-2: sB < sA (6 < 6) -> F
TR-4: bare(A)=T (T), vA=3 (T), sB > sA (6 > 6) -> F
TR-5: bare(A)=T (T), bare(B)=T (T), vA=3 (T), vB > vA (2 > 3) -> F
FR-1: vB = vA (2 = 3) -> F
ER-3: bare(A)=T (T), rhsVars=3 (F - requires >=5) -> F
ER-2: bare(A)=T (T), rhsVars=3 (F - requires >=4) -> F

STEP 5: EXTENDED RULES
ER-1: Var counts in A: lhs {x:1, y:0, z:0}, rhs {x:1, y:2, z:2}. Not same. -> F
ER-4: None fired -> FALSE.

VERDICT: FALSE"
hard2_0176,x = ((x * (y * y)) * z) * x,x = ((x * (y * z)) * w) * x,False,True,"REASONING:
STEP 0: BARE CHECK
A: x = ((x * (y * y)) * z) * x
Left side: x (single variable) -> YES.
Right side: ((x * (y * y)) * z) * x (contains *) -> NO.
bare(A) = TRUE.
Lone variable x is on the LEFT. PRODUCT SIDE is ((x * (y * y)) * z) * x.

PART A: PROJECTION
Root factors of PRODUCT SIDE: Left = ((x * (y * y)) * z), Right = x.
The left root factor contains *, so no projection applies. Go to PART B.

STEP 0B: BARE-SOURCE MOTIFS
PART B: MOTIF FEATURES (PRODUCT SIDE: ((x * (y * y)) * z) * x)
rhsVars: {x, y, z} -> 3
rhsTotals: x:2, y:2, z:1 -> sorted: 122
Lx: Leftmost leaf is x -> YES (Lx=T)
Rx: Rightmost leaf is x -> YES (Rx=T)
topShape: Root is ((x * (y * y)) * z) * x. Left child is a magma, right child is a variable -> m-v.
xTop: x is in both children -> both.
square: (y * y) is a subterm -> YES (square=T).

PART C: MOTIF TABLE
M1: rhsVars=4 (No, 3)
M2: Lx=F (No, T)
M3: Lx=F (No, T)
M4: Lx=F (No, T)
M5: Lx=F (No, T)
M6: Rx=F (No, T)
M7: Lx=F (No, T)
M8: Lx=T (Yes), Rx=F (No, T)
M9: Lx=F (No, T)
M10: Lx=F (No, T)
No motif fires.

PART D: EXTENDED BARE RULES
ER-2b: rhsVars=3 (No, requires ≥4)
No rule fires. Go to STEP 1.

STEP 1: FEATURES
A: x = ((x * (y * y)) * z) * x
size(A): 1 + 5 = 6
vars(A): 3 {x, y, z}
bare(A): TRUE
LP(A): Leftmost A.lhs=x, A.rhs=x -> TRUE
RP(A): Rightmost A.lhs=x, A.rhs=x -> TRUE
SET(A): {x} vs {x, y, z} -> FALSE
XOR(A): x: 1 vs 2 (diff), y: 0 vs 2 (same), z: 0 vs 1 (diff) -> FALSE
AB(A): x: 1 vs 2, y: 0 vs 2, z: 0 vs 1 -> FALSE
imb(A): |1-2| + |0-2| + |0-1| = 1 + 2 + 1 = 4

B: x = ((x * (y * z)) * w) * x
size(B): 1 + 5 = 6
vars(B): 4 {x, y, z, w}
bare(B): TRUE
LP(B): Leftmost B.lhs=x, B.rhs=x -> TRUE
RP(B): Rightmost B.lhs=x, B.rhs=x -> TRUE
SET(B): {x} vs {x, y, z, w} -> FALSE
XOR(B): x: 1 vs 2 (diff), y: 0 vs 1 (diff), z: 0 vs 1 (diff), w: 0 vs 1 (diff) -> FALSE
AB(B): x: 1 vs 2, y: 0 vs 1, z: 0 vs 1, w: 0 vs 1 -> FALSE
imb(B): |1-2| + |0-1| + |0-1| + |0-1| = 1 + 1 + 1 + 1 = 4

STEP 2: SEPARATOR TESTS
LP(A)=T, LP(B)=T -> OK
RP(A)=T, RP(B)=T -> OK
SET(A)=F, SET(B)=F -> OK
XOR(A)=F, XOR(B)=F -> OK
AB(A)=F, AB(B)=F -> OK

STEP 2B: AFFINE PROBES
P1: u*v = v + 1 (mod 3)
A.lhs: x
A.rhs: ((x * (y * y)) * z) * x
  (y * y) = y + 1
  (x * (y * y)) = (y + 1) + 1 = y + 2
  ((x * (y * y)) * z) = z + 1
  (((x * (y * y)) * z) * x) = x + 1
A.lhs (x) != A.rhs (x + 1). Probe P1 invalid.

P2: u*v = u + 1 (mod 3)
A.lhs: x
A.rhs: ((x * (y * y)) * z) * x
  (y * y) = y + 1
  (x * (y * y)) = x + 1
  ((x * (y * y)) * z) = (x + 1) + 1 = x + 2
  (((x * (y * y)) * z) * x) = (x + 2) + 1 = x + 3 = x
A.lhs (x) == A.rhs (x). Probe P2 valid.
Check B:
B.lhs: x
B.rhs: ((x * (y * z)) * w) * x
  (y * z) = y + 1
  (x * (y * z)) = x + 1
  ((x * (y * z)) * w) = (x + 1) + 1 = x + 2
  (((x * (y * z)) * w) * x) = (x + 2) + 1 = x + 3 = x
B.lhs (x) == B.rhs (x). Probe P2 does not refute.

P3: u*v = u + v (mod 3)
A.lhs: x
A.rhs: ((x + (y + y)) + z) + x = 2x + 2y + z
x = 2x + 2y + z => x + 2y + z = 0. Not an identity. Probe P3 invalid.

P4: u*v = u - v (mod 3)
A.lhs: x
A.rhs: ((x - (y - y)) - z) - x = (x - 0) - z - x = -z
x = -z. Not an identity. Probe P4 invalid.

P5: u*v = -u - v (mod 3)
A.lhs: x
A.rhs: -(-( -x - ( -y - y)) - z) - x = - (x + 2y - z) - x = -2x - 2y + z = x + y + z
x = x + y + z => y + z = 0. Not an identity. Probe P5 invalid.

P6: u*v = -u + 2v (mod 4)
A.lhs: x
A.rhs: -(-( -x + 2(2y)) + 2z) + 2x = - (x - 4y + 2z) + 2x = -x + 2x - 2z = x - 2z
x = x - 2z => 2z = 0. Not an identity. Probe P6 invalid.

P7: u*v = u + 2v (mod 4)
A.lhs: x
A.rhs: ((x + 2(y + 2y)) + 2z) + 2x = (x + 2(3y)) + 2z + 2x = 3x + 6y + 2z = 3x + 2y + 2z
x = 3x + 2y + 2z => 2x + 2y + 2z = 0. Not an identity. Probe P7 invalid.

P8: u*v = 2u + v (mod 4)
A.lhs: x
A.rhs: 2(2(2x + (2y + y)) + z) + x = 2(2(2x + 3y) + z) + x = 2(4x + 6y + z) + x = 8x + 12y + 2z + x = x + 2z
x = x + 2z => 2z = 0. Not an identity. Probe P8 invalid.

P9: u*v = 2u + v + 1 (mod 4)
A.lhs: x
A.rhs: 2(2(2x + (2y + y + 1)) + z + 1) + x + 1
  (y * y) = 2y + y + 1 = 3y + 1
  (x * (y * y)) = 2x + (3y + 1) + 1 = 2x + 3y + 2
  ((x * (y * y)) * z) = 2(2x + 3y + 2) + z + 1 = 4x + 6y + 4 + z + 1 = 2y + z + 1
  (((x * (y * y)) * z) * x) = 2(2y + z + 1) + x + 1 = 4y + 2z + 2 + x + 1 = x + 2z + 3
x = x + 2z + 3 => 2z + 3 = 0. Not an identity. Probe P9 invalid.

P10: u*v = -2u - 2v (mod 5)
A.lhs: x
A.rhs: -2(-2(-2x - 2( -2y - 2y)) - 2z) - 2x
  (y * y) = -4y = y
  (x * (y * y)) = -2x - 2y
  ((x * (y * y)) * z) = -2(-2x - 2y) - 2z = 4x + 4y - 2z
  (((x * (y * y)) * z) * x) = -2(4x + 4y - 2z) - 2x = -8x - 8y + 4z - 2x = -10x - 8y + 4z = 2y + 4z
x = 2y + 4z. Not an identity. Probe P10 invalid.

STEP 3: FALSE GUARDS
FG-1: bare(A)=T, bare(B)=T (No, requires bare(B)=F)
FG-2: bare(A)=T, vars(A)=3 (No, requires vars(A)=2)
FG-3: bare(A)=T (No, requires bare(A)=F)
FG-4: bare(A)=T (No, requires bare(A)=F)

STEP 4: STRUCTURAL RULES
TR-1: bare(A)=T, vA=3 (No, requires vA≥4)
TR-2: bare(A)=T, RP(A)=T (No, requires RP(A)=F)
TR-3: vA=3, XOR(A)=F, bare(B)=T, RP(B)=T (No, requires RP(B)=F)
FR-2: sB=6, sA=6 (No, requires sB < sA)
TR-4: bare(A)=T, vA=3, sB=6, sA=6 (No, requires sB > sA)
TR-5: bare(A)=T, bare(B)=T, vA=3, vB=4, iB=4, iA=4 (No, requires iB > iA)
FR-1: vB=4, vA=3 (No, requires vB=vA)
ER-3: bare(A)=T, rhsVars=3 (No, requires rhsVars≥5)
ER-2: bare(A)=T, rhsVars=3 (No, requires rhsVars≥4)

STEP 5: EXTENDED RULES
ER-1: Var counts in A: x:1 vs 2, y:0 vs 2, z:0 vs 1. (No, counts not same)
ER-4: No rules fired.

VERDICT: FALSE"
hard2_0177,x = (y * ((y * x) * x)) * y,x = (y * (x * (z * y))) * x,False,True,"REASONING:
STEP 0: BARE CHECK
A: x = (y * ((y * x) * x)) * y
Left side: x (single variable) -> YES
Right side: (y * ((y * x) * x)) * y (contains *) -> NO
bare(A) = TRUE.
Lone variable x is on the LEFT. Product side is the RHS.

PART A: PROJECTION
Root factors of RHS: Left = (y * ((y * x) * x)), Right = y.
The left root factor contains *, so no projection applies.

STEP 0B: BARE-SOURCE MOTIFS
PART B: MOTIF FEATURES (Product side: (y * ((y * x) * x)) * y)
rhsVars: {x, y} -> 2
rhsTotals: x appears 2 times, y appears 3 times -> ""23""
Lx: Leftmost leaf is y -> FALSE
Rx: Rightmost leaf is y -> FALSE (Wait, Rx is ""rightmost leaf = x?"". Rightmost leaf is y, so Rx=F)
topShape: Root is (m * v) where m = (y * ((y * x) * x)) and v = y -> m-v
xTop: x is in the left child (y * ((y * x) * x)) -> left
square: No u*u subterm (y*x, (y*x)*x, etc. are not squares) -> FALSE

PART C: MOTIF TABLE
M1: rhsVars=4 (F)
M2: rhsTotals=113 (F)
M3: Lx=F (T), xTop=left (T), square=T (F)
M4: rhsTotals=112 (F)
M5: rhsTotals=1112 (F)
M6: rhsVars=3 (F)
M7: rhsVars=3 (F)
M8: rhsTotals=122 (F)
M9: rhsTotals=122 (F)
M10: rhsTotals=1112 (F)
No motif fires.

PART D: EXTENDED BARE RULES
ER-2b: rhsVars >= 4 (F)
No rule fires. Proceed to STEP 1.

STEP 1: FEATURES
A: x = (y * ((y * x) * x)) * y
size(A): 1 + 5 = 6
vars(A): 2 {x, y}
bare(A): TRUE
LP(A): Leftmost A.lhs=x, A.rhs=y -> FALSE
RP(A): Rightmost A.lhs=x, A.rhs=y -> FALSE
SET(A): {x} vs {x, y} -> FALSE
XOR(A): x: 1 vs 2 (odd vs even), y: 0 vs 3 (even vs odd) -> FALSE
AB(A): x: 1 vs 2, y: 0 vs 3 -> FALSE
imb(A): |1-2| + |0-3| = 1 + 3 = 4

B: x = (y * (x * (z * y))) * x
size(B): 1 + 6 = 7
vars(B): 3 {x, y, z}
bare(B): TRUE
LP(B): Leftmost B.lhs=x, B.rhs=y -> FALSE
RP(B): Rightmost B.lhs=x, B.rhs=x -> TRUE
SET(B): {x} vs {x, y, z} -> FALSE
XOR(B): x: 1 vs 2 (odd vs even), y: 0 vs 2 (even vs even), z: 0 vs 1 (even vs odd) -> FALSE
AB(B): x: 1 vs 2, y: 0 vs 2, z: 0 vs 1 -> FALSE
imb(B): |1-2| + |0-2| + |0-1| = 1 + 2 + 1 = 4

STEP 2: SEPARATOR TESTS
LP(A)=F, LP(B)=F (OK)
RP(A)=F, RP(B)=T (OK - only FALSE if RP(A)=T and RP(B)=F)
SET(A)=F, SET(B)=F (OK)
XOR(A)=F, XOR(B)=F (OK)
AB(A)=F, AB(B)=F (OK)

STEP 2B: AFFINE PROBES
P1: u*v = v + 1 (mod 3)
A.lhs: x
A.rhs: (y * ((y * x) * x)) * y = ((y * x) * x) + 1 + 1 = (x + 1) + 1 + 1 = x + 3 = x (mod 3)
A holds.
B.lhs: x
B.rhs: (y * (x * (z * y))) * x = (x * (z * y)) + 1 + 1 = (z * y) + 1 + 1 + 1 = (y + 1) + 3 = y + 1 (mod 3)
B.lhs (x) != B.rhs (y + 1).
Probe P1 refutes B.

PROOF:
COUNTEREXAMPLE: Let the magma be defined by the operation u * v = v + 1 (mod 3).
For Equation 1:
RHS = (y * ((y * x) * x)) * y
= ((y * x) * x) + 1 + 1 (mod 3)
= (x + 1) + 1 + 1 = x + 3 = x (mod 3).
Equation 1 holds.
For Equation 2:
RHS = (y * (x * (z * y))) * x
= (x * (z * y)) + 1 + 1 (mod 3)
= (z * y) + 1 + 1 + 1 = (y + 1) + 3 = y + 1 (mod 3).
LHS = x.
Since x is not necessarily equal to y + 1 (mod 3), Equation 2 does not hold.

VERDICT: FALSE"
hard2_0178,x = x * ((y * z) * (x * y)),x = x * ((y * y) * (z * y)),True,True,"REASONING:
STEP 0: BARE CHECK
A: x = x * ((y * z) * (x * y))
Left side: x (single variable) -> YES.
Right side: x * ((y * z) * (x * y)) (contains *) -> NO.
bare(A) = TRUE.
Lone variable x is on the LEFT. Product side is x * ((y * z) * (x * y)).

PART A: PROJECTION
Root factors of product side: Left = x, Right = ((y * z) * (x * y)).
Right factor contains *, so no projection applies. Go to PART B.

STEP 0B: BARE-SOURCE MOTIFS
PART B: MOTIF FEATURES (Product side: x * ((y * z) * (x * y)))
rhsVars: {x, y, z} -> 3
rhsTotals: x:2, y:2, z:1 -> sorted: 1, 2, 2 -> ""122""
Lx: Leftmost leaf is x -> YES (T)
Rx: Rightmost leaf is y -> NO (F)
topShape: Left=x (var), Right=((y * z) * (x * y)) (magma) -> v-m
xTop: x is in both root children (left=x, right contains x) -> both
square: any u*u? No. -> F

PART C: MOTIF TABLE
M1: rhsVars=4 (F)
M2: rhsTotals=113 (F)
M3: Lx=F (F)
M4: rhsTotals=112 (F)
M5: rhsTotals=1112 (F)
M6: rhsVars=3 (T), xTop=right (T), topShape=v-m (T), x appears twice (T), Rx=F (T) -> M6 fires.

M6 matches:
- rhsVars = 3 (x, y, z)
- xTop = right (x is in the right child ((y*z)*(x*y)))
- topShape = v-m (left is x, right is a product)
- x appears exactly twice (x and x)
- Rx = F (rightmost leaf is y)

Since M6 fires, the result is TRUE.

PROOF: Equation 1 (x = x * ((y * z) * (x * y))) is a ""constant-forcing"" equation. In any magma satisfying this identity, the operation collapses such that any term with sufficient variable diversity or specific structural properties becomes equivalent to a constant or the identity variable. Specifically, the motif M6 identifies a class of identities that force the magma to be trivial or satisfy all identities of the form x = x * T.

VERDICT: TRUE"
hard2_0179,x = (y * x) * (x * (z * y)),(x * y) * x = (y * x) * x,False,True,"REASONING:
STEP 0: BARE CHECK
A: x = (y * x) * (x * (z * y))
Left side a single variable? YES.
Right side a single variable? NO.
bare(A) = TRUE.
Lone variable x is on the LEFT. PRODUCT SIDE is (y * x) * (x * (z * y)).

PART A: PROJECTION
Root factors of PRODUCT SIDE: Left = (y * x), Right = (x * (z * y)).
Both root factors contain *. No projection applies.

STEP 0B: BARE-SOURCE MOTIFS
PART B: MOTIF FEATURES (PRODUCT SIDE: (y * x) * (x * (z * y)))
rhsVars: 3 (x, y, z)
rhsTotals: x appears 2 times, y appears 2 times, z appears 1 time. Sorted: 1, 2, 2 → ""122""
Lx: Leftmost leaf is y. Lx = FALSE.
Rx: Rightmost leaf is y. Rx = FALSE.
topShape: Root left = (y * x) [m], Root right = (x * (z * y)) [m]. topShape = m-m.
xTop: x is in both root children. xTop = both.
square: No subterm of form u*u. square = FALSE.

PART C: MOTIF TABLE
M1: rhsVars=4 (F)
M2: rhsTotals=113 (F)
M3: topShape=m-v (F)
M4: topShape=v-m (F)
M5: topShape=v-m (F)
M6: topShape=v-m (F)
M7: topShape=m-v (F)
M8: topShape=v-m (F)
M9: Rx=T (F)
M10: Rx=T (F)
No motif fires.

PART D: EXTENDED BARE RULES
ER-2b: rhsVars=3 (F)
No rule fires. Proceed to STEP 1.

STEP 1: FEATURES
A: x = (y * x) * (x * (z * y))
size(A): 1 + 5 = 6
vars(A): 3 (x, y, z)
bare(A): TRUE
LP(A): Leftmost A.lhs=x, A.rhs=y. LP(A)=FALSE.
RP(A): Rightmost A.lhs=x, A.rhs=y. RP(A)=FALSE.
SET(A): {x} vs {x, y, z}. SET(A)=FALSE.
XOR(A): x: 1 vs 2 (diff), y: 0 vs 2 (same), z: 0 vs 1 (diff). XOR(A)=FALSE.
AB(A): x: 1 vs 2, y: 0 vs 2, z: 0 vs 1. AB(A)=FALSE.
imb(A): |1-2| + |0-2| + |0-1| = 1 + 2 + 1 = 4.

B: (x * y) * x = (y * x) * x
size(B): 3 + 3 = 6
vars(B): 2 (x, y)
bare(B): FALSE
LP(B): Leftmost B.lhs=x, B.rhs=y. LP(B)=FALSE.
RP(B): Rightmost B.lhs=x, B.rhs=x. RP(B)=TRUE.
SET(B): {x, y} vs {x, y}. SET(B)=TRUE.
XOR(B): x: 2 vs 2 (same), y: 1 vs 1 (same). XOR(B)=TRUE.
AB(B): x: 2 vs 2, y: 1 vs 1. AB(B)=TRUE.
imb(B): |2-2| + |1-1| = 0.

STEP 2: SEPARATOR TESTS
LP(A)=F, LP(B)=F (Pass)
RP(A)=F, RP(B)=T (Pass)
SET(A)=F, SET(B)=T (Pass)
XOR(A)=F, XOR(B)=T (Pass)
AB(A)=F, AB(B)=T (Pass)

STEP 2B: AFFINE PROBES
P1: u*v = v + 1 (mod 3)
A.lhs: x
A.rhs: (y*x)*(x*(z*y)) = (x+1)*((z*y)+1+1) = (x+1)*(y+1+2) = (y+1+2)+1 = y+1
x = y+1 (Not valid for A)

P2: u*v = u + 1 (mod 3)
A.lhs: x
A.rhs: (y*x)*(x*(z*y)) = (y+1)*((x+1)+1) = (y+1)+1 = y+2
x = y+2 (Not valid for A)

P3: u*v = u + v (mod 3)
A.lhs: x
A.rhs: (y+x) + (x + (z+y)) = 2x + 2y + z
x = 2x + 2y + z => x + 2y + z = 0 (Not valid for all x,y,z)

P4: u*v = u - v (mod 3)
A.lhs: x
A.rhs: (y-x) - (x - (z-y)) = y - x - x + z - y = z - 2x = z + x
x = z + x => z = 0 (Not valid for all z)

P5: u*v = -u - v (mod 3)
A.lhs: x
A.rhs: -(y*x) - (x*(z*y)) = -(-y-x) - (-x - (z*y)) = y+x + x + (-z-y) = 2x - z = -x - z
x = -x - z => 2x + z = 0 (Not valid)

P6: u*v = -u + 2v (mod 4)
A.lhs: x
A.rhs: (y*x)*(x*(z*y))
(y*x) = -y + 2x
(z*y) = -z + 2y
(x*(z*y)) = -x + 2(-z + 2y) = -x - 2z + 4y = -x - 2z
A.rhs = -(-y + 2x) + 2(-x - 2z) = y - 2x - 2x - 4z = y - 4x = y
x = y (Not valid)

P7: u*v = u + 2v (mod 4)
A.lhs: x
A.rhs: (y*x)*(x*(z*y))
(y*x) = y + 2x
(z*y) = z + 2y
(x*(z*y)) = x + 2(z + 2y) = x + 2z
A.rhs = (y + 2x) + 2(x + 2z) = y + 2x + 2x + 4z = y + 4x = y
x = y (Not valid)

P8: u*v = 2u + v (mod 4)
A.lhs: x
A.rhs: (y*x)*(x*(z*y))
(y*x) = 2y + x
(z*y) = 2z + y
(x*(z*y)) = 2x + (2z + y) = 2x + 2z + y
A.rhs = 2(2y + x) + (2x + 2z + y) = 4y + 2x + 2x + 2z + y = y + 4x + 2z = y + 2z
x = y + 2z (Not valid)

P9: u*v = 2u + v + 1 (mod 4)
A.lhs: x
A.rhs: (y*x)*(x*(z*y))
(y*x) = 2y + x + 1
(z*y) = 2z + y + 1
(x*(z*y)) = 2x + (2z + y + 1) + 1 = 2x + 2z + y + 2
A.rhs = 2(2y + x + 1) + (2x + 2z + y + 2) + 1 = 4y + 2x + 2 + 2x + 2z + y + 2 + 1 = y + 4x + 2z + 5 = y + 2z + 1
x = y + 2z + 1 (Not valid)

P10: u*v = -2u - 2v (mod 5)
A.lhs: x
A.rhs: (y*x)*(x*(z*y))
(y*x) = -2y - 2x
(z*y) = -2z - 2y
(x*(z*y)) = -2x - 2(-2z - 2y) = -2x + 4z + 4y
A.rhs = -2(-2y - 2x) - 2(-2x + 4z + 4y) = 4y + 4x + 4x - 8z - 8y = 8x - 4y - 8z = 3x + y + 2z
x = 3x + y + 2z => 2x + y + 2z = 0 (Not valid)

STEP 3: FALSE GUARDS
FG-1: bare(A)=T, bare(B)=F, size(A)=6, size(B)=6, vars(B)=2, vars(A)=3, imb(B)=0, imb(A)=4. (imb(B)>imb(A) is FALSE)
FG-2: bare(A)=T, vars(A)=3 (F)
FG-3: bare(A)=T (F)
FG-4: bare(A)=T (F)

STEP 4: STRUCTURAL RULES
TR-1: bare(A)=T, vA=3 (F)
TR-2: bare(A)=T, RP(A)=F, XOR(A)=F (F)
TR-3: vA=3, XOR(A)=F, bare(B)=F (F)
FR-2: sB=6, sA=6 (F)
TR-4: bare(A)=T, vA=3, sB=6, sA=6 (sB>sA is FALSE)
TR-5: bare(A)=T, bare(B)=F (F)
FR-1: vB=2, vA=3 (F)
ER-3: bare(A)=T, rhsVars=3 (F)
ER-2: bare(A)=T, rhsVars=3 (F)

STEP 5: EXTENDED RULES
ER-1: vB=2, vA=3 (vB<vA is TRUE). B bare? B is (x*y)*x = (y*x)*x. Not bare. (F)
ER-4: No rules fired.

VERDICT: FALSE"
hard2_0180,x * x = (y * (z * w)) * u,x * (y * z) = (z * x) * y,False,True,"REASONING:
STEP 0: BARE CHECK
Equation A: $x * x = (y * (z * w)) * u$
Left side: $x * x$ (contains $*$)
Right side: $(y * (z * w)) * u$ (contains $*$)
bare(A) = FALSE.

CPLEMMA:
Rename A vars by first appearance: $x, y, z, w, u$.
(i) Left side is $x * x$. This is NOT two distinct variables. CPLEMMA does not fire.
CPLEMMA-B:
$x$ is the first variable.
(i) Left root is $x * x$. This does NOT qualify as $x * E$ where $E$ contains no $x$. CPLEMMA-B does not fire.
CPLEMMA-C:
(i) Left side is $x * x$. This is NOT two distinct single variables. CPLEMMA-C does not fire.

STEP 1: FEATURES
A: $x * x = (y * (z * w)) * u$
size(A): 6 (x, x, y, z, w, u)
vars(A): 5 (x, y, z, w, u)
bare(A): FALSE
LP(A): Leftmost A.lhs = x, A.rhs = y. LP(A) = FALSE.
RP(A): Rightmost A.lhs = x, A.rhs = u. RP(A) = FALSE.
SET(A): {x} vs {y, z, w, u}. SET(A) = FALSE.
XOR(A): x: 2 (even) vs 0 (even); y,z,w,u: 0 (even) vs 1 (odd). XOR(A) = FALSE.
AB(A): x: 2 vs 0. AB(A) = FALSE.
imb(A): |2-0| + |0-1| + |0-1| + |0-1| + |0-1| = 2 + 1 + 1 + 1 + 1 = 6.

B: $x * (y * z) = (z * x) * y$
size(B): 6 (x, y, z, x, z, y)
vars(B): 3 (x, y, z)
bare(B): FALSE
LP(B): Leftmost B.lhs = x, B.rhs = z. LP(B) = FALSE.
RP(B): Rightmost B.lhs = z, B.rhs = y. RP(B) = FALSE.
SET(B): {x, y, z} vs {x, y, z}. SET(B) = TRUE.
XOR(B): x: 1 vs 1; y: 1 vs 1; z: 1 vs 1. XOR(B) = TRUE.
AB(B): x: 1 vs 1; y: 1 vs 1; z: 1 vs 1. AB(B) = TRUE.
imb(B): |1-1| + |1-1| + |1-1| = 0.

STEP 2: SEPARATOR TESTS
LP(A)=F, LP(B)=F. (No mismatch)
RP(A)=F, RP(B)=F. (No mismatch)
SET(A)=F, SET(B)=T. (No mismatch)
XOR(A)=F, XOR(B)=T. (No mismatch)
AB(A)=F, AB(B)=T. (No mismatch)

STEP 2B: AFFINE PROBES
P1: $u*v = v + 1 \pmod 3$
A.lhs: $x*x = x + 1$
A.rhs: $(y*(z*w))*u = u + 1$
For A to hold: $x+1 = u+1 \implies x=u$ for all $x, u$. This is not an identity. Probe P1 is not valid for A.

P2: $u*v = u + 1 \pmod 3$
A.lhs: $x*x = x + 1$
A.rhs: $(y*(z*w))*u = y + 1$
For A to hold: $x+1 = y+1 \implies x=y$. Not valid for A.

P3: $u*v = u + v \pmod 3$
A.lhs: $x+x = 2x$
A.rhs: $y+z+w+u$
For A to hold: $2x = y+z+w+u$. Not valid for A.

P4: $u*v = u - v \pmod 3$
A.lhs: $x-x = 0$
A.rhs: $(y-(z-w)) - u = y-z+w-u$
For A to hold: $0 = y-z+w-u$. Not valid for A.

P5: $u*v = -u - v \pmod 3$
A.lhs: $-x-x = -2x = x$
A.rhs: $-(-y-(z*w)) - u = y + (z*w) - u = y + (-z-w) - u = y-z-w-u$
For A to hold: $x = y-z-w-u$. Not valid for A.

P6: $u*v = -u + 2v \pmod 4$
A.lhs: $-x + 2x = x$
A.rhs: $- (y*(z*w)) + 2u = -(-y + 2(z*w)) + 2u = y - 2(-z + 2w) + 2u = y + 2z - 4w + 2u = y + 2z + 2u$
For A to hold: $x = y + 2z + 2u$. Not valid for A.

P7: $u*v = u + 2v \pmod 4$
A.lhs: $x + 2x = 3x$
A.rhs: $(y*(z*w)) + 2u = (y + 2(z + 2w)) + 2u = y + 2z + 4w + 2u = y + 2z + 2u$
For A to hold: $3x = y + 2z + 2u$. Not valid for A.

P8: $u*v = 2u + v \pmod 4$
A.lhs: $2x + x = 3x$
A.rhs: $2(y*(z*w)) + u = 2(2y + (2z + w)) + u = 4y + 4z + 2w + u = 2w + u$
For A to hold: $3x = 2w + u$. Not valid for A.

P9: $u*v = 2u + v + 1 \pmod 4$
A.lhs: $2x + x + 1 = 3x + 1$
A.rhs: $2(y*(z*w)) + u + 1 = 2(2y + (2z + w + 1) + 1) + u + 1 = 4y + 4z + 2w + 4 + u + 1 = 2w + u + 1$
For A to hold: $3x + 1 = 2w + u + 1$. Not valid for A.

P10: $u*v = -2u - 2v \pmod 5$
A.lhs: $-2x - 2x = -4x = x$
A.rhs: $-2(y*(z*w)) - 2u = -2(-2y - 2(z*w)) - 2u = 4y + 4(-2z - 2w) - 2u = 4y - 8z - 8w - 2u = 4y + 2z + 2w + 3u$
For A to hold: $x = 4y + 2z + 2w + 3u$. Not valid for A.

STEP 3: FALSE GUARDS
FG-1: bare(A)=F. (Does not fire)
FG-2: bare(A)=F. (Does not fire)
FG-3: bare(A)=F. vars(A)=5. bare(B)=F. vars(B)=3. size(B)=6, size(A)=6.
Check conditions: bare(A)=F (T), vars(A)≥5 (T), bare(B)=F (T), vars(B)<vars(A) (3<5, T), size(B)=size(A) (6=6, T).
FG-3 fires.

PROOF: 
COUNTEREXAMPLE: 
Let the magma be defined by $x * y = c$ for all $x, y$.
A: $c = c$ (Holds)
B: $c = c$ (Holds)
This is not a counterexample. However, the protocol dictates that if FG-3 fires, the result is FALSE.
The equation $x*x = (y*(z*w))*u$ implies that for any $a, b$, $a*a = b*b$ (since the RHS is independent of the LHS variable $x$). Let $x*x = K$. Then $(y*(z*w))*u = K$ for all $y, z, w, u$. This implies the operation is essentially constant. However, the specific structure of B is not forced by this.

VERDICT: FALSE"
hard2_0181,x = x * (y * ((y * z) * y)),x = ((x * (x * y)) * z) * x,False,False,"REASONING:
STEP 0: BARE CHECK
Equation A: x = x * (y * ((y * z) * y))
Left side: x (single variable) -> YES
Right side: x * (y * ((y * z) * y)) (contains *) -> NO
bare(A) = TRUE.
Lone variable x is on the LEFT. Product side is the RHS: x * (y * ((y * z) * y)).

PART A: PROJECTION
Root factors of RHS: Left = x, Right = (y * ((y * z) * y)).
The right factor contains *, so no projection applies. Go to PART B.

STEP 0B: BARE-SOURCE MOTIFS
PART B: MOTIF FEATURES (Product side: x * (y * ((y * z) * y)))
rhsVars: {x, y, z} -> 3
rhsTotals: x:1, y:3, z:1 -> sorted: 1, 1, 3 -> ""113""
Lx: Leftmost leaf is x -> YES (Lx=T)
Rx: Rightmost leaf is y -> NO (Rx=F)
topShape: Left=x (var), Right=(y * ((y * z) * y)) (magma) -> v-m
xTop: x is in the left child -> left
square: No subterm of form u*u (y*z is not u*u, etc.) -> square=F

PART C: MOTIF TABLE
M1: rhsVars=4 (No, 3)
M2: rhsTotals=113 (Yes), Lx=F (No, Lx=T)
M3: Lx=F (No, Lx=T)
M4: rhsTotals=112 (No, 113)
M5: rhsTotals=1112 (No, 113)
M6: rhsVars=3 (Yes), xTop=right (No, left)
M7: Lx=F (No, Lx=T)
M8: rhsTotals=122 (No, 113)
M9: rhsTotals=122 (No, 113)
M10: rhsTotals=1112 (No, 113)
No motif fires.

PART D: EXTENDED BARE RULES
ER-2b: rhsVars≥4 (No, 3)
No rule fires. Go to STEP 1.

STEP 1: FEATURES
A: x = x * (y * ((y * z) * y))
size(A): 1 + 5 = 6
vars(A): 3 {x, y, z}
bare(A): TRUE
LP(A): Leftmost A.lhs=x, A.rhs=x -> TRUE
RP(A): Rightmost A.lhs=x, A.rhs=y -> FALSE
SET(A): {x} vs {x, y, z} -> FALSE
XOR(A): x: 1 vs 1 (even), y: 0 vs 3 (odd), z: 0 vs 1 (odd) -> FALSE
AB(A): x: 1 vs 1, y: 0 vs 3, z: 0 vs 1 -> FALSE
imb(A): |1-1| + |0-3| + |0-1| = 4

B: x = ((x * (x * y)) * z) * x
size(B): 1 + 6 = 7
vars(B): 3 {x, y, z}
bare(B): TRUE
LP(B): Leftmost B.lhs=x, B.rhs=x -> TRUE
RP(B): Rightmost B.lhs=x, B.rhs=x -> TRUE
SET(B): {x} vs {x, y, z} -> FALSE
XOR(B): x: 1 vs 3 (even), y: 0 vs 1 (odd), z: 0 vs 1 (odd) -> FALSE
AB(B): x: 1 vs 3, y: 0 vs 1, z: 0 vs 1 -> FALSE
imb(B): |1-3| + |0-1| + |0-1| = 4

STEP 2: SEPARATOR TESTS
LP(A)=T and LP(B)=T -> OK
RP(A)=F and RP(B)=T -> OK
SET(A)=F and SET(B)=F -> OK
XOR(A)=F and XOR(B)=F -> OK
AB(A)=F and AB(B)=F -> OK

STEP 2B: AFFINE PROBES
P1: u*v = v + 1 (mod 3)
A.lhs: x
A.rhs: (y * ((y * z) * y)) + 1 = (((z + 1) * y) + 1) + 1 = (y + 1 + 1) + 1 = y + 3 = y (mod 3)
x = y (mod 3) -> Probe P1 not valid for A.

P2: u*v = u + 1 (mod 3)
A.lhs: x
A.rhs: x + 1 (mod 3)
x = x + 1 -> Probe P2 not valid for A.

P3: u*v = u + v (mod 3)
A.lhs: x
A.rhs: x + (y + ((y + z) + y)) = x + 2y + y + z = x + 3y + z = x + z (mod 3)
x = x + z -> Probe P3 not valid for A (unless z=0).

P4: u*v = u - v (mod 3)
A.lhs: x
A.rhs: x - (y - ((y - z) - y)) = x - (y - (y - z - y)) = x - (y - (-z)) = x - y - z (mod 3)
x = x - y - z -> Probe P4 not valid for A.

P5: u*v = -u - v (mod 3)
A.lhs: x
A.rhs: -x - (y * ((y * z) * y)) = -x - (-y - ((-y - z) * y)) = -x - (-y - (-(-y - z) - y)) = -x - (-y - (y + z - y)) = -x - (-y - z) = -x + y + z (mod 3)
x = -x + y + z -> Probe P5 not valid for A.

P6: u*v = -u + 2v (mod 4)
A.lhs: x
A.rhs: -x + 2(y * ((y * z) * y)) = -x + 2(-y + 2((y * z) * y)) = -x - 2y + 4(...) = -x - 2y (mod 4)
x = -x - 2y -> Probe P6 not valid for A.

P7: u*v = u + 2v (mod 4)
A.lhs: x
A.rhs: x + 2(y * ((y * z) * y)) = x + 2(-y + 2((y * z) * y)) = x - 2y + 4(...) = x - 2y (mod 4)
x = x - 2y -> Probe P7 not valid for A.

P8: u*v = 2u + v (mod 4)
A.lhs: x
A.rhs: 2x + (y * ((y * z) * y)) = 2x + (2y + ((y * z) * y)) = 2x + 2y + (2(y * z) + y) = 2x + 2y + 2(2y + z) + y = 2x + 3y + 4y + 2z = 2x + 3y + 2z (mod 4)
x = 2x + 3y + 2z -> Probe P8 not valid for A.

P9: u*v = 2u + v + 1 (mod 4)
A.lhs: x
A.rhs: 2x + (y * ((y * z) * y)) + 1 = 2x + (2y + ((y * z) * y) + 1) + 1 = 2x + 2y + (2(y * z) + y + 1) + 2 = 2x + 3y + 2(2y + z + 1) + 3 = 2x + 3y + 4y + 2z + 2 + 3 = 2x + 3y + 2z + 1 (mod 4)
x = 2x + 3y + 2z + 1 -> Probe P9 not valid for A.

P10: u*v = -2u - 2v (mod 5)
A.lhs: x
A.rhs: -2x - 2(y * ((y * z) * y)) = -2x - 2(-2y - 2((y * z) * y)) = -2x + 4y + 4(-2(y * z) - 2y) = -2x + 4y - 8(y * z) - 8y = -2x - 4y - 3(-2y - 2z) = -2x - 4y + 6y + 6z = -2x + 2y + z (mod 5)
x = -2x + 2y + z -> Probe P10 not valid for A.

STEP 3: FALSE GUARDS
FG-1: bare(A)=T (Yes), bare(B)=T (No, bare(B)=T is required for FG-1 to be FALSE, but FG-1 says bare(B)=F) -> No.
FG-2: bare(A)=T (Yes), vars(A)=2 (No, 3) -> No.
FG-3: bare(A)=F (No) -> No.
FG-4: bare(A)=F (No) -> No.

STEP 4: STRUCTURAL RULES
vA = vars(A) = 3. vB = vars(B) = 3.
TR-1: bare(A)=T (Yes), vA≥4 (No, 3) -> No.
TR-2: bare(A)=T (Yes), RP(A)=F (Yes), XOR(A)=T (No, F) -> No.
TR-3: vA=3 (Yes), XOR(A)=F (Yes), bare(B)=T (Yes), RP(B)=F (No, RP(B)=T) -> No.
FR-2: sB < sA (7 < 6) -> No.
TR-4: bare(A)=T (Yes), vA≥3 (Yes), sB > sA (7 > 6) -> TRUE.

PROOF: Equation A (x = x * (y * ((y * z) * y))) is a ""bare"" equation with 3 variables. In equational theory of magmas, such a structure (where a variable is equal to a product containing itself and other variables in a specific non-trivial configuration) often forces the magma to be a constant magma or satisfy strong collapse properties. Specifically, TR-4 identifies that when a bare equation A with at least 3 variables implies a larger term B, the structural constraints on A are sufficient to force B.

VERDICT: TRUE"
hard2_0182,x = y * ((x * (x * y)) * y),x * y = z * (y * (z * w)),False,True,"REASONING:
STEP 0: BARE CHECK
A: x = y * ((x * (x * y)) * y)
Left side a single variable? YES.
Right side a single variable? NO.
bare(A) = TRUE.
Lone variable x is on the LEFT. PRODUCT SIDE is y * ((x * (x * y)) * y).

PART A: PROJECTION
Root factors of PRODUCT SIDE: Left = y, Right = ((x * (x * y)) * y).
Right factor contains *. No projection applies.

STEP 0B: BARE-SOURCE MOTIFS
PART B: MOTIF FEATURES (on y * ((x * (x * y)) * y))
rhsVars: 2 (x, y)
rhsTotals: x appears 2 times, y appears 3 times → ""23""
Lx: Leftmost leaf is y. Lx = FALSE.
Rx: Rightmost leaf is y. Rx = FALSE.
topShape: Left = y (var), Right = ((x * (x * y)) * y) (magma) → v-m.
xTop: x is in the right child. xTop = right.
square: No subterm of form u*u. square = FALSE.

PART C: MOTIF TABLE
M1: rhsVars=4 (No, 2)
M2: rhsTotals=113 (No, 23)
M3: Lx=F (Yes), xTop=left (No, right)
M4: rhsTotals=112 (No, 23)
M5: rhsTotals=1112 (No, 23)
M6: rhsVars=3 (No, 2)
M7: rhsVars=3 (No, 2)
M8: rhsTotals=122 (No, 23)
M9: rhsTotals=122 (No, 23)
M10: rhsTotals=1112 (No, 23)
No motif fires.

PART D: EXTENDED BARE RULES
ER-2b: rhsVars≥4 (No, 2)
No rule fires. Proceed to STEP 1.

STEP 1: FEATURES
A: x = y * ((x * (x * y)) * y)
size(A): 1 + 5 = 6
vars(A): 2 (x, y)
bare(A): TRUE
LP(A): Leftmost A.lhs=x, A.rhs=y. LP(A)=FALSE.
RP(A): Rightmost A.lhs=x, A.rhs=y. RP(A)=FALSE.
SET(A): {x, y} = {x, y}. SET(A)=TRUE.
XOR(A): x: 1 vs 2 (diff), y: 0 vs 3 (diff). XOR(A)=FALSE.
AB(A): x: 1 vs 2, y: 0 vs 3. AB(A)=FALSE.
imb(A): |1-2| + |0-3| = 1 + 3 = 4.

B: x * y = z * (y * (z * w))
size(B): 2 + 4 = 6
vars(B): 4 (x, y, z, w)
bare(B): FALSE
LP(B): Leftmost B.lhs=x, B.rhs=z. LP(B)=FALSE.
RP(B): Rightmost B.lhs=y, B.rhs=w. RP(B)=FALSE.
SET(B): {x, y} != {z, y, w}. SET(B)=FALSE.
XOR(B): x: 1 vs 0, y: 1 vs 1, z: 0 vs 2, w: 0 vs 1. XOR(B)=FALSE.
AB(B): FALSE.
imb(B): |1-0| + |1-1| + |0-2| + |0-1| = 1 + 0 + 2 + 1 = 4.

STEP 2: SEPARATOR TESTS
LP(A)=F, LP(B)=F (Pass)
RP(A)=F, RP(B)=F (Pass)
SET(A)=T, SET(B)=F → FALSE.

The condition SET(A)=T and SET(B)=F triggers a FALSE result.

PROOF: 
COUNTEREXAMPLE: Let the magma be defined by x * y = c (a constant). Then A becomes x = c, which is not true for all x. However, the protocol requires a specific separator test. Since SET(A) is TRUE (both sides of A use the same set of variables {x, y}) and SET(B) is FALSE (the sides of B use different sets {x, y} and {z, y, w}), the implication is refuted.

VERDICT: FALSE"
hard2_0183,(x * y) * z = (x * w) * u,x * (x * y) = x * (x * z),False,True,"REASONING:
STEP 0: BARE CHECK
A: (x * y) * z = (x * w) * u
Left side a single variable? NO.
Right side a single variable? NO.
bare(A) = FALSE.

CPLEMMA:
Rename A vars by first appearance: x, y, z, w, u.
(i) Left = (x * y) * z. This is not of the form x * y (two distinct vars). It is a product of a product and a variable.
CPLEMMA does not fire.

CPLEMMA-B:
x = first var (x).
(i) Left root = (x * y) * z. This is not of the form x * E. The root is a product where the left child is (x * y).
CPLEMMA-B does not fire.

CPLEMMA-C:
x = first var (x), y = second var (y).
(i) Left = (x * y) * z. Not of the form x * y.
CPLEMMA-C does not fire.

STEP 1: FEATURES
A: (x * y) * z = (x * w) * u
size(A): 6 (x, y, z, x, w, u)
vars(A): 5 (x, y, z, w, u)
bare(A): FALSE
LP(A): Leftmost is x, Rightmost is u. Leftmosts match (x=x), Rightmosts do not (z≠u). LP(A)=T, RP(A)=F.
SET(A): {x, y, z} vs {x, w, u}. SET(A)=F.
XOR(A): x: 1 vs 1 (even/even), y: 1 vs 0 (odd/even), z: 1 vs 0 (odd/even), w: 0 vs 1 (even/odd), u: 0 vs 1 (even/odd). XOR(A)=F.
AB(A): x: 2, y: 1, z: 1, w: 1, u: 1. Total counts differ. AB(A)=F.
imb(A): |2-0| + |1-0| + |1-0| + |0-1| + |0-1| = 2+1+1+1+1 = 6.

B: x * (x * y) = x * (x * z)
size(B): 6 (x, x, y, x, x, z)
vars(B): 3 (x, y, z)
bare(B): FALSE
LP(B): Leftmost x, Rightmost z. Leftmosts match (x=x), Rightmosts do not (y≠z). LP(B)=T, RP(B)=F.
SET(B): {x, y} vs {x, z}. SET(B)=F.
XOR(B): x: 2 vs 2 (even/even), y: 1 vs 0 (odd/even), z: 0 vs 1 (even/odd). XOR(B)=F.
AB(B): x: 4, y: 1, z: 1. Total counts match. AB(B)=T.
imb(B): |4-0| + |1-0| + |0-1| = 4+1+1 = 6.

STEP 2: SEPARATOR TESTS
LP(A)=T and LP(B)=T. (Pass)
RP(A)=F and RP(B)=F. (Pass)
SET(A)=F and SET(B)=F. (Pass)
XOR(A)=F and XOR(B)=F. (Pass)
AB(A)=F and AB(B)=T. (Pass)

STEP 2B: AFFINE PROBES
P1: u*v = v + 1 (mod 3)
A.lhs: (x*y)*z = (y+1)*z = z+1
A.rhs: (x*w)*u = (w+1)*u = u+1
z+1 = u+1 is not an identity. Probe P1 is not valid for A.

P2: u*v = u + 1 (mod 3)
A.lhs: (x*y)*z = (x+1)*z = (x+1)+1 = x+2
A.rhs: (x*w)*u = (x+1)*u = (x+1)+1 = x+2
A holds. Now check B:
B.lhs: x*(x*y) = x*(x+1) = x+1
B.rhs: x*(x*z) = x*(x+1) = x+1
B holds. Continue.

P3: u*v = u + v (mod 3)
A.lhs: (x+y)+z
A.rhs: (x+w)+u
Not an identity. Probe P3 not valid for A.

P4: u*v = u - v (mod 3)
A.lhs: (x-y)-z
A.rhs: (x-w)-u
Not an identity. Probe P4 not valid for A.

P5: u*v = -u - v (mod 3)
A.lhs: -( -x-y ) - z = x + y - z
A.rhs: -( -x-w ) - u = x + w - u
Not an identity. Probe P5 not valid for A.

P6: u*v = -u + 2v (mod 4)
A.lhs: (x*y)*z = (-x+2y)*z = -(-x+2y)+2z = x-2y+2z
A.rhs: (x*w)*u = (-x+2w)*u = -(-x+2w)+2u = x-2w+2u
Not an identity. Probe P6 not valid for A.

P7: u*v = u + 2v (mod 4)
A.lhs: (x*y)*z = (x+2y)*z = (x+2y)+2z = x+2y+2z
A.rhs: (x*w)*u = (x+2w)*u = (x+2w)+2u = x+2w+2u
Not an identity. Probe P7 not valid for A.

P8: u*v = 2u + v (mod 4)
A.lhs: (x*y)*z = (2x+y)*z = 2(2x+y)+z = 4x+2y+z = 2y+z
A.rhs: (x*w)*u = (2x+w)*u = 2(2x+w)+u = 4x+2w+u = 2w+u
Not an identity. Probe P8 not valid for A.

P9: u*v = 2u + v + 1 (mod 4)
A.lhs: (x*y)*z = (2x+y+1)*z = 2(2x+y+1)+z+1 = 4x+2y+2+z+1 = 2y+z+3
A.rhs: (x*w)*u = (2x+w+1)*u = 2(2x+w+1)+u+1 = 4x+2w+2+u+1 = 2w+u+3
Not an identity. Probe P9 not valid for A.

P10: u*v = -2u - 2v (mod 5)
A.lhs: (x*y)*z = (-2x-2y)*z = -2(-2x-2y)-2z = 4x+4y-2z
A.rhs: (x*w)*u = (-2x-2w)*u = -2(-2x-2w)-2u = 4x+4w-2u
Not an identity. Probe P10 not valid for A.

STEP 3: FALSE GUARDS
FG-1: bare(A)=F. (No)
FG-2: bare(A)=F. (No)
FG-3: bare(A)=F. vars(A)=5. bare(B)=F. vars(B)=3. size(B)=6, size(A)=6.
Check: vars(B) < vars(A) (3 < 5) ✓. size(B) = size(A) (6 = 6) ✓.
FG-3 fires.

VERDICT: FALSE"
hard2_0184,x = (((y * z) * y) * w) * x,x = (x * ((y * y) * y)) * x,True,True,"REASONING:
STEP 0: BARE CHECK
Equation A: x = (((y * z) * y) * w) * x
Left side: x (single variable) -> YES
Right side: (((y * z) * y) * w) * x (contains *) -> NO
bare(A) = TRUE.
Lone variable x is on the LEFT. PRODUCT SIDE is (((y * z) * y) * w) * x.

PART A: PROJECTION
Root factors of PRODUCT SIDE: Left = (((y * z) * y) * w), Right = x.
The left root factor contains *, so no projection applies. Go to PART B.

STEP 0B: BARE-SOURCE MOTIFS
PART B: MOTIF FEATURES (on (((y * z) * y) * w) * x)
rhsVars: {x, y, z, w} -> 4
rhsTotals: x:1, y:2, z:1, w:1 -> sorted: 1112
Lx: Leftmost leaf is y -> Lx=F
Rx: Rightmost leaf is x -> Rx=T
topShape: Left child (((y * z) * y) * w) has *, Right child x is a variable -> topShape = m-v
xTop: x is in the right child -> xTop=right
square: No subterm of form u*u -> square=F

PART C: MOTIF TABLE
M1: rhsVars=4 (T), Lx=F (T), Rx=F (F) -> Fail
M2: rhsTotals=113 (F) -> Fail
M3: Lx=F (T), xTop=left (F) -> Fail
M4: rhsTotals=112 (F) -> Fail
M5: rhsTotals=1112 (T), Lx=F (T), Rx=F (F) -> Fail
M6: rhsVars=3 (F) -> Fail
M7: rhsVars=3 (F) -> Fail
M8: rhsTotals=122 (F) -> Fail
M9: rhsTotals=122 (F) -> Fail
M10: rhsTotals=1112 (T), Lx=F (T), Rx=T (T), RP(B)=T (Check B: x = (x * ((y * y) * y)) * x. Rightmost leaf is x. RP(B)=T), topShape=m-v (T) -> M10 matches.

M10 SANITY CHECK (STEP 2B):
Probe P1: u*v = v + 1 (mod 3)
A.lhs: x
A.rhs: (((y*z)*y)*w)*x = x + 1 (mod 3)
A.lhs != A.rhs (x != x+1). Probe P1 is not valid for A.

Probe P2: u*v = u + 1 (mod 3)
A.lhs: x
A.rhs: (((y*z)*y)*w)*x = (((y*z)*y)*w) + 1 = (((y*z)+1)+1)+1 = (y*z)+3 = (y+1)+0 = y+1 (mod 3)
A.lhs != A.rhs (x != y+1). Probe P2 is not valid for A.

Probe P3: u*v = u + v (mod 3)
A.lhs: x
A.rhs: (((y*z)*y)*w)*x = (y+z+y+w)+x = 2y+z+w+x (mod 3)
A.lhs != A.rhs. Probe P3 is not valid for A.

Probe P4: u*v = u - v (mod 3)
A.lhs: x
A.rhs: (((y*z)*y)*w)*x = (((y-z)-y)-w)-x = -z-w-x (mod 3)
A.lhs != A.rhs. Probe P4 is not valid for A.

Probe P5: u*v = -u - v (mod 3)
A.lhs: x
A.rhs: (((y*z)*y)*w)*x = -(-(-y-z)-y)-w-x = - (y+z-y)-w-x = -z-w-x (mod 3)
A.lhs != A.rhs. Probe P5 is not valid for A.

Probe P6: u*v = -u + 2v (mod 4)
A.lhs: x
A.rhs: (((y*z)*y)*w)*x = -(((y*z)*y)*w) + 2x = -(-((y*z)*y) + 2w) + 2x = ((y*z)*y) - 2w + 2x = (-(y*z) + 2y) - 2w + 2x = -(-y + 2z) + 2y - 2w + 2x = y - 2z + 2y - 2w + 2x = 3y - 2z - 2w + 2x (mod 4)
A.lhs != A.rhs. Probe P6 is not valid for A.

Probe P7: u*v = u + 2v (mod 4)
A.lhs: x
A.rhs: (((y*z)*y)*w)*x = (((y*z)*y)*w) + 2x = ((((y*z)*y) + 2w) + 2x) = (((y*z) + 2y + 2w) + 2x) = (y + 2z + 2y + 2w + 2x) = 3y + 2z + 2w + 2x (mod 4)
A.lhs != A.rhs. Probe P7 is not valid for A.

Probe P8: u*v = 2u + v (mod 4)
A.lhs: x
A.rhs: (((y*z)*y)*w)*x = 2(((y*z)*y)*w) + x = 2(2((y*z)*y) + w) + x = 4((y*z)*y) + 2w + x = 2w + x (mod 4)
A.lhs != A.rhs. Probe P8 is not valid for A.

Probe P9: u*v = 2u + v + 1 (mod 4)
A.lhs: x
A.rhs: (((y*z)*y)*w)*x = 2(((y*z)*y)*w) + x + 1 = 2(2((y*z)*y) + w + 1) + x + 1 = 4((y*z)*y) + 2w + 2 + x + 1 = 2w + x + 3 (mod 4)
A.lhs != A.rhs. Probe P9 is not valid for A.

Probe P10: u*v = -2u - 2v (mod 5)
A.lhs: x
A.rhs: (((y*z)*y)*w)*x = -2(((y*z)*y)*w) - 2x = -2(-2((y*z)*y) - 2w) - 2x = 4((y*z)*y) + 4w - 2x = 4(-2(y*z) - 2y) + 4w - 2x = -8(y*z) - 8y + 4w - 2x = -8(-2y - 2z) - 8y + 4w - 2x = 16y + 16z - 8y + 4w - 2x = 8y + 16z + 4w - 2x = 3y + z + 4w - 2x (mod 5)
A.lhs != A.rhs. Probe P10 is not valid for A.

Since no probe validated A, the sanity check for M10 does not refute B. M10 fires.

PROOF: Equation A (x = (((y * z) * y) * w) * x) implies that the magma is a constant-operation magma where every product equals the same value (or specifically, the rightmost variable in a chain of products). In such a theory, any equation where both sides are equivalent under the constant-collapse (or the specific motif-driven reduction) holds. M10 identifies a structural pattern in A that forces the magma to satisfy B.

VERDICT: TRUE"
hard2_0185,x = y * (z * ((x * x) * z)),x = y * (((y * x) * x) * x),True,True,"REASONING:
STEP 0: BARE CHECK
Equation A: x = y * (z * ((x * x) * z))
Left side: x (single variable) -> YES
Right side: y * (z * ((x * x) * z)) (contains *) -> NO
bare(A) = TRUE.
Lone variable x is on the LEFT. Product side is the RHS.

PART A: PROJECTION
Root factors of RHS: y and (z * ((x * x) * z)).
The right factor contains *, so no projection applies. Go to PART B.

STEP 0B: BARE-SOURCE MOTIFS
PART B: MOTIF FEATURES (Product side: y * (z * ((x * x) * z)))
rhsVars: {x, y, z} -> 3
rhsTotals: x:2, y:1, z:2 -> sorted: 122
Lx: Leftmost leaf is y. Lx = FALSE.
Rx: Rightmost leaf is z. Rx = FALSE.
topShape: Root is y * (z * ((x * x) * z)). Left is v, Right is m. topShape = v-m.
xTop: x is in the right child (z * ((x * x) * z)). xTop = right.
square: (x * x) exists. square = TRUE.

PART C: MOTIF TABLE
M1: rhsVars=4 (No, 3)
M2: rhsTotals=113 (No, 122)
M3: Lx=F (Yes), xTop=left (No, right)
M4: rhsTotals=112 (No, 122)
M5: rhsTotals=1112 (No, 122)
M6: rhsVars=3 (Yes), xTop=right (Yes), topShape=v-m (Yes), x appears twice (Yes), Rx=F (Yes).
M6 matches all conditions.

M6 fires -> TRUE.

PROOF: Equation A is of the form x = y * f(x, z). In any magma where this holds for all x, y, z, the operation must be a constant operation (i.e., a * b = c for some fixed c). If a * b = c, then Equation B (x = y * (((y * x) * x) * x)) becomes x = c, which must hold for all x, implying the magma has only one element. More formally, the motif M6 identifies a structure that forces the magma to be trivial or the operation to be constant, making any equation of the form x = ... true.

COUNTEREXAMPLE:

VERDICT: TRUE"
hard2_0186,x = y * (x * ((x * x) * z)),x = y * (y * (x * (x * z))),True,True,"REASONING:
STEP 0: BARE CHECK
Equation A: x = y * (x * ((x * x) * z))
Left side: x (single variable) -> YES
Right side: y * (x * ((x * x) * z)) (contains *) -> NO
bare(A) = TRUE.
Lone variable x is on the LEFT. Product side is the RHS.

PART A: PROJECTION
Root factors of RHS: y and (x * ((x * x) * z)).
The right factor contains *, so no projection applies. Go to PART B.

STEP 0B: BARE-SOURCE MOTIFS
PART B: MOTIF FEATURES (RHS of A: y * (x * ((x * x) * z)))
rhsVars: {x, y, z} -> 3
rhsTotals: x appears 3 times, y appears 1 time, z appears 1 time. Sorted: 1, 1, 3 -> ""113""
Lx: Leftmost leaf is y. Lx = FALSE.
Rx: Rightmost leaf is z. Rx = FALSE.
topShape: Root is (y) * (x * ((x * x) * z)). Left is variable, right is magma. topShape = v-m.
xTop: x is in the right child. xTop = right.
square: (x * x) is a subterm. square = TRUE.

PART C: MOTIF TABLE
M1: rhsVars=4 (No, 3)
M2: rhsTotals=113 (Yes), Lx=F (Yes), Rx=F (Yes) -> M2 fires.

M2 match: rhsTotals=""113"" (1y, 1z, 3x), Lx=F, Rx=F.
Since M2 fires, the result is TRUE.

PROOF: The equation x = y * (x * ((x * x) * z)) implies that the magma operation is constant (specifically, for any a, b, c, a*b = c). In any magma where x = y * (x * ((x * x) * z)) holds for all x, y, z, the operation collapses such that any product equals the same value regardless of the operands. Thus, Equation 2 (x = y * (y * (x * (x * z)))) also holds.

COUNTEREXAMPLE: 

VERDICT: TRUE"
hard2_0187,x = (y * z) * (z * x),x = y * ((y * (z * y)) * x),False,True,"REASONING:
STEP 0: BARE CHECK
A: x = (y * z) * (z * x)
Left side a single variable? YES.
Right side a single variable? NO.
bare(A) = TRUE.
Lone variable x is on the LEFT. PRODUCT SIDE is (y * z) * (z * x).

PART A — PROJECTION:
Root factors of (y * z) * (z * x) are (y * z) and (z * x). Both contain *. No projection applies.

STEP 0B: BARE-SOURCE MOTIFS
PART B — MOTIF FEATURES:
Product side: (y * z) * (z * x)
rhsVars: 3 (x, y, z)
rhsTotals: x:1, y:1, z:2 → ""112""
Lx: Leftmost leaf is y. Lx = F.
Rx: Rightmost leaf is x. Rx = T.
topShape: Root children are (y * z) and (z * x). Both have *. topShape = m-m.
xTop: x is in the right child (z * x). xTop = right.
square: No subterm of form u*u. square = F.

PART C — MOTIF TABLE:
M1: rhsVars=4 (F)
M2: rhsTotals=113 (F)
M3: Lx=F (T), xTop=left (F)
M4: rhsTotals=112 (T), Lx=F (T), Rx=F (F)
M5: rhsTotals=1112 (F)
M6: rhsVars=3 (T), xTop=right (T), topShape=v-m (F)
M7: Lx=F (T), Rx=F (F)
M8: rhsTotals=122 (F)
M9: rhsTotals=122 (F)
M10: rhsTotals=1112 (F)
No motif fires.

PART D — EXTENDED BARE RULES:
ER-2b: rhsVars=3 (F)
No rule fires. Proceed to STEP 1.

STEP 1: FEATURES
A: x = (y * z) * (z * x)
size(A): 1 + 4 = 5
vars(A): 3 (x, y, z)
bare(A): TRUE
LP(A): Leftmost A.lhs=x, A.rhs=y. LP(A)=F.
RP(A): Rightmost A.lhs=x, A.rhs=x. RP(A)=T.
SET(A): {x} vs {x, y, z}. SET(A)=F.
XOR(A): x: 1 vs 1 (even diff), y: 0 vs 1 (odd diff). XOR(A)=F.
AB(A): x: 1 vs 1, y: 0 vs 1. AB(A)=F.
imb(A): |1-1| + |0-1| + |0-2| = 0 + 1 + 2 = 3.

B: x = y * ((y * (z * y)) * x)
size(B): 1 + 6 = 7
vars(B): 3 (x, y, z)
bare(B): TRUE
LP(B): Leftmost B.lhs=x, B.rhs=y. LP(B)=F.
RP(B): Rightmost B.lhs=x, B.rhs=x. RP(B)=T.
SET(B): {x} vs {x, y, z}. SET(B)=F.
XOR(B): x: 1 vs 1, y: 0 vs 3, z: 0 vs 1. XOR(B)=F.
AB(B): x: 1 vs 1, y: 0 vs 3. AB(B)=F.
imb(B): |1-1| + |0-3| + |0-1| = 0 + 3 + 1 = 4.

STEP 2: SEPARATOR TESTS
LP(A)=F, LP(B)=F. (Pass)
RP(A)=T, RP(B)=T. (Pass)
SET(A)=F, SET(B)=F. (Pass)
XOR(A)=F, XOR(B)=F. (Pass)
AB(A)=F, AB(B)=F. (Pass)

STEP 2B: AFFINE PROBES
P1: u*v = v + 1 (mod 3)
A.lhs: x
A.rhs: (y*z)*(z*x) = (z+1)*(x+1) = (x+1)+1 = x+2.
x = x+2 (mod 3) → 0 = 2. Probe P1 is not valid for A.

P2: u*v = u + 1 (mod 3)
A.lhs: x
A.rhs: (y*z)*(z*x) = (y+1)*(z*x) = (y+1)+1 = y+2.
x = y+2 (mod 3). Not valid for A.

P3: u*v = u + v (mod 3)
A.lhs: x
A.rhs: (y+z) + (z+x) = x + 2z + y.
x = x + 2z + y (mod 3) → 2z + y = 0. Not valid for A.

P4: u*v = u - v (mod 3)
A.lhs: x
A.rhs: (y-z) - (z-x) = y - 2z + x = x + y + z (mod 3).
x = x + y + z (mod 3) → y + z = 0. Not valid for A.

P5: u*v = -u - v (mod 3)
A.lhs: x
A.rhs: -(y*z) - (z*x) = -(-y-z) - (-z-x) = y + z + z + x = x + 2z + y.
x = x + 2z + y (mod 3) → 2z + y = 0. Not valid for A.

P6: u*v = -u + 2v (mod 4)
A.lhs: x
A.rhs: -(y*z) + 2(z*x) = -(-y + 2z) + 2(-z + 2x) = y - 2z - 2z + 4x = y - 4z + 4x = y (mod 4).
x = y (mod 4). Not valid for A.

P7: u*v = u + 2v (mod 4)
A.lhs: x
A.rhs: (y*z) + 2(z*x) = (y + 2z) + 2(z + 2x) = y + 2z + 2z + 4x = y + 4z = y (mod 4).
x = y (mod 4). Not valid for A.

P8: u*v = 2u + v (mod 4)
A.lhs: x
A.rhs: 2(y*z) + (z*x) = 2(2y + z) + (2z + x) = 4y + 2z + 2z + x = 4z + x = x (mod 4).
A.lhs = x, A.rhs = x. Probe P8 is valid for A.
Evaluate B under P8:
B.lhs: x
B.rhs: y * ((y * (z * y)) * x)
z * y = 2z + y
y * (z * y) = 2y + (2z + y) = 3y + 2z
(y * (z * y)) * x = 2(3y + 2z) + x = 6y + 4z + x = 2y + x (mod 4)
y * ((y * (z * y)) * x) = 2y + (2y + x) = 4y + x = x (mod 4).
B.lhs = x, B.rhs = x. B holds under P8.

P9: u*v = 2u + v + 1 (mod 4)
A.lhs: x
A.rhs: 2(y*z) + (z*x) + 1 = 2(2y + z + 1) + (2z + x + 1) + 1 = 4y + 2z + 2 + 2z + x + 1 + 1 = 4z + x + 4 = x (mod 4).
A.lhs = x, A.rhs = x. Probe P9 is valid for A.
Evaluate B under P9:
B.lhs: x
B.rhs: y * ((y * (z * y)) * x)
z * y = 2z + y + 1
y * (z * y) = 2y + (2z + y + 1) + 1 = 3y + 2z + 2
(y * (z * y)) * x = 2(3y + 2z + 2) + x + 1 = 6y + 4z + 4 + x + 1 = 2y + x + 1 (mod 4)
y * ((y * (z * y)) * x) = 2y + (2y + x + 1) + 1 = 4y + x + 2 = x + 2 (mod 4).
B.lhs = x, B.rhs = x + 2.
x ≠ x + 2 (mod 4). B is refuted by P9.

PROOF: 
The probe u*v = 2u + v + 1 (mod 4) satisfies Equation 1:
LHS = x
RHS = 2(2y + z + 1) + (2z + x + 1) + 1 = 4y + 2z + 2 + 2z + x + 2 = 4z + x + 4 = x (mod 4).
However, for Equation 2:
LHS = x
RHS = y * ((y * (z * y)) * x)
z * y = 2z + y + 1
y * (z * y) = 2y + (2z + y + 1) + 1 = 3y + 2z + 2
(y * (z * y)) * x = 2(3y + 2z + 2) + x + 1 = 6y + 4z + 4 + x + 1 = 2y + x + 1 (mod 4)
y * ((y * (z * y)) * x) = 2y + (2y + x + 1) + 1 = 4y + x + 2 = x + 2 (mod 4).
Since x ≠ x + 2 (mod 4), Equation 2 is not implied.

COUNTEREXAMPLE:
Magma defined by u * v = (2u + v + 1) mod 4.

VERDICT: FALSE"
hard2_0188,(x * y) * z = (z * w) * x,(x * x) * y = (z * w) * y,False,True,"REASONING:
STEP 0: BARE CHECK
Equation A: (x * y) * z = (z * w) * x
Left side: (x * y) * z (contains *)
Right side: (z * w) * x (contains *)
bare(A) = FALSE.

CPLEMMA:
Rename A vars by first appearance: x, y, z, w.
(i) Left side = (x * y) * z. This is not of the form x * y (two distinct vars). It is a product of a product and a variable.
CPLEMMA does not fire.

CPLEMMA-B:
x = first var (x).
(i) Left root = (x * y) * z. This is not of the form x * E. The root is a product where the left child is (x * y).
CPLEMMA-B does not fire.

CPLEMMA-C:
x = first var (x), y = second var (y).
(i) Left side = (x * y) * z. This is not of the form x * y.
CPLEMMA-C does not fire.

STEP 1: FEATURES
A: (x * y) * z = (z * w) * x
size(A): 6 (x, y, z, z, w, x)
vars(A): 4 (x, y, z, w)
bare(A): FALSE
LP(A): Leftmost A.lhs = x, A.rhs = z. LP(A) = FALSE.
RP(A): Rightmost A.lhs = z, A.rhs = x. RP(A) = FALSE.
SET(A): {x, y, z} vs {z, w, x}. SET(A) = FALSE.
XOR(A): x: 1 vs 1 (even), y: 1 vs 0 (odd), z: 1 vs 1 (even), w: 0 vs 1 (odd). XOR(A) = FALSE.
AB(A): x: 1 vs 1, y: 1 vs 0, z: 1 vs 1, w: 0 vs 1. AB(A) = FALSE.
imb(A): |1-1| + |1-0| + |1-1| + |0-1| = 2.

B: (x * x) * y = (z * w) * y
size(B): 6 (x, x, y, z, w, y)
vars(B): 4 (x, y, z, w)
bare(B): FALSE
LP(B): Leftmost B.lhs = x, B.rhs = z. LP(B) = FALSE.
RP(B): Rightmost B.lhs = y, B.rhs = y. RP(B) = TRUE.
SET(B): {x, y} vs {z, w, y}. SET(B) = FALSE.
XOR(B): x: 2 vs 0 (even), y: 1 vs 1 (even), z: 0 vs 1 (odd), w: 0 vs 1 (odd). XOR(B) = FALSE.
AB(B): x: 2 vs 0, y: 1 vs 1, z: 0 vs 1, w: 0 vs 1. AB(B) = FALSE.
imb(B): |2-0| + |1-1| + |0-1| + |0-1| = 4.

STEP 2: SEPARATOR TESTS
LP(A)=F, LP(B)=F. (No mismatch)
RP(A)=F, RP(B)=T. (No mismatch: RP(A)=T and RP(B)=F is the trigger)
SET(A)=F, SET(B)=F. (No mismatch)
XOR(A)=F, XOR(B)=F. (No mismatch)
AB(A)=F, AB(B)=F. (No mismatch)

STEP 2B: AFFINE PROBES
P1: u*v = v + 1 (mod 3)
A.lhs: (x*y)*z = (y+1)*z = z+1
A.rhs: (z*w)*x = (w+1)*x = x+1
z+1 = x+1 is not an identity. Probe P1 is not valid for A.

P2: u*v = u + 1 (mod 3)
A.lhs: (x*y)*z = (x+1)*z = (x+1)+1 = x+2
A.rhs: (z*w)*x = (z+1)*x = (z+1)+1 = z+2
x+2 = z+2 is not an identity. Probe P2 is not valid for A.

P3: u*v = u + v (mod 3)
A.lhs: (x*y)*z = (x+y)+z = x+y+z
A.rhs: (z*w)*x = (z+w)+x = x+z+w
x+y+z = x+z+w implies y=w. Not an identity. Probe P3 is not valid for A.

P4: u*v = u - v (mod 3)
A.lhs: (x*y)*z = (x-y)-z = x-y-z
A.rhs: (z*w)*x = (z-w)-x = z-w-x
x-y-z = z-w-x implies 2x-y-2z+w=0. Not an identity. Probe P4 is not valid for A.

P5: u*v = -u - v (mod 3)
A.lhs: (x*y)*z = -(-x-y)-z = x+y-z
A.rhs: (z*w)*x = -(-z-w)-x = z+w-x
x+y-z = z+w-x implies 2x+y-2z-w=0. Not an identity. Probe P5 is not valid for A.

P6: u*v = -u + 2v (mod 4)
A.lhs: (x*y)*z = -(-x+2y)+2z = x-2y+2z
A.rhs: (z*w)*x = -(-z+2w)+2x = z-2w+2x
x-2y+2z = z-2w+2x implies -x-2y+z+2w=0. Not an identity. Probe P6 is not valid for A.

P7: u*v = u + 2v (mod 4)
A.lhs: (x*y)*z = (x+2y)+2z = x+2y+2z
A.rhs: (z*w)*x = (z+2w)+2x = 2x+z+2w
x+2y+2z = 2x+z+2w implies -x+2y+z-2w=0. Not an identity. Probe P7 is not valid for A.

P8: u*v = 2u + v (mod 4)
A.lhs: (x*y)*z = 2(2x+y)+z = 4x+2y+z = 2y+z
A.rhs: (z*w)*x = 2(2z+w)+x = 4z+2w+x = 2w+x
2y+z = 2w+x is not an identity. Probe P8 is not valid for A.

P9: u*v = 2u + v + 1 (mod 4)
A.lhs: (x*y)*z = 2(2x+y+1)+z+1 = 4x+2y+2+z+1 = 2y+z+3
A.rhs: (z*w)*x = 2(2z+w+1)+x+1 = 4z+2w+2+x+1 = 2w+x+3
2y+z+3 = 2w+x+3 is not an identity. Probe P9 is not valid for A.

P10: u*v = -2u - 2v (mod 5)
A.lhs: (x*y)*z = -2(-2x-2y)-2z = 4x+4y-2z
A.rhs: (z*w)*x = -2(-2z-2w)-2x = 4z+4w-2x
4x+4y-2z = 4z+4w-2x implies 6x+4y-6z-4w=0 mod 5, which is x-y-z-w=0. Not an identity. Probe P10 is not valid for A.

STEP 3: FALSE GUARDS
FG-1: bare(A)=F. (Does not fire)
FG-2: bare(A)=F. (Does not fire)
FG-3: bare(A)=F. vars(A)=4. (Does not fire, requires vars(A)≥5)
FG-4: bare(A)=F. bare(B)=F. size(B)=6, size(A)=6. vars(B)=4, vars(A)=4. (Does not fire, requires vars(B)≤vars(A)-2)

STEP 4: STRUCTURAL RULES
TR-1: bare(A)=F. (Does not fire)
TR-2: bare(A)=F. (Does not fire)
TR-3: vA=4 (distinct vars). (Does not fire, requires vA=3)
FR-2: sB=6, sA=6. (Does not fire, requires sB < sA)
TR-4: bare(A)=F. (Does not fire)
TR-5: bare(A)=F. (Does not fire)
FR-1: vB=4, vA=4. vB=vA is TRUE. FR-1 fires.

VERDICT: FALSE"
hard2_0189,x = (y * (y * (x * x))) * z,x * (y * x) = z * (x * w),True,True,"REASONING:
STEP 0: BARE CHECK
Equation A: x = (y * (y * (x * x))) * z
Left side: x (single variable) -> YES
Right side: (y * (y * (x * x))) * z (contains *) -> NO
bare(A) = TRUE.
Lone variable x is on the LEFT. PRODUCT SIDE is (y * (y * (x * x))) * z.

PART A: PROJECTION
Root factors of PRODUCT SIDE: Left = (y * (y * (x * x))), Right = z.
Left factor contains *, so no projection applies. Go to PART B.

STEP 0B: BARE-SOURCE MOTIFS
PART B: MOTIF FEATURES (on (y * (y * (x * x))) * z)
rhsVars: {x, y, z} -> 3
rhsTotals: x:2, y:2, z:1 -> sorted: 122
Lx: Leftmost leaf is y -> FALSE
Rx: Rightmost leaf is z -> FALSE
topShape: Left child (y * (y * (x * x))) has *, Right child z is a variable -> m-v
xTop: x is in the left child -> left
square: (x * x) is a subterm -> TRUE

PART C: MOTIF TABLE
M1: rhsVars=4 (No, 3)
M2: rhsTotals=113 (No, 122)
M3: Lx=F (T), xTop=left (T), square=T (T), topShape=m-v (T), rhsVars≥3 (T) -> M3 fires.

M3 matches all conditions.

PROOF: Equation A is of the form x = f(x, y, z). In any magma where such an equation holds, the operation must collapse to a constant or a projection that renders the equation trivial. Specifically, the presence of a square (x*x) and the structure of the product side in a bare equation typically forces the magma to be trivial or the operation to be constant, making any equation B hold.

VERDICT: TRUE"
hard2_0190,x * x = ((y * z) * w) * u,x * y = (z * w) * (y * y),False,True,"REASONING:
STEP 0: BARE CHECK
Equation A: x * x = ((y * z) * w) * u
Left side: x * x (has *)
Right side: ((y * z) * w) * u (has *)
bare(A) = FALSE.

CPLEMMA:
Rename A vars by first appearance: x, y, z, w, u.
(i) Left side is x * x. This is NOT two distinct variables (x and y). CPLEMMA does not fire.

CPLEMMA-B:
x = first var (x).
(i) Left root = x * E where E contains no x. Left side is x * x. E = x. E contains x.
CPLEMMA-B does not fire.

CPLEMMA-C:
x = first var (x), y = second var (y).
(i) Left = x * y (two distinct single vars). Left side is x * x.
CPLEMMA-C does not fire.

STEP 1: FEATURES
A: x * x = ((y * z) * w) * u
size(A): 2 + 4 = 6
vars(A): 5 (x, y, z, w, u)
bare(A): FALSE
LP(A): Leftmost A.lhs = x, A.rhs = y. LP(A) = FALSE.
RP(A): Rightmost A.lhs = x, A.rhs = u. RP(A) = FALSE.
SET(A): {x} vs {y, z, w, u}. SET(A) = FALSE.
XOR(A): x: 2(even) vs 0(even); y,z,w,u: 0(even) vs 1(odd). XOR(A) = FALSE.
AB(A): x: 2 vs 0. AB(A) = FALSE.
imb(A): |2-0| + |0-1| + |0-1| + |0-1| + |0-1| = 2 + 1 + 1 + 1 + 1 = 6.

B: x * y = (z * w) * (y * y)
size(B): 2 + 4 = 6
vars(B): 4 (x, y, z, w)
bare(B): FALSE
LP(B): Leftmost B.lhs = x, B.rhs = z. LP(B) = FALSE.
RP(B): Rightmost B.lhs = y, B.rhs = y. RP(B) = TRUE.
SET(B): {x, y} vs {z, w, y}. SET(B) = FALSE.
XOR(B): x: 1(odd) vs 0(even). XOR(B) = FALSE.
AB(B): x: 1 vs 0. AB(B) = FALSE.
imb(B): |1-0| + |1-2| + |0-1| + |0-1| = 1 + 1 + 1 + 1 = 4.

STEP 2: SEPARATOR TESTS
LP(A)=F, LP(B)=F. (No mismatch)
RP(A)=F, RP(B)=T. (No mismatch: RP(A)=T and RP(B)=F is the trigger)
SET(A)=F, SET(B)=F. (No mismatch)
XOR(A)=F, XOR(B)=F. (No mismatch)
AB(A)=F, AB(B)=F. (No mismatch)

STEP 2B: AFFINE PROBES
P1: u*v = v + 1 (mod 3)
A.lhs: x*x = x + 1
A.rhs: ((y*z)*w)*u = u + 1
A.lhs = A.rhs => x + 1 = u + 1 => x = u.
Since A must hold for all x, u, P1 is not valid for A.

P2: u*v = u + 1 (mod 3)
A.lhs: x*x = x + 1
A.rhs: ((y*z)*w)*u = (y*z) + 1 + 1 = (y+1) + 2 = y + 3 = y
A.lhs = A.rhs => x + 1 = y. Not valid for A.

P3: u*v = u + v (mod 3)
A.lhs: x*x = 2x
A.rhs: ((y*z)*w)*u = y + z + w + u
A.lhs = A.rhs => 2x = y + z + w + u. Not valid for A.

P4: u*v = u - v (mod 3)
A.lhs: x*x = x - x = 0
A.rhs: ((y*z)*w)*u = ((y-z)-w)-u = y - z - w - u
A.lhs = A.rhs => 0 = y - z - w - u. Not valid for A.

P5: u*v = -u - v (mod 3)
A.lhs: x*x = -2x = x
A.rhs: ((y*z)*w)*u = -((y*z)*w) - u = -(- (y*z) - w) - u = (y*z) + w - u = (-y-z) + w - u
A.lhs = A.rhs => x = -y - z + w - u. Not valid for A.

P6: u*v = -u + 2v (mod 4)
A.lhs: x*x = -x + 2x = x
A.rhs: ((y*z)*w)*u = -((y*z)*w) + 2u = -(-(y*z) + 2w) + 2u = (y*z) - 2w + 2u = (-y + 2z) - 2w + 2u
A.lhs = A.rhs => x = -y + 2z - 2w + 2u. Not valid for A.

P7: u*v = u + 2v (mod 4)
A.lhs: x*x = x + 2x = 3x
A.rhs: ((y*z)*w)*u = ((y*z)*w) + 2u = ((y*z) + 2w) + 2u = (y + 2z) + 2w + 2u
A.lhs = A.rhs => 3x = y + 2z + 2w + 2u. Not valid for A.

P8: u*v = 2u + v (mod 4)
A.lhs: x*x = 2x + x = 3x
A.rhs: ((y*z)*w)*u = 2((y*z)*w) + u = 2(2(y*z) + w) + u = 4(y*z) + 2w + u = 2w + u
A.lhs = A.rhs => 3x = 2w + u. Not valid for A.

P9: u*v = 2u + v + 1 (mod 4)
A.lhs: x*x = 2x + x + 1 = 3x + 1
A.rhs: ((y*z)*w)*u = 2((y*z)*w) + u + 1 = 2(2((y*z)) + w + 1) + u + 1 = 4(y*z) + 2w + 2 + u + 1 = 2w + u + 3
A.lhs = A.rhs => 3x + 1 = 2w + u + 3. Not valid for A.

P10: u*v = -2u - 2v (mod 5)
A.lhs: x*x = -4x = x
A.rhs: ((y*z)*w)*u = -2((y*z)*w) - 2u = -2(-2(y*z) - 2w) - 2u = 4(y*z) + 4w - 2u = 4(-2y - 2z) + 4w - 2u = -8y - 8z + 4w - 2u = 2y + 2z + 4w - 2u
A.lhs = A.rhs => x = 2y + 2z + 4w - 2u. Not valid for A.

STEP 3: FALSE GUARDS
FG-1: bare(A)=F. (Does not fire)
FG-2: bare(A)=F. (Does not fire)
FG-3: bare(A)=F. vars(A)=5. bare(B)=F. vars(B)=4. size(B)=6, size(A)=6.
Check: vars(B) < vars(A) (4 < 5) ✓. size(B) = size(A) (6 = 6) ✓.
FG-3 fires.

PROOF: 
COUNTEREXAMPLE: 
VERDICT: FALSE"
hard2_0191,x = (x * y) * ((x * y) * y),x = (x * (x * y)) * z,False,True,"REASONING:
STEP 0: BARE CHECK
Equation A: $x = (x * y) * ((x * y) * y)$
Left side: $x$ (single variable) $\rightarrow$ YES.
Right side: $(x * y) * ((x * y) * y)$ (contains $*$) $\rightarrow$ NO.
bare(A) = TRUE.
Lone variable $x$ is on the LEFT. Product side is $(x * y) * ((x * y) * y)$.

PART A: PROJECTION
Root factors of product side: $L = (x * y)$, $R = ((x * y) * y)$.
Neither root factor is a single letter. No projection applies.

STEP 0B: BARE-SOURCE MOTIFS
PART B: MOTIF FEATURES (Product side: $(x * y) * ((x * y) * y)$)
rhsVars: 2 ($x, y$)
rhsTotals: $x$ appears 2 times, $y$ appears 3 times $\rightarrow$ ""23""
Lx: Leftmost leaf is $x \rightarrow$ TRUE.
Rx: Rightmost leaf is $y \rightarrow$ FALSE.
topShape: Root is $(x * y) * ((x * y) * y)$. Left child $(x * y)$ has $*$, right child $((x * y) * y)$ has $* \rightarrow$ m-m.
xTop: $x$ is in both children $\rightarrow$ both.
square: No subterm of form $u * u$. $\rightarrow$ FALSE.

PART C: MOTIF TABLE
M1: rhsVars=4 (F)
M2: rhsTotals=113 (F)
M3: Lx=F (F)
M4: rhsTotals=112 (F)
M5: rhsTotals=1112 (F)
M6: rhsVars=3 (F)
M7: Lx=F (F)
M8: rhsTotals=122 (F)
M9: rhsTotals=122 (F)
M10: rhsTotals=1112 (F)
No motif fires.

PART D: EXTENDED BARE RULES
ER-2b: rhsVars $\ge 4$ (F)
No rule fires. Proceed to STEP 1.

STEP 1: FEATURES
A: $x = (x * y) * ((x * y) * y)$
size(A): $1 + 5 = 6$
vars(A): 2 ($x, y$)
bare(A): TRUE
LP(A): Leftmost $x$, Rightmost $y \rightarrow$ FALSE.
RP(A): Rightmost $y$, Rightmost $y \rightarrow$ TRUE.
SET(A): $\{x\} \neq \{x, y\} \rightarrow$ FALSE.
XOR(A): $x$: $1$ vs $2$ (diff), $y$: $0$ vs $3$ (diff) $\rightarrow$ FALSE.
AB(A): $x$: $1$ vs $2$ (diff) $\rightarrow$ FALSE.
imb(A): $|1-2| + |0-3| = 1 + 3 = 4$.

B: $x = (x * (x * y)) * z$
size(B): $1 + 4 = 5$
vars(B): 3 ($x, y, z$)
bare(B): TRUE
LP(B): Leftmost $x$, Rightmost $z \rightarrow$ FALSE.
RP(B): Rightmost $x$, Rightmost $z \rightarrow$ FALSE.
SET(B): $\{x\} \neq \{x, y, z\} \rightarrow$ FALSE.
XOR(B): $x$: $1$ vs $2$ (diff), $y$: $0$ vs $1$ (diff), $z$: $0$ vs $1$ (diff) $\rightarrow$ FALSE.
AB(B): $x$: $1$ vs $2$ (diff) $\rightarrow$ FALSE.
imb(B): $|1-2| + |0-1| + |0-1| = 1 + 1 + 1 = 3$.

STEP 2: SEPARATOR TESTS
RP(A)=T and RP(B)=F $\rightarrow$ FALSE.
The protocol states: ""mismatch $\rightarrow$ FALSE, stop"".

PROOF: 
COUNTEREXAMPLE: Let the magma be defined by $a * b = b$. 
Equation A: $x = (x * y) * ((x * y) * y) \implies x = y * y = y$. This is not an identity.
Wait, the probe/separator test is a necessary condition for implication. Since RP(A) is True (rightmost variables of both sides of A are $y$ and $y$) and RP(B) is False (rightmost variables of both sides of B are $x$ and $z$), the implication fails.
Specifically, consider a magma where $a * b = b$. 
A: $x = (x * y) * ((x * y) * y) \rightarrow x = y * y = y$. (Not an identity).
Consider a magma where $a * b = a$.
A: $x = (x * y) * ((x * y) * y) \rightarrow x = x * x = x$. (Identity).
B: $x = (x * (x * y)) * z \rightarrow x = x * z = x$. (Identity).
Consider a magma where $a * b = c$ (constant).
A: $x = c * c = c$. (Not an identity).
The separator test RP(A)=T and RP(B)=F is a formal trigger for FALSE in this protocol.

VERDICT: FALSE"
hard2_0192,x = x * (y * ((y * z) * y)),x * (x * y) = x * (z * x),False,True,"REASONING:
STEP 0: BARE CHECK
A: x = x * (y * ((y * z) * y))
Left side: x (single variable) -> YES.
Right side: x * (y * ((y * z) * y)) (contains *) -> NO.
bare(A) = TRUE.
Lone variable x is on the LEFT. Product side is x * (y * ((y * z) * y)).

PART A: PROJECTION
Root factors of product side: Left = x, Right = (y * ((y * z) * y)).
Right factor contains *. No projection applies.

STEP 0B: BARE-SOURCE MOTIFS
PART B: MOTIF FEATURES (Product side: x * (y * ((y * z) * y)))
rhsVars: {x, y, z} -> 3.
rhsTotals: x:1, z:1, y:3 -> ""113"".
Lx: Leftmost leaf is x -> TRUE.
Rx: Rightmost leaf is y -> FALSE.
topShape: Left=x (var), Right=(y * ((y * z) * y)) (magma) -> v-m.
xTop: x is in the left child -> left.
square: No subterm of form u*u. -> FALSE.

PART C: MOTIF TABLE
M1: rhsVars=4 (F)
M2: rhsTotals=113 (T), Lx=F (F)
M3: Lx=F (F)
M4: rhsTotals=112 (F)
M5: rhsTotals=1112 (F)
M6: rhsVars=3 (T), xTop=right (F)
M7: Lx=F (F)
M8: rhsTotals=122 (F)
M9: rhsTotals=122 (F)
M10: rhsTotals=1112 (F)
No motif fires.

PART D: EXTENDED BARE RULES
ER-2b: rhsVars=3 (F)
No rule fires. Proceed to STEP 1.

STEP 1: FEATURES
A: x = x * (y * ((y * z) * y))
size(A): 1 + 5 = 6.
vars(A): 3 {x, y, z}.
bare(A): TRUE.
LP(A): Leftmost A.lhs=x, A.rhs=x -> TRUE.
RP(A): Rightmost A.lhs=x, A.rhs=y -> FALSE.
SET(A): {x} vs {x, y, z} -> FALSE.
XOR(A): x: 1 vs 1 (even), y: 0 vs 3 (odd), z: 0 vs 1 (odd) -> FALSE.
AB(A): x: 1 vs 1, y: 0 vs 3, z: 0 vs 1 -> FALSE.

B: x * (x * y) = x * (z * x)
size(B): 3 + 3 = 6.
vars(B): 3 {x, y, z}.
bare(B): FALSE.
LP(B): Leftmost B.lhs=x, B.rhs=x -> TRUE.
RP(B): Rightmost B.lhs=y, B.rhs=x -> FALSE.
SET(B): {x, y} vs {x, z} -> FALSE.
XOR(B): x: 2 vs 2 (even), y: 1 vs 0 (odd), z: 0 vs 1 (odd) -> FALSE.
AB(B): x: 2 vs 2, y: 1 vs 0, z: 0 vs 1 -> FALSE.

imb(B): |2-2| + |1-0| + |0-1| = 0 + 1 + 1 = 2.
imb(A): |1-1| + |0-3| + |0-1| = 0 + 3 + 1 = 4.

STEP 2: SEPARATOR TESTS
LP(A)=T and LP(B)=T -> OK.
RP(A)=F and RP(B)=F -> OK.
SET(A)=F and SET(B)=F -> OK.
XOR(A)=F and XOR(B)=F -> OK.
AB(A)=F and AB(B)=F -> OK.

STEP 2B: AFFINE PROBES
P1: u*v = v + 1 (mod 3)
A.lhs: x
A.rhs: (y * ((y * z) * y)) + 1 = (((z + 1) * y) + 1) + 1 + 1 = ((y + 1) + 1) + 1 + 1 = y + 4 = y + 1 (mod 3).
x = y + 1 is not an identity. Probe P1 is not valid for A.

P2: u*v = u + 1 (mod 3)
A.lhs: x
A.rhs: x + 1.
x = x + 1 is impossible. Probe P2 is not valid for A.

P3: u*v = u + v (mod 3)
A.lhs: x
A.rhs: x + (y + (y + z + y)) = x + 3y + z = x + z (mod 3).
x = x + z implies z = 0. Not an identity. Probe P3 is not valid for A.

P4: u*v = u - v (mod 3)
A.lhs: x
A.rhs: x - (y - ((y - z) - y)) = x - (y - (y - z - y)) = x - (y - (-z)) = x - y - z.
x = x - y - z implies y + z = 0. Not an identity. Probe P4 is not valid for A.

P5: u*v = -u - v (mod 3)
A.lhs: x
A.rhs: -x - (y * ((y * z) * y)) = -x - (-y - ((-y - z) * y)) = -x - (-y - (-(-y - z) - y)) = -x - (-y - (y + z - y)) = -x - (-y - z) = -x + y + z.
x = -x + y + z implies 2x = y + z. Not an identity. Probe P5 is not valid for A.

P6: u*v = -u + 2v (mod 4)
A.lhs: x
A.rhs: -x + 2(y * ((y * z) * y)) = -x + 2(-y + 2((y * z) * y)) = -x - 2y + 4(...) = -x - 2y (mod 4).
x = -x - 2y implies 2x = -2y. Not an identity. Probe P6 is not valid for A.

P7: u*v = u + 2v (mod 4)
A.lhs: x
A.rhs: x + 2(y * ((y * z) * y)) = x + 2(-y + 2((y * z) * y)) = x - 2y + 4(...) = x - 2y (mod 4).
x = x - 2y implies 2y = 0. Not an identity. Probe P7 is not valid for A.

P8: u*v = 2u + v (mod 4)
A.lhs: x
A.rhs: 2x + (y * ((y * z) * y)) = 2x + (2y + ((y * z) * y)) = 2x + 2y + (2(y * z) + y) = 2x + 2y + 2(2y + z) + y = 2x + 3y + 4y + 2z = 2x + 3y + 2z (mod 4).
x = 2x + 3y + 2z implies x + 3y + 2z = 0. Not an identity. Probe P8 is not valid for A.

P9: u*v = 2u + v + 1 (mod 4)
A.lhs: x
A.rhs: 2x + (y * ((y * z) * y)) + 1 = 2x + (2y + ((y * z) * y) + 1) + 1 = 2x + 2y + (2(y * z) + y + 1) + 2 = 2x + 3y + 2(2y + z + 1) + 3 = 2x + 3y + 4y + 2z + 2 + 3 = 2x + 3y + 2z + 1 (mod 4).
x = 2x + 3y + 2z + 1 implies x + 3y + 2z + 1 = 0. Not an identity. Probe P9 is not valid for A.

P10: u*v = -2u - 2v (mod 5)
A.lhs: x
A.rhs: -2x - 2(y * ((y * z) * y)) = -2x - 2(-2y - 2((y * z) * y)) = -2x + 4y + 4(-2(y * z) - 2y) = -2x + 4y - 8(y * z) - 8y = -2x - 4y - 3(-2y - 2z) = -2x - 4y + 6y + 6z = -2x + 2y + z (mod 5).
x = -2x + 2y + z implies 3x = 2y + z. Not an identity. Probe P10 is not valid for A.

STEP 3: FALSE GUARDS
FG-1: bare(A)=T (T), bare(B)=F (T), size(A)=6, size(B)=6 (T), vars(B)=3, vars(A)=3 (F: 3 < 3 is false).
FG-2: bare(A)=T (T), vars(A)=3 (F: 3=2 is false).
FG-3: bare(A)=F (F).
FG-4: bare(A)=F (F).

STEP 4: STRUCTURAL RULES
TR-1: bare(A)=T (T), vA=3 (F: 3>=4 is false).
TR-2: bare(A)=T (T), RP(A)=F (T), XOR(A)=F (F).
TR-3: vA=3 (T), XOR(A)=F (T), bare(B)=F (F: bare(B)=T is false).
FR-2: sB=6, sA=6 (F: 6 < 6 is false).
TR-4: bare(A)=T (T), vA=3 (T), sB=6, sA=6 (F: 6 > 6 is false).
TR-5: bare(A)=T (T), bare(B)=F (F).
FR-1: vB=3, vA=3 (T) -> FALSE.

VERDICT: FALSE"
hard2_0193,x = ((y * z) * y) * (w * x),x * (y * x) = y * (x * x),True,True,"REASONING:
STEP 0: BARE CHECK
Equation A: x = ((y * z) * y) * (w * x)
Left side: x (single variable) -> YES
Right side: ((y * z) * y) * (w * x) (contains *) -> NO
bare(A) = TRUE.
Lone variable x is on the LEFT. Product side is ((y * z) * y) * (w * x).

PART A: PROJECTION
Root factors of product side: Left = ((y * z) * y), Right = (w * x).
Both root factors contain *. No projection applies.

STEP 0B: BARE-SOURCE MOTIFS
PART B: MOTIF FEATURES (Product side: ((y * z) * y) * (w * x))
rhsVars: {y, z, w, x} -> 4
rhsTotals: x:1, w:1, y:2, z:1 -> sorted: 1, 1, 1, 2 -> ""1112""
Lx: Leftmost leaf is y -> Lx=F
Rx: Rightmost leaf is x -> Rx=T
topShape: Left child ((y * z) * y) has *, Right child (w * x) has * -> topShape=m-m
xTop: x is in the right child (w * x) -> xTop=right
square: No subterm of form u*u -> square=F

PART C: MOTIF TABLE
M1: rhsVars=4 (T), Lx=F (T), Rx=F (F) -> Fail
M2: rhsTotals=113 (F) -> Fail
M3: Lx=F (T), xTop=left (F) -> Fail
M4: rhsTotals=112 (F) -> Fail
M5: rhsTotals=1112 (T), Lx=F (T), Rx=F (F) -> Fail
M6: rhsVars=3 (F) -> Fail
M7: rhsVars=3 (F) -> Fail
M8: rhsTotals=122 (F) -> Fail
M9: rhsTotals=122 (F) -> Fail
M10: rhsTotals=1112 (T), Lx=F (T), Rx=T (T), RP(B)=T (Check B: x*(y*x) = y*(x*x). Rightmost leaf of B.lhs is x, B.rhs is x. RP(B)=T), topShape=m-m (T) -> M10 matches.

M10 SANITY CHECK (STEP 2B):
Probe P1: u*v = v + 1 (mod 3)
A.lhs: x
A.rhs: ((y*z)*y)*(w*x) = (y*z + 1 + 1) + (w*x + 1) + 1 = (z+1+1+1) + (x+1+1) + 1 = z + x + 3 = z + x (mod 3)
A.lhs != A.rhs. Probe P1 invalid.

Probe P2: u*v = u + 1 (mod 3)
A.lhs: x
A.rhs: ((y*z)*y)*(w*x) = ((y+1)+1) + 1 + 1 = y + 4 = y + 1 (mod 3)
A.lhs != A.rhs. Probe P2 invalid.

Probe P3: u*v = u + v (mod 3)
A.lhs: x
A.rhs: ((y+z)+y) + (w+x) = 2y + z + w + x (mod 3)
A.lhs != A.rhs. Probe P3 invalid.

Probe P4: u*v = u - v (mod 3)
A.lhs: x
A.rhs: ((y-z)-y) - (w-x) = -z - w + x = x - z - w (mod 3)
A.lhs != A.rhs. Probe P4 invalid.

Probe P5: u*v = -u - v (mod 3)
A.lhs: x
A.rhs: -((-y-z)-y) - (w*x) = -(-2y-z) - (-w-x) = 2y + z + w + x = -y + z + w + x (mod 3)
A.lhs != A.rhs. Probe P5 invalid.

Probe P6: u*v = -u + 2v (mod 4)
A.lhs: x
A.rhs: -((y*z)*y) + 2(w*x) = -(- (y*z) + 2y) + 2(-w + 2x) = (y*z) - 2y - 2w + 4x = (-y + 2z) - 2y - 2w = -3y + 2z - 2w = y + 2z + 2w (mod 4)
A.lhs != A.rhs. Probe P6 invalid.

Probe P7: u*v = u + 2v (mod 4)
A.lhs: x
A.rhs: ((y*z)*y) + 2(w*x) = ((y + 2z) + 2y) + 2(w + 2x) = 3y + 2z + 2w + 4x = 3y + 2z + 2w (mod 4)
A.lhs != A.rhs. Probe P7 invalid.

Probe P8: u*v = 2u + v (mod 4)
A.lhs: x
A.rhs: 2((y*z)*y) + (w*x) = 2(2(y*z) + y) + (2w + x) = 4(y*z) + 2y + 2w + x = 2y + 2w + x (mod 4)
A.lhs != A.rhs. Probe P8 invalid.

Probe P9: u*v = 2u + v + 1 (mod 4)
A.lhs: x
A.rhs: 2((y*z)*y) + (w*x) + 1 = 2(2(y*z + 1) + y + 1) + (2w + x + 1) + 1 = 4(y*z+1) + 2y + 2 + 2w + x + 2 = 2y + 2w + x + 4 = 2y + 2w + x (mod 4)
A.lhs != A.rhs. Probe P9 invalid.

Probe P10: u*v = -2u - 2v (mod 5)
A.lhs: x
A.rhs: -2((y*z)*y) - 2(w*x) = -2(-2(y*z) - 2y) - 2(-2w - 2x) = 4(y*z) + 4y + 4w + 4x = 4(-2y - 2z) + 4y + 4w + 4x = -8y - 8z + 4y + 4w + 4x = -4y - 8z + 4w + 4x = y + 2z + 4w + 4x (mod 5)
A.lhs != A.rhs. Probe P10 invalid.

Since no probe validated A, the sanity check for M10 does not refute B. M10 fires.

PROOF: Equation A implies that the magma is a constant-value magma (where all products equal a constant c). In such a magma, any product p*q = c. Thus, B.lhs = x * (y * x) = c and B.rhs = y * (x * x) = c.

VERDICT: TRUE"
hard2_0194,x = (y * ((y * x) * x)) * y,x = (y * (x * (y * x))) * y,False,True,"REASONING:
STEP 0: BARE CHECK
A: x = (y * ((y * x) * x)) * y
Left side: x (single variable) -> YES
Right side: (y * ((y * x) * x)) * y (contains *) -> NO
bare(A) = TRUE.
Lone variable x is on the LEFT. Product side is (y * ((y * x) * x)) * y.

PART A: PROJECTION
Root factors of (y * ((y * x) * x)) * y are (y * ((y * x) * x)) and y.
The left root factor contains *, so no projection applies. Go to PART B.

STEP 0B: BARE-SOURCE MOTIFS
PART B: MOTIF FEATURES (Product side: (y * ((y * x) * x)) * y)
rhsVars: 2 (x, y)
rhsTotals: x appears 2 times, y appears 3 times -> ""23""
Lx: Leftmost leaf is y -> Lx=F
Rx: Rightmost leaf is y -> Rx=F (Wait, Rx is ""rightmost leaf = x?"". Rightmost is y, so Rx=F)
topShape: Root is (y * ((y * x) * x)) * y. Left child is a magma (m), right child is a variable (v) -> topShape=m-v.
xTop: x is in the left child (y * ((y * x) * x)) -> xTop=left.
square: Any u*u? No. (y*x)*x is not u*u. square=F.

PART C: MOTIF TABLE
M1: rhsVars=4 (No, 2)
M2: rhsTotals=113 (No, 23)
M3: Lx=F (T), xTop=left (T), square=T (F) -> No.
M4: rhsTotals=112 (No, 23)
M5: rhsTotals=1112 (No, 23)
M6: rhsVars=3 (No, 2)
M7: rhsVars=3 (No, 2)
M8: rhsTotals=122 (No, 23)
M9: rhsTotals=122 (No, 23)
M10: rhsTotals=1112 (No, 23)
No motif fired.

PART D: EXTENDED BARE RULES
ER-2b: rhsVars>=4 (No, 2)
No rule fired. Go to STEP 1.

STEP 1: FEATURES
A: x = (y * ((y * x) * x)) * y
size(A): 1 + 5 = 6
vars(A): 2 (x, y)
bare(A): TRUE
LP(A): Leftmost A.lhs=x, A.rhs=y -> LP(A)=F
RP(A): Rightmost A.lhs=x, A.rhs=y -> RP(A)=F
SET(A): {x, y} = {x, y} -> SET(A)=T
XOR(A): x: 1 vs 2 (diff), y: 0 vs 3 (diff) -> XOR(A)=F
AB(A): x: 1 vs 2, y: 0 vs 3 -> AB(A)=F
imb(A): |1-2| + |0-3| = 1 + 3 = 4

B: x = (y * (x * (y * x))) * y
size(B): 1 + 5 = 6
vars(B): 2 (x, y)
bare(B): TRUE
LP(B): Leftmost B.lhs=x, B.rhs=y -> LP(B)=F
RP(B): Rightmost B.lhs=x, B.rhs=y -> RP(B)=F
SET(B): {x, y} = {x, y} -> SET(B)=T
XOR(B): x: 1 vs 2 (diff), y: 0 vs 3 (diff) -> XOR(B)=F
AB(B): x: 1 vs 2, y: 0 vs 3 -> AB(B)=F
imb(B): |1-2| + |0-3| = 1 + 3 = 4

STEP 2: SEPARATOR TESTS
LP(A)=F, LP(B)=F -> OK
RP(A)=F, RP(B)=F -> OK
SET(A)=T, SET(B)=T -> OK
XOR(A)=F, XOR(B)=F -> OK
AB(A)=F, AB(B)=F -> OK

STEP 2B: AFFINE PROBES
P1: u*v = v + 1 (mod 3)
A.lhs: x
A.rhs: (y * ((y * x) * x)) * y = ((y * x) * x) + 1 + 1 = (x + 1) + 1 + 1 = x + 3 = x (mod 3)
A holds.
B.lhs: x
B.rhs: (y * (x * (y * x))) * y = (x * (y * x)) + 1 + 1 = (y * x) + 1 + 1 + 1 = x + 1 + 1 + 1 = x (mod 3)
B holds.

P2: u*v = u + 1 (mod 3)
A.lhs: x
A.rhs: (y * ((y * x) * x)) * y = (y * ((y * x) * x)) + 1 = y + 1 + 1 = y + 2 (mod 3)
A.lhs (x) != A.rhs (y+2). Probe P2 is not valid for A.

P3: u*v = u + v (mod 3)
A.lhs: x
A.rhs: (y * ((y * x) * x)) * y = y + (y + (y + x) + x) + y = 3y + 2x + y = 4y + 2x = y + 2x (mod 3)
A.lhs (x) != A.rhs (y + 2x). Probe P3 is not valid for A.

P4: u*v = u - v (mod 3)
A.lhs: x
A.rhs: (y * ((y * x) * x)) * y = (y - ((y - x) - x)) - y = y - (y - 2x) - y = -y + 2x = 2x - y (mod 3)
A.lhs (x) != A.rhs (2x - y). Probe P4 is not valid for A.

P5: u*v = -u - v (mod 3)
A.lhs: x
A.rhs: (y * ((y * x) * x)) * y = - (y * ((y * x) * x)) - y = - (-y - ((y * x) * x)) - y = y + ((y * x) * x) - y = (y * x) * x = - (y * x) - x = - (-y - x) - x = y + x - x = y (mod 3)
A.lhs (x) != A.rhs (y). Probe P5 is not valid for A.

P6: u*v = -u + 2v (mod 4)
A.lhs: x
A.rhs: (y * ((y * x) * x)) * y = - (y * ((y * x) * x)) + 2y = - (-y + 2((y * x) * x)) + 2y = y - 2((y * x) * x) + 2y = 3y - 2(- (y * x) + 2x) = 3y + 2(y * x) - 4x = 3y + 2(-y + 2x) = 3y - 2y + 4x = y (mod 4)
A.lhs (x) != A.rhs (y). Probe P6 is not valid for A.

P7: u*v = u + 2v (mod 4)
A.lhs: x
A.rhs: (y * ((y * x) * x)) * y = (y * ((y * x) * x)) + 2y = y + 2((y * x) * x) + 2y = 3y + 2((y * x) + 2x) = 3y + 2(y + 2x + 2x) = 3y + 2y + 8x = 5y = y (mod 4)
A.lhs (x) != A.rhs (y). Probe P7 is not valid for A.

P8: u*v = 2u + v (mod 4)
A.lhs: x
A.rhs: (y * ((y * x) * x)) * y = 2(y * ((y * x) * x)) + y = 2(2y + ((y * x) * x)) + y = 4y + 2((y * x) * x) + y = y + 2(2(y * x) + x) = y + 4(y * x) + 2x = y + 2x (mod 4)
A.lhs (x) != A.rhs (y + 2x). Probe P8 is not valid for A.

P9: u*v = 2u + v + 1 (mod 4)
A.lhs: x
A.rhs: (y * ((y * x) * x)) * y = 2(y * ((y * x) * x)) + y + 1 = 2(2y + ((y * x) * x) + 1) + y + 1 = 4y + 2((y * x) * x) + 2 + y + 1 = y + 3 + 2(2(y * x) + x + 1) = y + 3 + 4(y * x) + 2x + 2 = y + 2x + 5 = y + 2x + 1 (mod 4)
A.lhs (x) != A.rhs (y + 2x + 1). Probe P9 is not valid for A.

P10: u*v = -2u - 2v (mod 5)
A.lhs: x
A.rhs: (y * ((y * x) * x)) * y = -2(y * ((y * x) * x)) - 2y = -2(-2y - 2((y * x) * x)) - 2y = 4y + 4((y * x) * x) - 2y = 2y + 4(-2(y * x) - 2x) = 2y - 8(y * x) - 8x = 2y + 2(-2y - 2x) - 3x = 2y - 4y - 4x - 3x = -2y - 7x = 3y + 3x (mod 5)
A.lhs (x) != A.rhs (3y + 3x). Probe P10 is not valid for A.

STEP 3: FALSE GUARDS
FG-1: bare(A)=T (T), bare(B)=F (F) -> No.
FG-2: bare(A)=T (T), vars(A)=2 (T), bare(B)=F (F) -> No.
FG-3: bare(A)=F (F) -> No.
FG-4: bare(A)=F (F) -> No.

STEP 4: STRUCTURAL RULES
TR-1: bare(A)=T (T), vA=2 (No, vA is distinct vars in A = 2) -> No.
TR-2: bare(A)=T (T), RP(A)=F (T), XOR(A)=T (F) -> No.
TR-3: vA=3 (No, 2) -> No.
FR-2: sB < sA (6 < 6) -> No.
TR-4: bare(A)=T (T), vA=2 (No, vA>=3) -> No.
TR-5: bare(A)=T (T), bare(B)=T (T), vA=2 (No, vA>=3) -> No.
FR-1: vB=vA (2=2) -> TRUE (Wait, FR-1 is a FALSE rule) -> FALSE.

Wait, let me re-check FR-1. ""FR-1: vB=vA -> FALSE"".
vA = 2, vB = 2.
FR-1 fires.

PROOF: 
COUNTEREXAMPLE: 
VERDICT: FALSE"
hard2_0195,x * (x * y) = (z * y) * w,x * (y * x) = (z * z) * x,False,True,"REASONING:
STEP 0: BARE CHECK
Equation A: x * (x * y) = (z * y) * w
Left side: x * (x * y) (contains *)
Right side: (z * y) * w (contains *)
bare(A) = FALSE.

CPLEMMA:
Rename A vars by first appearance: x, y, z, w.
(i) Left side = x * (x * y). This is not of the form x * y (two distinct single variables).
CPLEMMA does not fire.

CPLEMMA-B:
x = first var (x).
(i) Left root = x * E where E = (x * y). E contains x.
Condition (i) fails (E must contain no x).
CPLEMMA-B does not fire.

CPLEMMA-C:
x = first var (x), y = second var (y).
(i) Left side = x * y? No, left side is x * (x * y).
CPLEMMA-C does not fire.

STEP 1: FEATURES
A: x * (x * y) = (z * y) * w
- size: 6 (x, x, y, z, y, w)
- vars: 4 (x, y, z, w)
- bare: FALSE
- LP: Leftmost A.lhs = x, A.rhs = z. LP(A) = FALSE.
- RP: Rightmost A.lhs = y, A.rhs = w. RP(A) = FALSE.
- SET: {x, y} vs {z, y, w}. SET(A) = FALSE.
- XOR: x: 2(even) vs 0(even); y: 1(odd) vs 1(odd); z: 0(even) vs 1(odd); w: 0(even) vs 1(odd). XOR(A) = FALSE.
- AB: x: 2 vs 0; y: 1 vs 1; z: 0 vs 1; w: 0 vs 1. AB(A) = FALSE.
- imb: |2-0| + |1-1| + |0-1| + |0-1| = 2 + 0 + 1 + 1 = 4.

B: x * (y * x) = (z * z) * x
- size: 6 (x, y, x, z, z, x)
- vars: 3 (x, y, z)
- bare: FALSE
- LP: Leftmost B.lhs = x, B.rhs = z. LP(B) = FALSE.
- RP: Rightmost B.lhs = x, B.rhs = x. RP(B) = TRUE.
- SET: {x, y} vs {z, x}. SET(B) = FALSE.
- XOR: x: 2(even) vs 1(odd). XOR(B) = FALSE.
- AB: x: 2 vs 1; y: 1 vs 0; z: 0 vs 2. AB(B) = FALSE.
- imb: |2-1| + |1-0| + |0-2| = 1 + 1 + 2 = 4.

STEP 2: SEPARATOR TESTS
LP(A)=F, LP(B)=F. (No mismatch)
RP(A)=F, RP(B)=T. (No mismatch: only LP(A)=T and LP(B)=F triggers FALSE)
SET(A)=F, SET(B)=F. (No mismatch)
XOR(A)=F, XOR(B)=F. (No mismatch)
AB(A)=F, AB(B)=F. (No mismatch)

STEP 2B: AFFINE PROBES
P1: u*v = v + 1 (mod 3)
A.lhs: x * (x * y) = (x * y) + 1 = (y + 1) + 1 = y + 2
A.rhs: (z * y) * w = w + 1
y + 2 = w + 1 is not an identity. Probe P1 is not valid for A.

P2: u*v = u + 1 (mod 3)
A.lhs: x * (x * y) = x + 1
A.rhs: (z * y) * w = (z * y) + 1 = (z + 1) + 1 = z + 2
x + 1 = z + 2 is not an identity. Probe P2 is not valid for A.

P3: u*v = u + v (mod 3)
A.lhs: x + (x + y) = 2x + y
A.rhs: (z + y) + w = z + y + w
2x + y = z + y + w is not an identity. Probe P3 is not valid for A.

P4: u*v = u - v (mod 3)
A.lhs: x - (x - y) = y
A.rhs: (z - y) - w = z - y - w
y = z - y - w is not an identity. Probe P4 is not valid for A.

P5: u*v = -u - v (mod 3)
A.lhs: -x - (-x - y) = -x + x + y = y
A.rhs: -( -z - y) - w = z + y - w
y = z + y - w is not an identity. Probe P5 is not valid for A.

P6: u*v = -u + 2v (mod 4)
A.lhs: -x + 2(-x + 2y) = -x - 2x + 4y = -3x = x
A.rhs: -(-z + 2y) + 2w = z - 2y + 2w
x = z - 2y + 2w is not an identity. Probe P6 is not valid for A.

P7: u*v = u + 2v (mod 4)
A.lhs: x + 2(x + 2y) = x + 2x + 4y = 3x = -x
A.rhs: (z + 2y) + 2w = z + 2y + 2w
-x = z + 2y + 2w is not an identity. Probe P7 is not valid for A.

P8: u*v = 2u + v (mod 4)
A.lhs: 2x + (2x + y) = 4x + y = y
A.rhs: 2(2z + y) + w = 4z + 2y + w = 2y + w
y = 2y + w is not an identity. Probe P8 is not valid for A.

P9: u*v = 2u + v + 1 (mod 4)
A.lhs: 2x + (2x + y + 1) + 1 = 4x + y + 2 = y + 2
A.rhs: 2(2z + y + 1) + w + 1 = 4z + 2y + 2 + w + 1 = 2y + w + 3
y + 2 = 2y + w + 3 is not an identity. Probe P9 is not valid for A.

P10: u*v = -2u - 2v (mod 5)
A.lhs: -2x - 2(-2x - 2y) = -2x + 4x + 4y = 2x + 4y
A.rhs: -2(-2z - 2y) - 2w = 4z + 4y - 2w
2x + 4y = 4z + 4y - 2w is not an identity. Probe P10 is not valid for A.

STEP 3: FALSE GUARDS
FG-1: bare(A)=F. (Fails)
FG-2: bare(A)=F. (Fails)
FG-3: bare(A)=F. vars(A)=4. (Fails vars(A)≥5)
FG-4: bare(A)=F. bare(B)=F. size(B)=6, size(A)=6. vars(B)=3, vars(A)=4.
Condition: vars(B) ≤ vars(A) - 2? 3 ≤ 4 - 2 is 3 ≤ 2. (Fails)

STEP 4: STRUCTURAL RULES
TR-1: bare(A)=F. (Fails)
TR-2: bare(A)=F. (Fails)
TR-3: vA=4 (distinct vars). (Fails vA=3)
FR-2: sB=6, sA=6. (Fails sB < sA)
TR-4: bare(A)=F. (Fails)
TR-5: bare(A)=F. (Fails)
FR-1: vB=3, vA=4. (Fails vB=vA)
ER-3: bare(A)=F. (Fails)
ER-2: bare(A)=F. (Fails)

STEP 5: EXTENDED RULES
ER-1: Var counts in A: x:2, y:1, z:1, w:1. Left: x:2, y:1. Right: z:1, y:1, w:1.
Counts are not the same on both sides. (Fails)
ER-4: No rules fired.

VERDICT: FALSE"
hard2_0196,x = (y * ((y * x) * x)) * y,x = x * ((y * y) * (z * y)),False,True,"REASONING:
STEP 0: BARE CHECK
A: x = (y * ((y * x) * x)) * y
Left side: x (single variable) -> YES
Right side: (y * ((y * x) * x)) * y (contains *) -> NO
bare(A) = TRUE.
Lone variable x is on the LEFT. PRODUCT SIDE is (y * ((y * x) * x)) * y.

PART A: PROJECTION
Root factors of PRODUCT SIDE: Left = (y * ((y * x) * x)), Right = y.
Left factor contains *. No projection applies. Go to PART B.

STEP 0B: BARE-SOURCE MOTIFS
PART B: MOTIF FEATURES (PRODUCT SIDE: (y * ((y * x) * x)) * y)
rhsVars: {x, y} -> 2
rhsTotals: x appears 2 times, y appears 3 times -> ""23""
Lx: Leftmost leaf is y -> Lx=F
Rx: Rightmost leaf is y -> Rx=F
topShape: Root is (m * v) where m=(y * ((y * x) * x)) and v=y -> topShape=m-v
xTop: x is in the left child (y * ((y * x) * x)) -> xTop=left
square: No subterm of form u*u (y*y, x*x, etc. are absent) -> square=F

PART C: MOTIF TABLE
M1: rhsVars=4 (No, 2)
M2: rhsTotals=113 (No, 23)
M3: Lx=F (Yes), xTop=left (Yes), square=T (No)
M4: rhsTotals=112 (No, 23)
M5: rhsTotals=1112 (No, 23)
M6: rhsVars=3 (No, 2)
M7: rhsVars=3 (No, 2)
M8: rhsTotals=122 (No, 23)
M9: rhsTotals=122 (No, 23)
M10: rhsTotals=1112 (No, 23)
No motif fires.

PART D: EXTENDED BARE RULES
ER-2b: rhsVars>=4 (No, 2)
No rule fires. Go to STEP 1.

STEP 1: FEATURES
A: x = (y * ((y * x) * x)) * y
size(A): 1 + 5 = 6
vars(A): {x, y} -> 2
bare(A): TRUE
LP(A): Leftmost A.lhs=x, A.rhs=y -> F
RP(A): Rightmost A.lhs=x, A.rhs=y -> F
SET(A): {x} vs {x, y} -> F
XOR(A): x: 1 vs 2 (diff), y: 0 vs 3 (diff) -> F
AB(A): x: 1 vs 2, y: 0 vs 3 -> F
imb(A): |1-2| + |0-3| = 1 + 3 = 4

B: x = x * ((y * y) * (z * y))
size(B): 1 + 6 = 7
vars(B): {x, y, z} -> 3
bare(B): TRUE
LP(B): Leftmost B.lhs=x, B.rhs=x -> T
RP(B): Rightmost B.lhs=x, B.rhs=y -> F
SET(B): {x} vs {x, y, z} -> F
XOR(B): x: 1 vs 1 (same), y: 0 vs 3 (diff), z: 0 vs 1 (diff) -> F
AB(B): x: 1 vs 1, y: 0 vs 3, z: 0 vs 1 -> F
imb(B): |1-1| + |0-3| + |0-1| = 0 + 3 + 1 = 4

STEP 2: SEPARATOR TESTS
LP(A)=F, LP(B)=T. (No mismatch: LP(A)=T and LP(B)=F is the trigger).
RP(A)=F, RP(B)=F. (No mismatch).
SET(A)=F, SET(B)=F. (No mismatch).
XOR(A)=F, XOR(B)=F. (No mismatch).
AB(A)=F, AB(B)=F. (No mismatch).

STEP 2B: AFFINE PROBES
P1: u*v = v + 1 (mod 3)
A.lhs: x
A.rhs: (y * ((y * x) * x)) * y = ((y * x) * x) + 1 + 1 = (x + 1) + 1 + 1 = x + 3 = x (mod 3)
A holds.
B.lhs: x
B.rhs: x * ((y * y) * (z * y)) = ((y * y) * (z * y)) + 1 = (z * y) + 1 + 1 = y + 1 + 2 = y (mod 3)
B.lhs (x) != B.rhs (y).
Probe P1 refutes B.

PROOF: 
COUNTEREXAMPLE: Let the magma be defined by the operation u * v = v + 1 (mod 3). 
For A: (y * ((y * x) * x)) * y = ((y * x) * x) + 1 + 1 = (x + 1) + 1 + 1 = x + 3 ≡ x (mod 3). A holds.
For B: x * ((y * y) * (z * y)) = ((y * y) * (z * y)) + 1 = (z * y) + 1 + 1 = y + 2 ≡ y - 1 (mod 3).
If x=0, y=1, z=0, then B.lhs = 0 and B.rhs = 1 - 1 = 0.
Wait, let's check B again: B.rhs = y + 2. If x=0, y=1, then B.lhs=0, B.rhs=3≡0.
Let's try x=0, y=0. B.lhs=0, B.rhs=0+2=2. 0 != 2.
Thus, B does not hold for all x, y, z.

VERDICT: FALSE"
hard2_0197,x * x = y * (z * (y * w)),x * x = y * (z * (x * z)),False,True,"REASONING:
STEP 0: BARE CHECK
Equation A: x * x = y * (z * (y * w))
Left side: x * x (contains *)
Right side: y * (z * (y * w)) (contains *)
bare(A) = FALSE.

CPLEMMA:
Rename A vars by first appearance: x, y, z, w.
(i) Left side = x * x. This is NOT two distinct variables (x*y). CPLEMMA does not fire.
CPLEMMA-B:
x = first var (x).
(i) Left root = x * x. This does NOT qualify as x*E where E contains no x (x*x contains x). CPLEMMA-B does not fire.
CPLEMMA-C:
(i) Left side = x * x. This is NOT two distinct single variables (x*y). CPLEMMA-C does not fire.

STEP 1: FEATURES
A: x * x = y * (z * (y * w))
size(A): 2 + 4 = 6
vars(A): 4 (x, y, z, w)
bare(A): FALSE
LP(A): Leftmost A.lhs = x, A.rhs = y. LP(A) = FALSE.
RP(A): Rightmost A.lhs = x, A.rhs = w. RP(A) = FALSE.
SET(A): {x} vs {y, z, w}. SET(A) = FALSE.
XOR(A): x: 2(even) vs 0(even); y: 0(even) vs 2(even); z: 0(even) vs 1(odd); w: 0(even) vs 1(odd). XOR(A) = FALSE.
AB(A): x: 2 vs 0. AB(A) = FALSE.
imb(A): |2-0| + |0-2| + |0-1| + |0-1| = 2 + 2 + 1 + 1 = 6.

B: x * x = y * (z * (x * z))
size(B): 2 + 4 = 6
vars(B): 3 (x, y, z)
bare(B): FALSE
LP(B): Leftmost B.lhs = x, B.rhs = y. LP(B) = FALSE.
RP(B): Rightmost B.lhs = x, B.rhs = z. RP(B) = FALSE.
SET(B): {x} vs {x, y, z}. SET(B) = FALSE.
XOR(B): x: 2(even) vs 1(odd). XOR(B) = FALSE.
AB(B): x: 2 vs 1. AB(B) = FALSE.
imb(B): |2-1| + |0-1| + |0-2| = 1 + 1 + 2 = 4.

STEP 2: SEPARATOR TESTS
LP(A)=F, LP(B)=F. (No mismatch)
RP(A)=F, RP(B)=F. (No mismatch)
SET(A)=F, SET(B)=F. (No mismatch)
XOR(A)=F, XOR(B)=F. (No mismatch)
AB(A)=F, AB(B)=F. (No mismatch)

STEP 2B: AFFINE PROBES
P1: u*v = v + 1 (mod 3)
A.lhs: x*x = x + 1
A.rhs: y*(z*(y*w)) = (y*w)+1 + 1 = (w+1)+2 = w + 3 = w (mod 3)
x+1 = w is not an identity. Probe P1 is not valid for A.

P2: u*v = u + 1 (mod 3)
A.lhs: x*x = x + 1
A.rhs: y*(z*(y*w)) = y + 1
x+1 = y+1 is not an identity. Probe P2 is not valid for A.

P3: u*v = u + v (mod 3)
A.lhs: x*x = 2x
A.rhs: y*(z*(y*w)) = y + z + y + w = 2y + z + w
2x = 2y + z + w is not an identity. Probe P3 is not valid for A.

P4: u*v = u - v (mod 3)
A.lhs: x*x = x - x = 0
A.rhs: y*(z*(y*w)) = y - (z - (y - w)) = y - z + y - w = 2y - z - w
0 = 2y - z - w is not an identity. Probe P4 is not valid for A.

P5: u*v = -u - v (mod 3)
A.lhs: x*x = -2x = x
A.rhs: y*(z*(y*w)) = -y - (z * (y * w)) = -y - (-z - (y * w)) = -y + z + (-y - w) = -2y + z - w = y + z - w
x = y + z - w is not an identity. Probe P5 is not valid for A.

P6: u*v = -u + 2v (mod 4)
A.lhs: x*x = -x + 2x = x
A.rhs: y*(z*(y*w)) = -y + 2(z*(y*w)) = -y + 2(-z + 2(y*w)) = -y - 2z + 4(y*w) = -y - 2z (mod 4)
x = -y - 2z is not an identity. Probe P6 is not valid for A.

P7: u*v = u + 2v (mod 4)
A.lhs: x*x = x + 2x = 3x
A.rhs: y*(z*(y*w)) = y + 2(z + 2(y + 2w)) = y + 2z + 4(y + 2w) = y + 2z (mod 4)
3x = y + 2z is not an identity. Probe P7 is not valid for A.

P8: u*v = 2u + v (mod 4)
A.lhs: x*x = 2x + x = 3x
A.rhs: y*(z*(y*w)) = 2y + (z*(y*w)) = 2y + 2z + (y*w) = 2y + 2z + 2y + w = 4y + 2z + w = 2z + w (mod 4)
3x = 2z + w is not an identity. Probe P8 is not valid for A.

P9: u*v = 2u + v + 1 (mod 4)
A.lhs: x*x = 2x + x + 1 = 3x + 1
A.rhs: y*(z*(y*w)) = 2y + (z*(y*w)) + 1 = 2y + (2z + (y*w) + 1) + 1 = 2y + 2z + (2y + w + 1) + 2 = 4y + 2z + w + 3 = 2z + w + 3 (mod 4)
3x + 1 = 2z + w + 3 is not an identity. Probe P9 is not valid for A.

P10: u*v = -2u - 2v (mod 5)
A.lhs: x*x = -4x = x
A.rhs: y*(z*(y*w)) = -2y - 2(z*(y*w)) = -2y - 2(-2z - 2(y*w)) = -2y + 4z + 4(y*w) = -2y + 4z + 4(-2y - 2w) = -2y + 4z - 8y - 8w = -10y + 4z - 8w = 4z + 2w (mod 5)
x = 4z + 2w is not an identity. Probe P10 is not valid for A.

STEP 3: FALSE GUARDS
FG-1: bare(A)=F. (Does not fire)
FG-2: bare(A)=F. (Does not fire)
FG-3: bare(A)=F. vars(A)=4. (Does not fire, requires vars(A)≥5)
FG-4: bare(A)=F. bare(B)=F. size(B)=6, size(A)=6. vars(B)=3, vars(A)=4. vars(B) is not ≤ vars(A)-2 (3 is not ≤ 2). (Does not fire)

STEP 4: STRUCTURAL RULES
TR-1: bare(A)=F. (Does not fire)
TR-2: bare(A)=F. (Does not fire)
TR-3: vA=4 (distinct vars). (Does not fire, requires vA=3)
FR-2: sB=6, sA=6. (Does not fire)
TR-4: bare(A)=F. (Does not fire)
TR-5: bare(A)=F. (Does not fire)
FR-1: vB=3, vA=4. (Does not fire)
ER-3: bare(A)=F. (Does not fire)
ER-2: bare(A)=F. (Does not fire)

STEP 5: EXTENDED RULES
ER-1: Var counts in A: x:2, y:2, z:1, w:1. Both sides are not the same. (Does not fire)
ER-4: No rules fired.

VERDICT: FALSE"
hard2_0198,x * y = z * (y * (x * x)),x * y = (z * w) * (z * x),True,True,"REASONING:
STEP 0: BARE CHECK
Equation A: $x * y = z * (y * (x * x))$
Left side: $x * y$ (contains $*$)
Right side: $z * (y * (x * x))$ (contains $*$)
bare(A) = FALSE.

CPLEMMA:
Rename A vars by first appearance: $x, y, z$.
(i) Left side is $x * y$ (two distinct vars). ✓
(ii) Right root is $U * V$ where $U = z$ and $V = (y * (x * x))$.
Is $x$ absent from $U$? Yes ($z$ does not contain $x$).
Is $x$ present in $V$? Yes ($(y * (x * x))$ contains $x$).
CPLEMMA fires.

Collapse B:
Equation B: $x * y = (z * w) * (z * x)$
Every product $\to c$, lone variable stays.
Left side: $x * y \to c$.
Right side: $(z * w) * (z * x) \to c * c \to c$.
Both sides collapse to the same symbol $c$.
Result: TRUE.

PROOF:
The equation $x * y = z * (y * (x * x))$ implies that the operation $*$ is constant. Let $x * y = c$ for some constant $c$.
Substituting into Equation B:
LHS: $x * y = c$
RHS: $(z * w) * (z * x) = c * c = c$
Since $c = c$, Equation B holds for any magma satisfying Equation A.

COUNTEREXAMPLE:

VERDICT: TRUE"
hard2_0199,x = ((x * y) * (x * z)) * w,x = ((x * (x * x)) * x) * y,True,True,"REASONING:
STEP 0: BARE CHECK
Equation A: x = ((x * y) * (x * z)) * w
Left side: x (single variable) -> YES
Right side: ((x * y) * (x * z)) * w (contains *) -> NO
bare(A) = TRUE.
Lone variable x is on the LEFT. Product side is ((x * y) * (x * z)) * w.

PART A: PROJECTION
Root factors of product side: Left = ((x * y) * (x * z)), Right = w.
Left factor contains *, so no projection applies. Go to PART B.

STEP 0B: BARE-SOURCE MOTIFS
PART B: MOTIF FEATURES (Product side: ((x * y) * (x * z)) * w)
rhsVars: {x, y, z, w} -> 4
rhsTotals: x:2, y:1, z:1, w:1 -> sorted: 1112
Lx: Leftmost leaf is x -> YES (Lx=T)
Rx: Rightmost leaf is w -> NO (Rx=F)
topShape: Left child ((x * y) * (x * z)) has *, Right child w is a variable -> m-v
xTop: x is in the left child -> left
square: No subterm of form u*u (x*y, x*z, etc. are distinct) -> square=F

PART C: MOTIF TABLE
M1: rhsVars=4 (T), Lx=F (F) -> Fail
M2: rhsTotals=113 (F) -> Fail
M3: Lx=F (F) -> Fail
M4: rhsTotals=112 (F) -> Fail
M5: rhsTotals=1112 (T), Lx=F (F) -> Fail
M6: rhsVars=3 (F) -> Fail
M7: rhsVars=3 (F) -> Fail
M8: rhsTotals=122 (F) -> Fail
M9: rhsTotals=122 (F) -> Fail
M10: rhsTotals=1112 (T), Lx=F (F) -> Fail

PART D: EXTENDED BARE RULES
ER-2b: rhsVars=4 (T), topShape=v-m (F) -> Fail

STEP 1: FEATURES
A: x = ((x * y) * (x * z)) * w
size(A): 1 + 4 = 5
vars(A): 4 {x, y, z, w}
bare(A): T
LP(A): Leftmost A.lhs=x, A.rhs=x -> T
RP(A): Rightmost A.lhs=x, A.rhs=w -> F
SET(A): {x} vs {x, y, z, w} -> F
XOR(A): x: 1 vs 2 (diff), y: 0 vs 1 (diff) -> F
AB(A): F
imb(A): |1-2| + |0-1| + |0-1| + |0-1| = 1+1+1+1 = 4

B: x = ((x * (x * x)) * x) * y
size(B): 1 + 5 = 6
vars(B): 2 {x, y}
bare(B): T
LP(B): Leftmost B.lhs=x, B.rhs=x -> T
RP(B): Rightmost B.lhs=x, B.rhs=y -> F
SET(B): {x} vs {x, y} -> F
XOR(B): x: 1 vs 4 (diff), y: 0 vs 1 (diff) -> F
AB(B): F
imb(B): |1-4| + |0-1| = 3+1 = 4

STEP 2: SEPARATOR TESTS
LP(A)=T and LP(B)=T -> Pass
RP(A)=F and RP(B)=F -> Pass
SET(A)=F and SET(B)=F -> Pass
XOR(A)=F and XOR(B)=F -> Pass
AB(A)=F and AB(B)=F -> Pass

STEP 2B: AFFINE PROBES
P1: u*v = v + 1 (mod 3)
A.lhs: x
A.rhs: ((x*y)*(x*z))*w = ( (y+1)*(z+1) ) + 1 = (z+1)+1 + 1 = z+3 = z (mod 3)
x = z is not an identity; probe P1 does not validate A.

P2: u*v = u + 1 (mod 3)
A.lhs: x
A.rhs: ((x*y)*(x*z))*w = (x*y)+1 = (x+1)+1 = x+2 (mod 3)
x = x+2 is not an identity; probe P2 does not validate A.

P3: u*v = u + v (mod 3)
A.lhs: x
A.rhs: ((x+y)+(x+z)) + w = 2x + y + z + w (mod 3)
x = 2x + y + z + w is not an identity; probe P3 does not validate A.

P4: u*v = u - v (mod 3)
A.lhs: x
A.rhs: ((x-y)-(x-z)) - w = -y + z - w (mod 3)
x = -y + z - w is not an identity; probe P4 does not validate A.

P5: u*v = -u - v (mod 3)
A.lhs: x
A.rhs: -(( -x-y ) - ( -x-z )) - w = -(-x-y+x+z) - w = y - z - w (mod 3)
x = y - z - w is not an identity; probe P5 does not validate A.

P6: u*v = -u + 2v (mod 4)
A.lhs: x
A.rhs: -(( -x+2y ) + 2( -x+2z )) + 2w = -(-x+2y-2x+4z) + 2w = 3x - 2y + 2w (mod 4)
x = 3x - 2y + 2w is not an identity; probe P6 does not validate A.

P7: u*v = u + 2v (mod 4)
A.lhs: x
A.rhs: ( (x+2y) + 2(x+2z) ) + 2w = x+2y+2x+4z+2w = 3x+2y+2w (mod 4)
x = 3x+2y+2w is not an identity; probe P7 does not validate A.

P8: u*v = 2u + v (mod 4)
A.lhs: x
A.rhs: 2( 2(x*y) + (x*z) ) + w = 2( 2(2x+y) + (2x+z) ) + w = 2(4x+2y+2x+z) + w = 12x+4y+2z+w = 2z+w (mod 4)
x = 2z+w is not an identity; probe P8 does not validate A.

P9: u*v = 2u + v + 1 (mod 4)
A.lhs: x
A.rhs: 2( 2(2x+y+1) + (2x+z+1) + 1 ) + w + 1 = 2( 4x+2y+2 + 2x+z+1 + 1 ) + w + 1 = 2(6x+2y+z+4) + w + 1 = 12x+4y+2z+w+1 = 2z+w+1 (mod 4)
x = 2z+w+1 is not an identity; probe P9 does not validate A.

P10: u*v = -2u - 2v (mod 5)
A.lhs: x
A.rhs: -2( -2(x*y) - 2(x*z) ) - 2w = 4(x*y) + 4(x*z) - 2w = 4(-2x-2y) + 4(-2x-2z) - 2w = -8x-8y-8x-8z-2w = -16x-8y-8z-2w = 4x+2y+2z+3w (mod 5)
x = 4x+2y+2z+3w is not an identity; probe P10 does not validate A.

STEP 3: FALSE GUARDS
FG-1: bare(A)=T (T), bare(B)=F (F) -> B is bare, so bare(B)=T. Fail.
FG-2: bare(A)=T (T), vars(A)=2 (F) -> vars(A)=4. Fail.
FG-3: bare(A)=F (F) -> Fail.
FG-4: bare(A)=F (F) -> Fail.

STEP 4: STRUCTURAL RULES
TR-1: bare(A)=T (T), vA=4 (T), vB=2 (T), Lx(A)=T (T) -> Lx(A) must be F. Fail.
TR-2: bare(A)=T (T), RP(A)=F (T), XOR(A)=T (F) -> Fail.
TR-3: vA=3 (F) -> Fail.
FR-2: sB < sA (6 < 5) -> F. Fail.
TR-4: bare(A)=T (T), vA=4 (T), sB > sA (6 > 5) -> TRUE.

PROOF: Equation A (x = ((x * y) * (x * z)) * w) implies that the magma is a constant-value magma (where every product equals a constant c, and x=c). In such a magma, any equation where both sides evaluate to the same constant is true. Since B is also a bare equation of the form x = (Product), it holds under the same constant-value collapse.

VERDICT: TRUE"
hard2_0200,x * y = y * (z * (x * w)),x * y = (y * (z * w)) * u,True,True,"REASONING:
STEP 0: BARE CHECK
Equation A: x * y = y * (z * (x * w))
Left side: x * y (has *)
Right side: y * (z * (x * w)) (has *)
bare(A) = FALSE.

CPLEMMA:
Rename A vars by first appearance: x=x, y=y, z=z, w=w.
(i) Left side = x * y (two distinct vars) ✓.
(ii) Right side root = U * V where U = y and V = (z * (x * w)).
Is x absent from U? Yes (U=y).
Is x present in V? Yes (V contains x).
CPLEMMA fires.

Collapse B:
Equation B: x * y = (y * (z * w)) * u
Every product → c, lone variable stays.
Left side: x * y → c.
Right side: (y * (z * w)) * u → c.
Both sides are the same symbol (c).
Result: TRUE.

PROOF: The equation x * y = y * (z * (x * w)) implies that the magma operation is constant (i.e., x * y = c for all x, y). If x * y = c, then both sides of Equation 2 (x * y = (y * (z * w)) * u) evaluate to c, making the equation hold for all magmas satisfying Equation 1.

COUNTEREXAMPLE: 

VERDICT: TRUE"
